id,customer_id,payment_id,risk_level,recovery_probability,status,assigned_channel,amount,created_at,recovered_at
86a28aac-07ff-4481-8322-edb2d38565b3,efbff522-9823-48c7-9d4c-dbc3e1513756,08f0520b-892a-4480-8fed-10aecd3af2d3,low,0.687,link_opened,email,2715.83,2026-08-20T16:13:51.175565+00:00,
e1abfd71-a970-48a7-96b0-4403db360c82,17f8bfd6-86db-4a3d-b04e-d90b498b960e,3cff49ed-2163-4248-b318-888201d5ceee,medium,0.396,recovered,whatsapp,8151.44,2026-06-24T05:56:51.175565+00:00,2026-06-24T16:56:51.175565+00:00
fd2198b5-6fe8-45cc-a231-12cf7df2875b,af846ea3-adee-41fa-97a7-fac1ac04a25f,1032d5e8-b710-47e8-9c8b-a0fcf0ffbeab,medium,0.641,recovered,sms,881.98,2026-07-26T11:06:51.175565+00:00,2026-07-28T20:06:51.175565+00:00
54ea8e5b-d997-419e-9586-13663341d13c,c23a897c-dcb2-4a13-88b4-946f7d951c97,7d4a0159-0956-4335-ad5e-ecd934b830c2,medium,0.492,recovered,voice_call,1969.95,2026-06-03T09:33:51.175565+00:00,2026-06-06T04:33:51.175565+00:00
2795645d-9323-434a-8cd4-565a76fe6dfd,f320f036-ae03-47ab-b6bf-d18f432070cc,1e93c190-f00f-4e56-ac9e-c9d6db33861d,low,0.791,recovered,email,3486.91,2026-07-27T22:40:51.175565+00:00,2026-07-29T13:40:51.175565+00:00
8ce96c5e-832c-454b-9b24-4bdf91cb7f73,3599ed27-359f-4eb7-b66d-6d77ccb61afa,6e844118-d7f8-4962-92eb-e28233d07d58,medium,0.431,lost,voice_call,3025.66,2026-07-02T04:11:51.175565+00:00,
3dfad29b-8097-4588-a882-d585406a4036,e62cf44d-97e2-472b-90cb-f789da03423b,ea10de4b-e77b-4875-a656-7e7a49687e2f,low,0.898,recovered,sms,1949.69,2026-08-16T19:39:51.175565+00:00,2026-08-18T19:39:51.175565+00:00
4464a883-a155-44d1-a5af-bd028187098f,1c868f4f-fb87-4945-853a-7296fa20e032,7bea8edb-a98a-486b-8202-6c2f0e401606,high,0.15,lost,whatsapp,5906.02,2026-05-29T18:04:51.175565+00:00,
84a083e9-4145-49c8-b760-d2ab96dc876c,d0ffed11-d204-414d-b197-d375bf2232a0,8d11a05c-ca73-412b-941f-77479254e69e,medium,0.49,lost,whatsapp,1063.5,2026-07-02T04:08:51.175565+00:00,
d984505c-6e3e-4936-bce2-de43b7485914,4622cb50-945c-4f96-8f6a-0f6f2351bc02,b8aff81a-7866-4af1-8722-0ddab9bb9a3c,low,0.773,recovered,sms,499.0,2026-05-28T00:11:51.175565+00:00,2026-05-29T10:11:51.175565+00:00
10d2caa9-9b02-4571-9c9f-9c30f9467fab,93fab49d-a243-4c73-9c67-ef089f4f4bf1,45e1c62f-6deb-4f68-a7ff-bbd9a8ba027a,medium,0.364,recovered,whatsapp,1530.2,2026-07-29T10:58:51.175565+00:00,2026-08-01T01:58:51.175565+00:00
72b702da-5892-4319-a91b-1fe674717d81,ca832746-b0be-4de2-a6c9-9d57450e86b4,da489b50-4833-4a3c-b95b-fbae9711e6ea,low,0.794,recovered,whatsapp,499.0,2026-06-14T05:32:51.175565+00:00,2026-06-15T14:32:51.175565+00:00
3697be5e-cc46-473e-976c-2e7c06a30550,95845102-c754-4065-8853-5e6540a3c1a8,5b20beba-8e09-4e96-ad06-85b84a34ec68,medium,0.646,recovered,email,3368.58,2026-07-29T23:21:51.175565+00:00,2026-07-31T08:21:51.175565+00:00
47c4014d-b8db-4642-9ac6-f8ee49455882,2e71de90-4c05-4849-b6c7-254d53eeb8e4,b16dd561-775a-4b31-bb56-d4065a5ffabe,low,0.864,recovered,email,1872.67,2026-06-17T05:17:51.175565+00:00,2026-06-17T12:17:51.175565+00:00
6b3b2933-b4fe-4917-86e2-30bd0f804c9c,5dd5a776-0326-402c-bf7d-2ace3ad789d4,9145233e-7142-4dc3-9700-37f86ec1c200,medium,0.466,recovered,whatsapp,3156.97,2026-06-17T12:54:51.175565+00:00,2026-06-17T16:54:51.175565+00:00
c3b8c3e0-48c4-481d-afd3-a59296d00ecc,eeb193ae-dd04-4d4d-8d2b-331a4d386d3b,0799bbba-bbdf-43cb-b143-66fda461bcf1,low,0.733,recovered,whatsapp,705.33,2026-07-12T10:33:51.175565+00:00,2026-07-14T00:33:51.175565+00:00
48bf3ab7-d47b-4d6a-b26c-fb33d1ac7e12,a952a6ec-a092-47ca-93f1-9bb7bcd2832f,49ff5f3e-b199-4df3-a21d-97a830d64cb9,medium,0.649,recovered,email,1710.94,2026-06-15T10:22:51.175565+00:00,2026-06-16T13:22:51.175565+00:00
cc20101b-c6b8-4abc-878a-c6109da9e743,90ce5d02-7e16-411a-8a32-1466abaebe66,abb419b5-276b-44f4-b1dd-253ccd59209d,medium,0.584,lost,email,2997.5,2026-06-17T00:38:51.175565+00:00,
e871e6df-9b05-4e70-8974-c9a8981e34a9,2bd21fc6-959e-45aa-9040-db6e4b162fd4,3b438516-7a14-4527-b037-217e470a96e7,low,0.801,recovered,whatsapp,2159.89,2026-06-16T12:49:51.175565+00:00,2026-06-17T04:49:51.175565+00:00
434cbedf-691a-4a62-9e21-c9016e6a69d4,201f0b26-b327-452d-980e-4199510302f6,b3b77a3c-e304-403c-92e4-8fe0778f9ce3,low,0.895,recovered,sms,1400.65,2026-06-01T04:32:51.175565+00:00,2026-06-01T10:32:51.175565+00:00
d000aea0-4f00-4a7b-915c-65665db107a5,610b5657-e5ee-4b5d-b665-1f35b6c2764e,54d1d5ac-4f9b-443d-8438-8f833b1d1933,low,0.691,lost,whatsapp,994.34,2026-07-05T16:03:51.175565+00:00,
b86aff25-21cb-4758-92d4-f29dde2d46e8,3bd1f4de-d0b0-4d80-ad24-5c386154df7b,4391d509-c4df-4337-a1eb-a968edc98c4a,low,0.716,recovered,whatsapp,2627.83,2026-07-13T02:16:51.175565+00:00,2026-07-15T22:16:51.175565+00:00
562a9a4a-fb33-4ba5-8f58-a6e93b093870,10b9e437-38e0-490d-b369-2ad20a812dc0,08879e42-fc23-4609-bf4b-644e9e896c52,low,0.728,recovered,email,5168.59,2026-08-08T02:30:51.175565+00:00,2026-08-09T02:30:51.175565+00:00
c0570e5b-b65c-49f0-99c2-3d7c5a03094e,d8958cd1-3a6c-4cb3-b1ae-08522ba9b348,93b3fcb3-f548-4e72-a77c-a1e1f0af8053,medium,0.537,lost,whatsapp,1490.4,2026-08-04T04:36:51.175565+00:00,
34466846-51ae-4692-becc-bc5391e38bbd,3a4fd6a6-2053-4bda-8ed1-c08e96f12de2,b6c3bdfa-1696-4718-8c90-8508bdbc6da6,low,0.741,recovered,email,3210.56,2026-07-31T02:22:51.175565+00:00,2026-08-01T09:22:51.175565+00:00
482d8d00-3a1c-4552-9224-0251b2d15f1d,33b43e5b-47dd-4b77-9f98-5e253ca1edb7,a4f48ef2-c1b8-4ee0-9031-8714bf131bc1,medium,0.551,lost,email,13505.3,2026-06-01T19:00:51.175565+00:00,
4fce3777-b4e3-4478-9fc6-073696c6a72d,0df3bf34-b99e-4924-b45c-3513261f11ca,56dfaa35-c0dd-4361-a5d4-6e64ee43ae09,low,0.834,recovered,whatsapp,2197.98,2026-06-11T08:36:51.175565+00:00,2026-06-13T03:36:51.175565+00:00
a3e96d84-b2a5-415f-8038-ae9560860bef,eec2f15a-dfa7-4e55-b295-a4ebc457d3c6,2cea5e76-8998-42e9-9537-9b9979b3c398,low,0.769,recovered,whatsapp,586.17,2026-08-01T12:31:51.175565+00:00,2026-08-02T16:31:51.175565+00:00
3b5aad5a-981d-4cc2-b85e-5d2173f96fd8,40bf900c-805c-4f81-b51a-164fb4b07db4,53ab3397-96cf-4652-a60b-8f7606a50218,low,0.781,recovered,email,2706.07,2026-07-24T04:45:51.175565+00:00,2026-07-26T11:45:51.175565+00:00
e442a82c-dbb6-46f3-8aca-728ce9c386d7,58ccddea-9cd0-4bdf-89b4-a1f80c9801cd,52dc1edd-10d2-4b91-a8bc-1b07a8d5c9c1,low,0.851,recovered,voice_call,1401.25,2026-08-06T07:59:51.175565+00:00,2026-08-07T01:59:51.175565+00:00
7403b6f1-f5be-40a4-b057-4d2de3ec3710,057f826b-c0e3-4c34-9cb0-c39a4be3ddf2,0af23a51-899f-4c27-8c41-4991e72661fa,low,0.709,lost,whatsapp,3646.59,2026-06-10T03:11:51.175565+00:00,
554a6411-4a31-467a-a917-870c9ed4fcc7,4b092d01-1796-4db0-98de-424633b0fd1d,d825c63f-a07e-40db-9329-2cb45957fd36,medium,0.472,recovered,email,3279.85,2026-06-01T07:55:51.175565+00:00,2026-06-02T02:55:51.175565+00:00
17d73569-1a41-4ee8-8d26-b5937b75991e,103757c1-08fa-42ac-a2bd-e9d18736fbe3,2879454e-b478-4212-963b-7f6a59d3a069,medium,0.477,lost,email,4931.16,2026-07-22T21:44:51.175565+00:00,
b611fda7-683c-4f14-a774-7e48259036f0,48f36021-488e-4632-b349-82944452e0da,a1a7e0fd-7d09-4fab-91c7-9397613743ef,medium,0.429,recovered,email,2754.1,2026-08-09T05:45:51.175565+00:00,2026-08-11T06:45:51.175565+00:00
527c3e36-06fe-41bd-b17c-b7ce6d5db89d,88818099-d3a8-4b3b-92c0-a3932941d53c,cab39d67-4a0e-41fd-91fd-0e901d7a1108,low,0.7,lost,whatsapp,1415.29,2026-06-25T04:35:51.175565+00:00,
2264068a-e16f-4bd3-9bcd-2a76b89d8985,d46497dc-853d-4fb1-8257-e5975ba17fff,9d97ad12-ef4d-4395-96b1-6aad2257f818,medium,0.512,recovered,email,1160.75,2026-07-03T05:22:51.175565+00:00,2026-07-04T01:22:51.175565+00:00
b5b7823d-d3e1-41ce-b674-0f396a3a93a4,769e5607-94a1-4357-a703-abe2fa0fcbb5,d878650d-0113-436f-8fe8-aa7c98f75536,low,0.743,recovered,whatsapp,1297.09,2026-06-24T16:22:51.175565+00:00,2026-06-26T17:22:51.175565+00:00
b7525531-5443-4a98-a236-768e1095d536,3a4a480c-8f94-4637-a062-4b5ac79c188a,d351f16a-731d-4728-a4ef-704ce07e9ef7,low,0.895,recovered,sms,2082.82,2026-06-08T12:49:51.175565+00:00,2026-06-10T06:49:51.175565+00:00
9f2a7eda-24bb-430b-aff1-d585ce53dfa6,843ab3cd-5f8f-47e7-96ec-d08ec049e20f,76048d62-c01e-43ad-942b-0f0b68f2af0b,medium,0.53,recovered,whatsapp,6251.44,2026-05-25T05:26:51.175565+00:00,2026-05-25T15:26:51.175565+00:00
af3d9b9f-c32f-4f11-bbea-d8c9b3387c41,e4982da0-def5-41e6-b420-1bedd86d2531,d08f5621-21a1-4d48-8e53-6dade10cd927,medium,0.618,recovered,whatsapp,5495.39,2026-08-08T20:52:51.175565+00:00,2026-08-11T04:52:51.175565+00:00
52b53038-5bbf-4862-9e04-466628ad3908,fe939ab5-3ded-4652-89e3-a97b2c587875,43404fe8-9a64-4c2d-b38a-2b3683026d60,low,0.821,recovered,email,1229.67,2026-06-24T23:20:51.175565+00:00,2026-06-25T13:20:51.175565+00:00
55da484d-e76b-4af6-9768-b2a66ec5e6df,78c7a0a8-359f-4f98-9ed3-cab2f242ec1a,707ac141-1cd0-4166-8628-c3b585b9c4e4,low,0.772,recovered,voice_call,866.03,2026-08-17T10:32:51.175565+00:00,2026-08-18T10:32:51.175565+00:00
424e4693-7467-42ce-b0cc-8543cb97dea1,b62b387d-aeae-4c30-813e-ae7ee5b46a22,28e50557-7fd3-4285-be12-12eec9c23223,low,0.721,recovered,email,1388.52,2026-08-02T09:36:51.175565+00:00,2026-08-03T22:36:51.175565+00:00
657863aa-52e7-4695-a3d8-412fa67ccd08,fcc70dcb-7caf-4ea2-b753-6a4f4683c104,f962e7a3-28dd-4e8f-bcbf-65cd5a61c502,low,0.74,lost,email,1724.65,2026-06-07T22:03:51.175565+00:00,
acd73ae7-3cf1-4b95-921e-2938172cf561,f3aeff41-9fed-4fde-9ebb-d6cec60cc720,70765059-079c-487a-a530-b98b3dc4a491,low,0.741,lost,whatsapp,2110.18,2026-08-18T17:37:51.175565+00:00,
0946bac5-a3ad-4825-9869-ae6fb4e2109e,09a2bff3-eba3-4122-833b-4c7a132aa866,01553f28-0956-4845-afbb-eaf9f4c4c995,low,0.788,contacted,sms,1882.39,2026-08-22T23:25:51.175565+00:00,
b31e3ca7-6558-43e3-9dff-41f7fd380e8f,a461be64-556a-4b37-9192-c86eeebd743b,0017ab90-cadf-4fff-87d4-0b78ce1166a4,low,0.762,recovered,email,3523.62,2026-06-20T11:21:51.175565+00:00,2026-06-21T14:21:51.175565+00:00
36dcd09b-8b14-4fca-bace-9acbeb396f6d,36ef2b33-b85e-4942-9581-50b875a00ecc,1c9b27d5-bfe9-455d-8b8d-2547599690c7,medium,0.487,recovered,whatsapp,1429.29,2026-07-03T15:50:51.175565+00:00,2026-07-05T10:50:51.175565+00:00
89648da6-d6be-4d4d-8541-9804b1d32edc,44a3a311-90bd-4fba-9dc0-140a3a2174da,5434ef29-5288-4c59-9d5e-91611539116d,low,0.705,recovered,whatsapp,7302.44,2026-08-18T02:14:51.175565+00:00,2026-08-18T16:14:51.175565+00:00
c0afe2e6-59f1-45a3-b640-f6963b6e81b7,f57c5a0f-0004-48f0-baf6-27f024a0e4c9,f0467b6d-cd0f-4ffc-abf3-099410414245,low,0.826,recovered,whatsapp,2348.59,2026-08-05T16:02:51.175565+00:00,2026-08-07T17:02:51.175565+00:00
4323d3c8-0b8f-44dc-abb0-49f11cd533ad,536dc763-5eeb-418a-b235-e739004a2d79,7e02ec7b-67a9-4f0d-af3a-1873c3f658d2,medium,0.557,recovered,whatsapp,499.0,2026-08-15T04:17:51.175565+00:00,2026-08-16T04:17:51.175565+00:00
dc0bbe25-faf7-4592-9283-b883aa324d3e,5d68270d-b5b3-4a5f-bcbe-8ea088a39340,d56317e7-a279-4629-a892-2d8f5ec6901a,low,0.775,recovered,voice_call,1072.23,2026-08-03T10:49:51.175565+00:00,2026-08-06T06:49:51.175565+00:00
c9358400-b0fb-4924-9fed-aa554cde9f63,36249b2a-6a3e-4eca-a084-9917995feb10,2f74c5e6-5089-4bd0-95b5-fe9b102a2a6c,low,0.815,recovered,sms,4131.87,2026-07-10T01:48:51.175565+00:00,2026-07-11T09:48:51.175565+00:00
15789293-8e8a-4844-abc6-738437469093,63e94169-a7e9-4e4d-afce-31a86e633578,96008ee4-69bf-442a-a301-a1363d1d15d5,medium,0.522,lost,whatsapp,1841.04,2026-06-10T00:11:51.175565+00:00,
f152a59c-7ae9-4d6e-8682-8a878bdd0983,0a9ffb17-e4ab-492e-a096-b40fc27c437c,55ae81f5-5a7e-47a3-a31c-abc6c8345ef6,low,0.813,recovered,whatsapp,905.08,2026-08-13T07:11:51.175565+00:00,2026-08-15T09:11:51.175565+00:00
002ad51c-b310-4b9f-90f9-bd62324cc70b,b81d2542-fb7b-4c37-8fe4-5a6eb847d074,bb0da58f-ef00-4b8d-9925-ce18e30e7776,low,0.75,recovered,whatsapp,3178.88,2026-05-30T00:55:51.175565+00:00,2026-05-31T19:55:51.175565+00:00
b10c1e28-cd0e-4931-8361-d6c60ebfad9b,5d3b3c99-6b50-4ed1-95c5-f52bc7b84e92,670b2608-8a98-46da-9535-c3a73054d576,medium,0.612,recovered,email,1174.45,2026-07-25T09:32:51.175565+00:00,2026-07-27T10:32:51.175565+00:00
972beacf-f79a-400b-9963-0f8458b6db14,32f311f2-e89c-489a-9594-339fb146536c,bbbe0d8c-40a8-489f-bef8-e6494a3c2998,medium,0.516,lost,email,1393.12,2026-05-30T13:44:51.175565+00:00,
2f10f946-2e59-4ba3-bd78-d3269edf2437,134c711f-f393-4dc1-bae0-d3109117c5c2,2b5694cb-b98a-4e30-9484-7d52a42e6644,medium,0.616,lost,voice_call,23097.29,2026-08-11T19:38:51.175565+00:00,
08940bdf-1341-47f2-8b40-d442bfa145aa,4abe8515-d53b-46f3-ab7e-bb4184d7c1f4,b9408932-cc6a-4286-aa83-bc2e9625b0d1,low,0.86,recovered,sms,1873.27,2026-07-15T04:07:51.175565+00:00,2026-07-15T19:07:51.175565+00:00
d5b7d3ef-43e0-44d2-983e-89f2cd040336,02ffc144-3ccf-4119-9b7e-e35c3b597d47,edc090be-6ab0-4576-bd58-e3eb27bf8528,high,0.093,lost,whatsapp,26061.56,2026-06-14T10:29:51.175565+00:00,
2af0e819-8f10-43da-87b6-0f9dbc13b83d,99881a77-6250-4357-8138-82d0a82c355e,ffaf2249-4d3b-4627-8c4f-df8a512a8387,medium,0.445,recovered,email,536.33,2026-06-10T17:14:51.175565+00:00,2026-06-10T23:14:51.175565+00:00
218e638d-81a8-4f24-8145-48dce7dc9836,6e7ce101-95aa-4096-a6e4-2a785d020d1d,c69abad8-6139-4128-bd36-8cea22d19852,high,0.314,lost,whatsapp,1191.62,2026-06-20T21:53:51.175565+00:00,
7b6999ab-29b5-4e7a-962e-c699aa72d695,e1c1c47f-ff66-492b-8f62-193e000c8e83,87451f79-c5c8-49a1-aae2-ee771747a0d0,low,0.659,recovered,sms,5424.67,2026-07-02T23:47:51.175565+00:00,2026-07-04T15:47:51.175565+00:00
9a318710-7178-492d-b9bc-650e5125d4b1,d83320c5-c776-464f-804d-096938d07059,7c7e495f-284f-4386-ac71-3743ee92dd07,medium,0.609,lost,email,3976.47,2026-08-11T09:00:51.175565+00:00,
b969b2c0-6d08-4d90-8c72-83baed2c1f19,161d17ae-0109-47af-bc13-ebee55f43225,c756cadf-87b0-4266-b543-6c59b833b305,low,0.771,recovered,whatsapp,1422.99,2026-07-02T18:05:51.175565+00:00,2026-07-04T12:05:51.175565+00:00
659a422d-e97d-4305-a1bb-a3130049dcf0,a0ad1831-12f3-4857-8537-8d2f75eda550,a2c3f408-cb3e-4618-b657-7554fbf3f990,medium,0.424,recovered,email,5706.03,2026-06-24T22:56:51.175565+00:00,2026-06-26T18:56:51.175565+00:00
2130ebb2-df9a-4fde-be05-8fa168cfba60,47d1a66f-fa14-4f67-80c3-2c903f83e20e,47c84f6e-399d-4b23-b632-8f9abafdd089,low,0.678,recovered,email,2056.05,2026-06-24T16:17:51.175565+00:00,2026-06-26T22:17:51.175565+00:00
6e3abbf3-84be-461c-ba7c-fe323d28f9b5,32c5a79e-0c8d-4bad-9879-b92af36fdd14,c3ce81bf-3290-4720-af9a-d5729f0aa3b1,high,0.207,lost,email,1269.66,2026-07-21T19:21:51.175565+00:00,
3f4dfcaa-a4e6-45e0-8154-88ab0ef20de8,49ae57f9-a20b-4656-a73b-8fdafc4a8bef,793bf4ec-65cd-4c76-957f-c1074f018fa3,low,0.802,recovered,sms,5574.42,2026-06-22T02:57:51.175565+00:00,2026-06-22T23:57:51.175565+00:00
0e66405b-811a-4a54-b045-4d14f42e01d5,72f03089-7291-4a98-b579-f94277c0127a,b2430197-f625-46ae-9e37-6ec0f304970f,low,0.724,recovered,whatsapp,3475.11,2026-06-07T10:19:51.175565+00:00,2026-06-09T13:19:51.175565+00:00
cb1cb0e0-5f42-4f8b-acb6-1e9ae8f36e04,44d1f0b3-de4b-4f93-92c9-e1f7705ee46a,9768a385-8bb7-4a69-93be-e19a7fe87871,medium,0.613,lost,sms,499.0,2026-07-14T06:21:51.175565+00:00,
308a900e-e92e-4aaf-af12-1f00b6da3ce0,7c356f60-3372-4b2d-b97d-35e0228e1b56,25a24165-a74a-4327-83bb-c0a6c506ec2c,low,0.652,lost,sms,1871.95,2026-06-22T14:44:51.175565+00:00,
5a592172-ab43-4557-b254-b0be96686b0c,cde6212b-e174-4005-87a1-8fb52288972d,2aaf5f78-0e9f-44ad-ba5f-421d22126550,low,0.705,recovered,email,4426.14,2026-07-02T06:58:51.175565+00:00,2026-07-02T11:58:51.175565+00:00
f6da2ff1-235b-450a-8cb1-ae82e738f096,c544f61d-34df-4f25-9538-425c4488c970,db369390-b584-4931-9185-e5e78ef6a4da,medium,0.525,recovered,email,4853.4,2026-06-27T10:16:51.175565+00:00,2026-06-28T10:16:51.175565+00:00
a968c283-a2e6-420f-a525-d36099ddca0c,a0431ae0-c9ff-4c34-b876-2544bc334e27,e75a2261-9591-43cc-aac8-edd5a25693f6,low,0.76,lost,whatsapp,4260.52,2026-07-15T10:27:51.175565+00:00,
a177345e-55e7-462d-abfc-a9a6983c7731,ed83a1d5-f0e1-40ad-8c23-18d0d7582e82,bf312aa7-5193-4596-8606-f414b1e47ce3,low,0.847,recovered,sms,658.61,2026-07-16T19:11:51.175565+00:00,2026-07-17T01:11:51.175565+00:00
6cea7a94-9126-4745-aa56-4deea0fd2208,4cf0f749-46f5-431b-be8d-46ffe7122d59,e58174d0-4027-411c-80cc-0e7fbef085d8,low,0.804,recovered,voice_call,2030.57,2026-07-12T06:21:51.175565+00:00,2026-07-12T15:21:51.175565+00:00
f105bc13-40db-4989-aea3-19ed11dbd84a,c6fe99fc-9f9d-4e46-b5ee-a0f607707f21,04c042a7-eeca-4f31-9711-01e176a9d99b,low,0.734,recovered,whatsapp,1421.4,2026-08-04T12:41:51.175565+00:00,2026-08-06T20:41:51.175565+00:00
ca4c85a6-2fec-47a1-9b0c-0a5e7c16017f,d37457f2-5343-481f-933a-8c6d0a4b8537,bfd10e26-36c4-4e23-82fa-72da31817606,medium,0.502,recovered,email,3107.06,2026-05-27T23:59:51.175565+00:00,2026-05-28T08:59:51.175565+00:00
54497d03-b885-43d7-9413-621069e97eed,313d78e2-b5a4-4b81-b137-c43068ddf25f,5c0b7ed8-0262-466e-a36e-228b8086c621,low,0.706,recovered,email,1287.5,2026-08-17T17:17:51.175565+00:00,2026-08-19T21:17:51.175565+00:00
8c344d6d-f09d-4e26-8981-5716d95f7af5,34723b40-d9c1-4004-bd91-0513b031df25,ecf43f9b-4fac-4d32-b08b-1854b977f9c4,low,0.823,contacted,whatsapp,2630.14,2026-08-20T03:35:51.175565+00:00,
6a9914fa-4a81-4463-8dff-49acf0888900,115dd468-1597-4793-b311-9d35fc9c8024,9762149a-b96d-464e-a98d-2f6d204698a3,medium,0.632,lost,whatsapp,10773.11,2026-07-03T23:13:51.175565+00:00,
ab14b304-da2b-46d6-adad-3dba0f0143f8,734ce9d8-2bcd-4797-aa77-6ac2455700f6,1f475919-43f3-431d-843b-82eca605bf98,low,0.912,recovered,whatsapp,1198.47,2026-07-19T19:02:51.175565+00:00,2026-07-21T02:02:51.175565+00:00
b1f870bf-9d5f-4e7e-86cb-a5ef57218a54,b6b8f2c6-8ae9-474e-9ede-4ffc8184476f,b4181cd6-864c-4aa9-a909-c1fc9adf0595,low,0.708,recovered,email,2082.21,2026-07-21T16:06:51.175565+00:00,2026-07-22T13:06:51.175565+00:00
b62e4712-41a0-46ed-be29-89f4a8fc1703,fe7df60f-7d20-44ee-bab0-c070f16dfbfa,a600004e-d3d2-43b2-967c-cf3c21ce6a4e,medium,0.485,lost,email,2605.29,2026-08-14T23:27:51.175565+00:00,
e2deb14b-6bfd-4bce-ac62-f3e958eef9e1,eb2a6cda-f07d-4b37-a3eb-1a81180b4f85,8794c9f3-d946-4971-a7fb-a853da547101,low,0.802,recovered,email,1455.9,2026-08-15T00:51:51.175565+00:00,2026-08-17T00:51:51.175565+00:00
aa03658d-f28d-459d-94f5-d84491e57bcc,a0410d37-36ef-4007-a287-dc20441a7036,fce193bd-28c1-4ee7-a088-20163a6f88b1,low,0.697,recovered,email,1659.23,2026-07-02T19:04:51.175565+00:00,2026-07-04T20:04:51.175565+00:00
236ad9e1-087e-434d-a8fd-b812807b5bd8,4d6b104b-0a5c-4925-91e0-9de51698d0e0,5bdb147a-98bc-4f57-b426-9a9ce38da9ec,low,0.698,lost,whatsapp,9221.6,2026-06-21T15:03:51.175565+00:00,
51152416-cece-4581-af27-3d4fb49b82e4,3aadb267-ba74-4b41-b77e-0eaa73dd67af,7fc44ed3-362d-4421-a19e-3f49d87bc657,low,0.888,recovered,email,3865.03,2026-08-06T01:22:51.175565+00:00,2026-08-07T07:22:51.175565+00:00
d0d61289-7383-49d9-924e-9dce0533ab05,793c7e5d-14c4-4d28-aff5-f38c0e83b691,c1d94ab3-99b5-4153-804b-6637c00353de,low,0.688,lost,email,1041.73,2026-06-26T16:13:51.175565+00:00,
641950d3-e2b6-46c3-8735-53bf5b7e70cb,27347746-83f6-438d-a1f2-7565f3b7bf20,80e39559-bfa1-45e9-99af-d47e6b8c5b5d,medium,0.476,lost,email,5109.0,2026-07-11T23:07:51.175565+00:00,
0774ae37-0227-4771-8c76-26d69bcc129a,b72bfaee-02e9-4878-80ae-499f83aae620,75ae0ffa-83bc-4062-82f6-80173c22cd3a,medium,0.631,recovered,email,3167.91,2026-08-18T19:48:51.175565+00:00,2026-08-20T19:48:51.175565+00:00
ea082ebb-70e6-4262-a09d-dfe9511f1ca5,23bced58-bcfb-499e-a63d-cd1c826c33ec,94807d4d-f21d-414b-a6b5-e66d9d26dc3a,low,0.832,recovered,sms,972.3,2026-06-13T06:23:51.175565+00:00,2026-06-14T15:23:51.175565+00:00
33fa326c-daa8-450e-a278-c1ef69cd5f54,1069c757-aecf-4ca9-ad64-4139f88e436b,498279c9-e1db-4b91-b863-27bc97c43674,medium,0.483,recovered,whatsapp,2005.93,2026-06-10T23:23:51.175565+00:00,2026-06-13T23:23:51.175565+00:00
50e4df94-bbdd-4134-92dd-e826c2f610f1,12791319-dbe0-4d8d-9ad1-e8e21148eef9,b30ac9c6-c338-45e3-bf25-f90b528613ac,medium,0.592,recovered,email,10143.7,2026-07-22T05:23:51.175565+00:00,2026-07-22T21:23:51.175565+00:00
32decbb8-7ec1-447d-8885-ccf056e0a574,d1e504e3-7c08-4ee9-add7-d03291426d72,97cb3abe-c2bf-4069-bbef-3a39733d47ed,low,0.759,recovered,whatsapp,2178.7,2026-08-10T00:18:51.175565+00:00,2026-08-10T22:18:51.175565+00:00
620640ac-3ebf-4794-a9f7-1ff3b977edd8,b910de50-eacc-4ae8-8a4c-8c3c1087b300,83971362-13c1-4821-83d4-fdb67e1122d5,medium,0.58,recovered,whatsapp,713.92,2026-05-30T20:30:51.175565+00:00,2026-05-31T17:30:51.175565+00:00
b2a6acd7-6f8a-4e0d-a265-be8b0fbd6530,184b797d-0fbf-4e35-abdb-2a34f62962f2,91065953-46d4-4976-bb35-a166d818e0b8,medium,0.391,lost,voice_call,881.35,2026-08-10T01:13:51.175565+00:00,
b10cb986-08de-40c7-b833-954e2b1e00e6,1706aacc-5e38-4f59-b353-91d325fe20b2,f30ce386-ebf9-43e8-825a-8c3a22980d90,high,0.209,lost,whatsapp,18688.62,2026-07-13T04:21:51.175565+00:00,
9a7ffb1e-9115-469c-9685-a5eef336096a,f2e5fccd-3cea-432b-aa1e-d36e88a6b8a2,3661056f-6229-4f46-9dfc-e0f5c8233ba6,low,0.673,lost,email,6064.44,2026-06-17T21:15:51.175565+00:00,
603e7703-94a1-4649-b139-0fb80e5f3b3e,c05a0b1f-3a62-4e49-a221-76c3aec960e4,9367fcf4-a8df-4774-b4b6-812a4d524ed8,low,0.902,recovered,email,5012.37,2026-07-29T22:06:51.175565+00:00,2026-07-30T04:06:51.175565+00:00
20a86fa5-ecd8-450c-ad8c-bb20b89c4c9b,a51d79ac-068c-4c62-a721-6922dc4043eb,32c5851e-b8c3-4376-a96c-ce057d9018f2,medium,0.394,link_opened,whatsapp,2369.87,2026-08-21T10:37:51.175565+00:00,
edbdeb93-cacf-4f8d-b88e-e85bc03de68d,19b65373-81fd-4dec-b89c-f16ce19cff63,b9f8a58b-8b7c-4ea4-b1f2-89162f4636bf,low,0.758,lost,whatsapp,1670.5,2026-06-15T03:58:51.175565+00:00,
42a58f09-0dcf-4e64-a847-4cceb6276c95,5b35d6d3-d415-4ffe-99c1-5677c8ab6031,841aef4a-8c5f-4b44-86d0-bf5df89240b3,low,0.678,recovered,whatsapp,5711.13,2026-08-03T18:17:51.175565+00:00,2026-08-06T07:17:51.175565+00:00
744782b8-b35e-412f-9e7c-c65e412e44ee,9d559b34-17b3-4022-a5da-68be48cc0eca,b0ae7d5b-dbbf-4080-9e25-5ef91e6adb42,medium,0.566,recovered,voice_call,927.75,2026-05-30T07:18:51.175565+00:00,2026-05-30T21:18:51.175565+00:00
0fc9c3c8-00a5-46ae-af2c-3f3d8bd4ce5e,9294af8a-01c7-40ff-8be7-53ca5093c31c,66ad92bf-3b83-4778-8192-a972f42ef341,medium,0.413,recovered,email,1081.77,2026-05-26T22:26:51.175565+00:00,2026-05-28T16:26:51.175565+00:00
47789b2a-f929-4737-b540-1711c369c4e3,ef05165a-89bd-465b-896b-8f717af62ad3,979fd2c0-e60f-4145-93a6-4bcf2ada7842,medium,0.565,lost,email,675.58,2026-07-31T15:03:51.175565+00:00,
e50b89c3-1cc1-40c3-8702-447f2596cc6a,ad4b674b-2395-46f0-ba69-004974c4bb69,34c3d5cd-a42f-4a85-a0fd-115ae430cd74,medium,0.568,lost,email,1081.59,2026-06-22T17:03:51.175565+00:00,
c6dc63c5-c959-4f74-bcd0-83fafc31afa7,1888a3f5-50f6-4d42-a0e2-0289f140077b,52ac8e0b-cb8b-424e-8829-47c0caa33c78,low,0.794,recovered,email,708.01,2026-08-13T22:29:51.175565+00:00,2026-08-14T07:29:51.175565+00:00
7eb4d761-a22c-46fd-8b3c-85ccafaa0621,2d93aef0-ecdd-41de-a5b1-592280a46629,8ea844de-0e8e-4b1e-a2c1-1439b878cc10,low,0.827,recovered,email,3039.82,2026-07-26T12:35:51.175565+00:00,2026-07-27T12:35:51.175565+00:00
129348ff-c9bc-4134-a624-9e1dfbe9b729,3ba0c4cb-ac4d-4553-a6b5-ff45b6bf1bfb,40ea138f-4d34-456f-8272-f8f6dfb6b900,medium,0.517,recovered,email,1444.63,2026-07-20T01:32:51.175565+00:00,2026-07-23T01:32:51.175565+00:00
b903c669-0d39-488c-9a7c-02eeeac5a436,848dcf8e-002e-4fb1-b3ea-5fdcdaeaede7,8385d371-9782-4141-9cf8-ae89db310955,medium,0.579,recovered,whatsapp,2053.71,2026-05-28T17:52:51.175565+00:00,2026-05-31T01:52:51.175565+00:00
5ac51b45-b74d-4ec5-ae37-98f49eb6d960,5d08b441-1a86-4d23-a8c9-25b1826607c6,0db1218c-bbfa-4c1a-a6fb-bbb14cf33b00,high,0.213,lost,whatsapp,1113.41,2026-08-13T05:38:51.175565+00:00,
0a182371-7c6e-4dc7-abb0-a95294bbed74,55a980c7-154a-4799-b9ea-8c53b9545876,15bb7e0d-8f75-449c-bd41-3a9e21ea32c9,low,0.728,recovered,whatsapp,499.0,2026-06-26T08:02:51.175565+00:00,2026-06-26T19:02:51.175565+00:00
aa78d847-0279-4e37-92de-9b12a087ac33,ad89b844-646b-4cab-978e-619c7132693a,3827b108-c399-4896-a46c-85af36d2aeeb,low,0.658,recovered,email,3250.22,2026-07-28T23:01:51.175565+00:00,2026-07-31T16:01:51.175565+00:00
25f4d8f3-ddca-4d11-ae73-20c34b27a106,318a3472-ecb9-42c4-95b2-c1c0563f0e19,c349c08f-fa1b-49ab-b74c-87fe4e8ca3c3,medium,0.552,recovered,sms,513.6,2026-07-16T18:11:51.175565+00:00,2026-07-18T17:11:51.175565+00:00
b0235b61-6837-4526-823c-2c5dce9443b4,c71c2b93-c9e4-40c7-a653-a602022deca7,47d0a2d4-777a-4adc-9fbb-e68ac32924b4,low,0.786,recovered,email,2089.79,2026-07-14T18:26:51.175565+00:00,2026-07-15T09:26:51.175565+00:00
0b298819-8f57-4743-8e0e-f62cc2f7caa6,3ee86e91-e1bb-4d4d-bcee-db43898536aa,de05d672-f37f-48e2-8d78-c21979f382c0,low,0.96,recovered,email,1904.5,2026-06-20T19:33:51.175565+00:00,2026-06-21T09:33:51.175565+00:00
ca0d73e4-ed72-4fe8-b5d3-f9e4f09cdd85,d366c0ad-2ee4-445d-8ca7-c964b328db84,ce483cbd-ec68-45ac-a783-d22405eeebd4,medium,0.516,lost,email,2483.66,2026-05-29T19:56:51.175565+00:00,
5bef721c-dea3-4b62-b28f-ebe02f1a65fb,eb870b6a-5ba1-4221-b5f1-c4c08263034e,1f29316e-3ef6-44c6-bb3a-fab14a6b49d2,medium,0.387,lost,whatsapp,1062.9,2026-08-16T19:58:51.175565+00:00,
3040eb53-d18c-407b-886a-bb6c0a7399aa,7542a1cf-1445-47f1-b74f-6abcbfb78a0b,56c417e6-8f7d-4486-8a2b-653d27401fc5,medium,0.417,recovered,sms,1421.82,2026-05-27T20:19:51.175565+00:00,2026-05-28T18:19:51.175565+00:00
a9c16aef-5e9f-41f0-bbde-b5b0559fed92,66d0e35e-664e-49e8-bb51-02513c866f19,fda346df-ac55-4f53-9e13-3b91c7fcab22,medium,0.578,lost,sms,5547.62,2026-06-21T11:56:51.175565+00:00,
1e74bd7e-f951-4e84-a687-de725ab45810,5f36fce8-36f3-4aaf-bd28-00e7ad82d060,bc4a1a78-9a07-4d7c-8910-bc65ac228b73,high,0.345,lost,whatsapp,1498.46,2026-08-14T22:15:51.175565+00:00,
10944286-533d-40e1-8daa-0de88408d817,1c58bf6c-6d0c-4e66-a8ba-34a29a2fbbb5,80a8c569-1893-4b88-9ce7-7b6594058a17,medium,0.504,lost,email,841.39,2026-07-28T01:38:51.175565+00:00,
efa0045f-f307-41d0-a691-c070ac3613c8,0538ecbe-b399-45cc-bc93-2f11f6986aed,d6cb34c8-9119-4830-93c8-e30c06b28af2,low,0.727,recovered,sms,547.33,2026-07-21T09:18:51.175565+00:00,2026-07-21T20:18:51.175565+00:00
4bca0a94-f7e5-4e60-97b5-c4532187726e,4dee362e-7617-4daa-a1c1-56b43607cf5a,aa8de41c-d374-41a9-a7cb-7b7d0f8f8bca,medium,0.474,recovered,email,784.66,2026-08-14T14:49:51.175565+00:00,2026-08-15T00:49:51.175565+00:00
e9e51258-25b7-46c1-8519-681c62ff96c3,0a039125-2d33-4ad7-a43e-95953dec316a,209f3da9-1f1b-4c34-a51b-549879ef80d7,low,0.657,recovered,whatsapp,2859.93,2026-07-15T05:14:51.175565+00:00,2026-07-18T04:14:51.175565+00:00
8efe1757-766e-439f-80a2-1aa988aaaba2,a243cf38-37f9-41f9-a6b3-67c91c57f797,f11a5388-1630-466b-bd77-856841fff1a7,low,0.865,recovered,whatsapp,1650.17,2026-08-16T18:29:51.175565+00:00,2026-08-18T14:29:51.175565+00:00
81ac35a5-2d1b-4f40-939a-aa34a7af09e3,2cc0f77b-f341-4d20-96cf-b59fbdf20f87,c8920ca7-8409-46d8-997e-a573face3991,high,0.284,contacted,voice_call,2647.08,2026-08-19T21:29:51.175565+00:00,
759224b3-9dfa-4d53-b95f-5700ee69b3b9,6673181b-3c14-4c25-9953-2c6c9a0667a9,dd434310-2f69-4038-b30f-3ea65f49e3e4,low,0.878,recovered,sms,499.0,2026-06-20T00:21:51.175565+00:00,2026-06-21T13:21:51.175565+00:00
c16cca6b-9e42-4c8d-928b-ec3f8f2f5536,7d8294b6-93ce-40a8-a06f-0ee7308c21ae,043c2069-e5ac-4ce7-89ce-a0b6e1dc51a4,medium,0.386,recovered,whatsapp,5957.98,2026-06-18T22:58:51.175565+00:00,2026-06-21T11:58:51.175565+00:00
7506f32f-2720-4e24-aab3-88221f5cc81c,26daf1a3-04e3-47c6-ac82-c9a65813386f,2705d94f-093b-4f33-b770-a996a69c1f04,low,0.666,recovered,whatsapp,977.57,2026-05-30T13:30:51.175565+00:00,2026-05-30T23:30:51.175565+00:00
73a68680-844d-40b3-ae6c-7c5a2951c84e,88da7e33-9cf9-44f5-985c-4c2c5951ca58,d00c5a40-35a6-41db-8f58-46aa4d7b4219,medium,0.496,lost,email,1227.29,2026-07-15T15:13:51.175565+00:00,
c42d163b-0964-493a-9247-8f2bbdeaf6ea,92baacb0-4e38-4d8a-9fa4-3f96af9e528a,0a536b0b-5b3d-404c-812b-5dbe3ec97e2b,medium,0.648,lost,email,4520.71,2026-06-20T10:07:51.175565+00:00,
7c6c530c-8748-4343-bc12-505d7da467c6,f79fa337-552a-494b-8909-d30a1f4f2cf8,33c4638e-904b-4163-9b4b-c247a4c8318f,low,0.94,recovered,email,709.44,2026-07-31T16:59:51.175565+00:00,2026-08-02T08:59:51.175565+00:00
e834de32-2343-4468-b859-f41284d71e50,2a2fc6ef-7327-410e-a3d1-51cacd5b5613,a1571b4a-707e-4f78-9259-bad625d783c6,medium,0.442,lost,sms,1192.84,2026-06-08T15:21:51.175565+00:00,
bac4d364-0b1c-4461-9f86-e80101c29f17,39883fe5-9d81-4ac2-acbe-9a4a134c1307,4f5d4a94-9cdc-47d8-b1de-cb34beddea70,medium,0.44,recovered,voice_call,670.15,2026-07-01T09:08:51.175565+00:00,2026-07-04T04:08:51.175565+00:00
304c7b5e-9e56-4867-99d9-50b93da226cd,66b27607-226f-4af8-965b-e062fcf726b4,f6a11daa-d9d7-41f6-9f47-1ccc179d4271,medium,0.574,recovered,sms,2125.77,2026-07-12T08:03:51.175565+00:00,2026-07-12T20:03:51.175565+00:00
4d658b35-e0cb-4125-aca5-db1bdc0121e8,730d3807-b77d-459b-9657-dc5a7b332b43,1822d24f-59fd-483f-bb16-b42e7a2fe4d9,medium,0.521,lost,whatsapp,499.0,2026-07-06T11:31:51.175565+00:00,
57553256-0570-4fc8-8949-1f78236b8fab,f1cd29c4-f8ea-48af-970d-907ec9d0e3bd,17d6854b-38b7-42cf-9d72-943a5b4a62b0,low,0.723,lost,email,2041.64,2026-05-27T19:59:51.175565+00:00,
f1d08dd0-939c-4361-8231-595ef3caf65d,482b5ee8-1e9c-4555-a774-07f2b0d29abb,8955a117-f0ef-4856-bac1-2b9725acba67,medium,0.504,recovered,sms,1755.11,2026-08-18T22:30:51.175565+00:00,2026-08-19T15:30:51.175565+00:00
83793fe8-2d95-44f9-ac63-ce39d057732c,1aa8af57-b6fb-47f6-9116-1b1b580c6bc6,fa457895-def4-48ce-993b-8c3ced68edd3,medium,0.635,lost,email,1686.38,2026-08-15T17:39:51.175565+00:00,
3efe29f8-4d45-49e5-898b-ab53fc8c1fda,aaf2ebbf-2d31-49ba-8291-d930e202740b,0cde0d60-7a0d-4ce8-a381-3f5ebf0d9bce,medium,0.407,lost,whatsapp,8672.17,2026-06-24T00:28:51.175565+00:00,
2af1e0c2-224d-426c-a54c-525c11471538,aebaf731-3f98-4d71-832c-2a3998a75b42,2f9bf4a5-0dd7-47fb-8c6a-031e6bf3068b,medium,0.568,lost,email,5143.11,2026-06-06T01:44:51.175565+00:00,
8c8e96e2-c88a-4d6e-a9ba-f74a3399c39a,1e2c05c4-5cfd-4c22-8c5a-90e70958d739,9dd92c2b-938e-4355-aba5-93ecb1707b05,medium,0.544,lost,email,4660.35,2026-08-09T16:14:51.175565+00:00,
33bb9987-7222-43d0-871a-028ab82db69b,4199c767-7e48-45a6-aaa9-0e34f8c07646,f393b600-9dbf-4507-80d2-5237f980a8f8,high,0.154,lost,email,6171.26,2026-06-16T03:07:51.175565+00:00,
a6b88192-8c99-477f-ad3e-bcb3cb33e914,70c8bee6-e579-4fd0-a718-6875563716fa,f583dc43-bed7-4761-a4c2-2cebed9b21a2,medium,0.481,recovered,sms,3773.33,2026-06-15T15:32:51.175565+00:00,2026-06-16T05:32:51.175565+00:00
a7806029-51ac-4c0b-a81c-abdd375baab9,93e3b498-59db-4455-8b44-8958616aad7e,9528d129-904e-4cdc-81ee-de6f77efc526,medium,0.438,recovered,whatsapp,9720.52,2026-06-27T21:52:51.175565+00:00,2026-06-30T07:52:51.175565+00:00
5bd60f7d-26be-4d37-9cff-58aad34e9b21,eff08840-c16e-4dba-900a-bd4830f735ef,60868d60-6ad6-427d-8e95-068e0da7508f,low,0.753,recovered,sms,3643.2,2026-06-08T23:33:51.175565+00:00,2026-06-09T19:33:51.175565+00:00
e8f92a8c-2bc7-4f3e-a127-d29fe9dc38d1,30a2be45-d08b-4937-b10a-d3ec4c629e92,eca8d8ac-ddf1-48ec-9a30-f37fbc119fe7,low,0.799,recovered,sms,4237.74,2026-06-28T07:00:51.175565+00:00,2026-06-30T14:00:51.175565+00:00
5d60a571-0c9a-4a47-b8e2-6c572065017a,a998a575-e20a-4726-86fe-779c1e1bbac2,c3119519-853f-49b5-b674-a27dc0528f48,low,0.783,recovered,whatsapp,2510.14,2026-06-09T12:04:51.175565+00:00,2026-06-11T05:04:51.175565+00:00
1cb6082d-ed5c-4abc-a6d6-d97b184b5190,52b46cd3-9b36-402b-9078-3fa5df8aa9f0,11e98048-b8dd-44ac-be0d-6f1c26814726,medium,0.558,lost,email,5077.4,2026-06-20T17:32:51.175565+00:00,
6a0bb8e7-746c-432d-9cfd-171c7b8ed7f8,43a5bf39-b5d9-41e5-8295-7964564528d5,582a6d2f-243b-4533-85ed-6d73ac925dee,medium,0.366,payment_attempted,whatsapp,3283.92,2026-08-21T16:45:51.175565+00:00,
92e5b385-780e-4444-b2cd-9c106999a732,9ebb978f-18e6-4b3d-b622-8db7f98012bf,9cdd8c1c-2b4b-47b7-9465-2f964ffc6e8f,low,0.681,recovered,voice_call,6809.64,2026-07-19T02:21:51.175565+00:00,2026-07-21T05:21:51.175565+00:00
367c09a6-5b01-4ae5-a38f-b85144f193c6,e6d2486e-2fd6-4a37-b3d4-93ff76a2eb04,50c10609-732f-44b8-a158-12d1ee7116fc,low,0.683,recovered,whatsapp,3226.63,2026-07-16T05:23:51.175565+00:00,2026-07-18T06:23:51.175565+00:00
e89ba8ea-d327-4076-a7e1-6641289d8d66,5d41b745-d96b-45ec-9efa-d15aac808350,7ce694e0-a067-4f3d-b267-3346afbda17a,medium,0.453,recovered,whatsapp,17788.03,2026-07-31T19:51:51.175565+00:00,2026-08-03T07:51:51.175565+00:00
fad2e546-d03a-4175-9014-30bff027d0d4,a39f126a-cfbc-4d75-9ed5-ebef57dea30b,06a32ed1-a0b7-48b5-8f83-d2892943a09c,medium,0.627,lost,whatsapp,5150.57,2026-06-10T09:08:51.175565+00:00,
f6848048-2c03-4707-805b-3d4c912a1db1,59d116b9-7f46-4ede-87a5-3377dd38cd06,ac695cb7-b2a0-4d14-aec8-cf58aa2924c4,high,0.313,lost,whatsapp,2774.49,2026-07-05T12:43:51.175565+00:00,
852b1031-36de-4ee0-bc58-575469394cef,cc34b42a-e3c2-41fa-8f28-ec61d7354047,aaba9d11-e27b-471c-bff6-88707c7fee34,low,0.651,recovered,voice_call,912.58,2026-06-02T12:56:51.175565+00:00,2026-06-04T05:56:51.175565+00:00
7e99d682-6520-4d0b-8d1b-ac7436bde516,01948bb2-3628-452c-9ca8-c333c51b51e5,cb551e75-40d8-4855-a4b8-7ff67bdc6227,medium,0.626,lost,sms,1883.36,2026-06-11T17:15:51.175565+00:00,
13042d70-7353-42f3-bd6b-9fafecd0ef2c,2e449e1b-38b8-4128-8a04-60c8f852bc60,be9f2fd8-f954-4a7f-953d-9aa7ca0cae17,medium,0.611,recovered,sms,499.0,2026-06-19T05:56:51.175565+00:00,2026-06-19T16:56:51.175565+00:00
4ea2564b-613a-43fc-9dbd-bf4c15772307,4f5052e7-2f39-49b7-9bbc-db99a5d1e39c,346bc1b6-29ab-4f1b-8b68-9cd7f3f7acae,medium,0.597,lost,email,2149.46,2026-05-27T06:09:51.175565+00:00,
d5b730ae-f698-44f7-b43f-e82a31a03f0a,9b6a6b7f-92b9-4f26-99f7-712410dca081,10cb2696-e4bd-407e-a0d6-c73e7fc8497b,medium,0.395,recovered,email,575.7,2026-05-28T23:56:51.175565+00:00,2026-05-30T13:56:51.175565+00:00
6560618c-e43c-471b-b2cc-cc37789e3e9e,565c926f-9682-4a9c-a1ee-fddbe7e90d58,8dd486fa-4dd4-447e-957a-f901318957e8,low,0.777,lost,email,3081.3,2026-07-27T05:42:51.175565+00:00,
4886e6ea-defa-4b57-b56c-c182fb1446ef,76c13ed6-6c18-44da-afb9-0b7919b98742,2bed375e-453d-4014-bac6-ae83ad68f371,low,0.742,lost,whatsapp,8651.85,2026-08-02T12:17:51.175565+00:00,
3103353a-de29-4011-a578-a29b09a8a358,819f9029-ba95-41cd-83ea-108586f7cad1,6ded1843-aac4-44a0-98fe-b5e2fd4944c0,medium,0.563,recovered,whatsapp,1599.79,2026-06-10T10:08:51.175565+00:00,2026-06-11T15:08:51.175565+00:00
ff78b1eb-90e0-4e3b-ada5-d07c7cd358f5,14268afa-fd2a-43d1-b367-17fab0130132,3aad38a7-9640-4872-a605-bf19c74297e7,low,0.918,link_opened,email,709.07,2026-08-22T11:07:51.175565+00:00,
7a80dd4f-a66f-4337-8770-b58929b9cafb,91966a04-8c6a-4004-9920-4a92a893136e,5e549719-45d7-48da-89ae-84283aa7b912,low,0.884,recovered,sms,2196.38,2026-06-17T08:25:51.175565+00:00,2026-06-19T22:25:51.175565+00:00
65de6d09-eb95-49d9-a51e-d711a0159bdc,b1ecde4d-62ce-4d1a-b648-a7591bfbab70,56b428a3-5c01-4a59-b2c9-68490446bd8d,low,0.78,recovered,whatsapp,4065.07,2026-06-23T15:02:51.175565+00:00,2026-06-25T19:02:51.175565+00:00
e99fa9b9-65cf-4bf6-a993-5b5609e655f2,36e88205-f4f2-408e-ab8b-179645fb9e84,05ba02ea-9973-4892-9166-9e7994d1ed0f,medium,0.588,recovered,email,3430.44,2026-07-04T11:03:51.175565+00:00,2026-07-05T06:03:51.175565+00:00
218a2663-9efa-42ea-87cf-143b26bdc178,8bd9a075-b1c9-40ed-9adb-2ae8b1514890,eef4201f-cbb4-45ec-8324-21d96073b041,low,0.716,recovered,email,5245.3,2026-08-18T08:16:51.175565+00:00,2026-08-19T16:16:51.175565+00:00
6156aedc-287a-4fa6-8ca6-d40e67ec7f43,3f6ca192-8f59-4702-b797-e510660a463d,9fc57b95-13c9-4e5c-ae15-892aa2b14bf6,low,0.785,recovered,whatsapp,2105.67,2026-07-08T18:46:51.175565+00:00,2026-07-10T03:46:51.175565+00:00
bf1d438f-2ec5-467b-a05b-35163acc57aa,9f200e49-5bfb-4d1e-bc36-b5d4a15eb47f,39ccdb03-c706-4d4b-8816-3ce2f072a75b,high,0.263,lost,email,7204.97,2026-07-15T15:08:51.175565+00:00,
4ba1bbb8-0db6-428b-9c57-cd266015d6ba,b71aecfa-d08d-4f63-9819-09fdbc7c6915,fda5c041-8147-4705-be05-6561c0cb38eb,low,0.884,lost,voice_call,1040.65,2026-06-05T03:58:51.175565+00:00,
d62de58a-f619-4db4-9029-de13567e9068,4a4a19d0-76dd-4703-847b-b88218b9addb,4f3bf925-a883-4c66-8163-addf520f0a5c,low,0.752,lost,email,1475.6,2026-07-07T06:09:51.175565+00:00,
5629afca-2db6-48c4-a5fc-6357350f8fed,18df27fb-6283-4689-bbd8-427213496ad4,f4032bd7-a7a0-46e1-b837-567e8b19a17e,low,0.737,recovered,email,2107.08,2026-06-13T09:27:51.175565+00:00,2026-06-14T11:27:51.175565+00:00
4e4ef9a3-c3fa-4ad2-ab00-da48484585fb,67bf0499-b2d9-46e3-9e58-659a88bc5d63,edf611ca-eeac-44b4-8d8a-17b88a38ddce,low,0.744,recovered,whatsapp,2047.28,2026-06-11T12:19:51.175565+00:00,2026-06-14T04:19:51.175565+00:00
1e9cf6a9-ac36-4a3c-bec3-8d99aa6a531f,a0d1e6f6-7bb7-4ce6-a632-57f4b8367bb0,7f2ec175-cc4f-4192-bd10-18d2be7b7500,medium,0.375,recovered,email,1390.38,2026-08-19T17:42:51.175565+00:00,2026-08-20T22:42:51.175565+00:00
007951ab-e376-43ff-902a-fc85311ac007,2667715d-79bb-40d7-9dfa-052e011faeec,6daf4046-07ed-45e0-ae9d-d71cf455bd12,low,0.702,recovered,sms,2842.66,2026-07-08T08:10:51.175565+00:00,2026-07-09T07:10:51.175565+00:00
a2a8a758-03b7-43cd-bddc-fc8433f7d848,9ad0e2af-6cbd-4762-811e-3cea1a31f707,b71c31c5-9e0b-43fc-88ad-c1a5da574828,medium,0.606,recovered,email,4721.42,2026-08-14T15:56:51.175565+00:00,2026-08-15T20:56:51.175565+00:00
c97686d1-2712-4747-add9-2590203b8da2,fbfebeea-8132-4d4e-bdf7-39e5be3ce492,149f82d4-3fb8-4188-98f2-1ba1b7ad022f,medium,0.606,lost,sms,1257.73,2026-07-15T23:57:51.175565+00:00,
991ae4d1-2b2c-4f76-85ab-dbe86d95c7f2,9b3579b0-41e1-47eb-8450-03e0e20e7159,36e0caee-6cc1-4a0b-adab-213185922941,medium,0.551,recovered,sms,1647.69,2026-07-02T22:17:51.175565+00:00,2026-07-04T08:17:51.175565+00:00
4475606a-7941-4d50-9d92-62e0e5a0f180,3dc34307-d6c1-4aa0-b5e6-52a0fd9661fa,ac4cf586-76c9-4118-9833-7e9539de1e4c,low,0.715,recovered,sms,1260.91,2026-06-22T04:22:51.175565+00:00,2026-06-25T01:22:51.175565+00:00
95487f10-0a07-437c-82e3-0f16b0abaffc,0c67d74a-c94e-4681-85b8-c237477a59ab,de5437be-b5e7-46f4-a1ec-475ea524a831,low,0.732,recovered,whatsapp,2115.03,2026-06-21T05:51:51.175565+00:00,2026-06-22T08:51:51.175565+00:00
91afab97-435d-4f21-8839-71679d8cde97,4b1b2a21-fac9-4b7c-a3ff-00686f38b12b,85519c54-76fd-4dce-95b4-dca59d659d30,medium,0.623,lost,email,3530.01,2026-06-07T14:48:51.175565+00:00,
4a96ae3c-b0e1-4f80-be9c-b312ae62c65b,852ac86b-67ff-4120-8d2d-14b62d49c3b3,c0a4991c-4f73-4597-8af5-9a0f5aba91e0,low,0.808,recovered,sms,1529.84,2026-07-12T11:56:51.175565+00:00,2026-07-14T13:56:51.175565+00:00
07014434-4e45-4298-993f-8b8cbeb1fa30,0504f252-3747-4781-bf39-f3eb7f67a860,ccd3a5c9-9c31-4cd8-ab59-2cac1e14aad7,low,0.656,recovered,whatsapp,1825.63,2026-07-09T03:19:51.175565+00:00,2026-07-10T04:19:51.175565+00:00
e72793bd-9639-40af-a659-4dd8bf91eae5,fc6098ff-a40a-45aa-a62d-eee089e50e34,ebd41fe5-55ca-4105-a85b-453f453356ee,low,0.867,lost,whatsapp,2256.69,2026-07-09T17:37:51.175565+00:00,
0e6eb4eb-c0ce-456e-b45b-911920cf2067,49b87d44-588c-4f73-b94a-f0918d7fcae8,750bdf2b-b244-4ac5-a1d6-5c0da1ec6b48,low,0.777,recovered,email,1551.55,2026-07-09T12:54:51.175565+00:00,2026-07-11T18:54:51.175565+00:00
e9f09b45-ee02-4da2-8937-9d85a57d3e91,108598b7-f262-449e-8437-02125a74f003,26491255-42e1-48c4-96e0-96ae62a8c93a,medium,0.438,recovered,email,3678.01,2026-05-29T03:24:51.175565+00:00,2026-05-30T18:24:51.175565+00:00
4517b271-3f12-4c3e-8ab5-baf51c47847d,c1e53031-d5b0-46d2-ac2d-f4bd6c70799f,f231b6db-247b-4349-a641-36eaf598fa84,low,0.711,recovered,voice_call,700.37,2026-06-19T00:52:51.175565+00:00,2026-06-20T04:52:51.175565+00:00
c34971fc-631b-4bce-8b92-6117d21012a8,23b3e105-7708-4163-aaf5-a30e448d83e1,a20b4a5e-0c64-45c7-a121-7766b60914bb,low,0.76,lost,sms,2459.82,2026-05-30T14:27:51.175565+00:00,
309d5a97-2796-4a56-a13a-329e1215ab2f,1fb7a68c-d17f-4214-a785-0e1cf066e489,4e0ad1bf-9460-4e97-ab71-61f89afe3139,low,0.897,lost,whatsapp,913.43,2026-06-06T08:17:51.175565+00:00,
73b19584-2ded-4eee-b5ff-69e8940d07ea,636fea29-28f0-4c81-8630-b47410ef248e,ccaa3ca1-e04d-42b7-8ed0-287ed0290989,medium,0.561,recovered,email,3469.25,2026-06-20T22:58:51.175565+00:00,2026-06-21T18:58:51.175565+00:00
edad5e6f-e636-4896-80c2-ab70b38cb48b,a1449565-0479-4187-95ee-a074d59e33a3,bf72cc1c-419e-4b65-a05b-03c7692aca96,low,0.722,recovered,email,3543.77,2026-06-24T09:01:51.175565+00:00,2026-06-25T11:01:51.175565+00:00
d502ccdd-cbe5-48b2-b2e5-5a5999c4b9bb,78bfb1c7-b8cd-4db4-84d2-7995cccf4f64,bd7a463c-f819-420a-a726-665f815972fe,low,0.7,recovered,email,4656.61,2026-06-04T02:40:51.175565+00:00,2026-06-04T23:40:51.175565+00:00
b033015f-35fb-40f3-91bf-229237894092,8634a9bb-4c16-4501-bc79-8624e1f00230,8ef92642-7819-4fc6-ba1f-47fa5497e8c8,medium,0.446,lost,whatsapp,2798.2,2026-08-18T03:05:51.175565+00:00,
93a44c49-c7b7-485e-936c-74c01ba1be60,9892fbfa-766c-4591-bda7-ae2be356d6a7,4dc1884f-27af-4f90-bc83-5af08285ae58,high,0.205,recovered,voice_call,5685.08,2026-06-04T15:24:51.175565+00:00,2026-06-05T05:24:51.175565+00:00
a4ff650b-5c7b-47b8-9fa8-0ab80e7896ff,879db55d-7cee-44dc-b641-da3795f3dfa1,324020a0-eb5a-47e7-8146-528db926b752,medium,0.605,recovered,sms,3935.21,2026-08-18T04:13:51.175565+00:00,2026-08-18T18:13:51.175565+00:00
667ef226-51e3-451b-b6ec-dbeb45b52245,54ed1847-6f2e-4c08-8a5d-bd02c1b3ce3c,8e0edbe5-246f-4ecd-a894-3cb06cf5394f,high,0.312,lost,whatsapp,6376.06,2026-08-12T06:45:51.175565+00:00,
ec5f97ee-01fa-4007-8172-736858896fc2,e5964321-6488-4b71-8256-6272efa70f4f,0132a8c6-4377-4393-a6e0-932e1c65068d,high,0.313,lost,whatsapp,1504.94,2026-05-30T23:10:51.175565+00:00,
2d2af0b9-a6e7-4c23-b93b-95582ff44d65,be9014fa-058d-475a-931e-53dcdc731cac,6321cb84-0cc9-4d6a-acf6-fa06324e7941,low,0.707,recovered,whatsapp,669.0,2026-06-20T15:32:51.175565+00:00,2026-06-22T04:32:51.175565+00:00
d19c5119-637d-4d9f-915e-25131639eb3a,764901ba-0884-4884-a045-0bc447d7c1db,9835ba16-7df7-4b56-a3cc-6cb7d1c4b4fe,low,0.789,recovered,whatsapp,3675.4,2026-06-27T17:00:51.175565+00:00,2026-06-30T09:00:51.175565+00:00
b32dbdc1-9142-4719-960e-5868435d1e72,0d12436d-1039-4e35-999e-383d61986b7c,044876fc-7358-4f79-a089-98cb301e0c3e,medium,0.612,lost,whatsapp,3657.79,2026-08-19T06:58:51.175565+00:00,
a66dcc9d-38ef-41e1-b0a2-078b0beef2cf,abdfe4ec-fb7c-46d4-b4db-f7ab3f9d7f74,82a34d72-8247-4137-be21-312b96d1812e,low,0.699,recovered,voice_call,1793.01,2026-08-06T12:42:51.175565+00:00,2026-08-06T18:42:51.175565+00:00
0ef90b91-53cb-4104-ad65-088e2c031699,2fb4eb42-6719-44d3-b57c-089d3bd04fdd,deca1b0c-642a-4915-9332-dead598c3145,low,0.771,recovered,whatsapp,3103.48,2026-08-06T16:45:51.175565+00:00,2026-08-08T00:45:51.175565+00:00
b0fb052a-de9b-4934-8f85-dc0d262f1a9f,9d569199-78be-42d4-aeb4-1f5329179281,cd667e25-2bb4-4a60-8ae0-f620527195b5,low,0.65,lost,whatsapp,1605.88,2026-08-17T17:59:51.175565+00:00,
18516253-0f4a-49eb-a1af-72a09ac696f1,f4817da7-8595-4599-83d0-79423e179c39,8e120c53-68f0-4b21-80c1-0ce9b415dd02,medium,0.409,lost,whatsapp,499.0,2026-06-17T08:11:51.175565+00:00,
c72001e4-0753-4b86-b3f4-d421d913c4b5,c845e775-a9d6-4a4c-8564-a3ddd29339a7,b80d0a74-ef0e-4933-b5f9-f9882a6d9496,medium,0.529,recovered,sms,9104.97,2026-08-10T00:19:51.175565+00:00,2026-08-10T08:19:51.175565+00:00
d5640e34-d58b-4e2b-ab14-0a0e2e9c1ee7,97a0cf14-e934-4818-bc1a-5152868a4f16,6d411ac5-4a2f-4020-b6c3-2df487f29bf7,medium,0.381,lost,whatsapp,5743.95,2026-07-12T10:02:51.175565+00:00,
77b98df8-a84c-4534-87e4-641a06c8c8f6,47d1a66f-fa14-4f67-80c3-2c903f83e20e,cdd8c851-ba3f-431d-a858-b5013ea5180d,high,0.311,payment_attempted,whatsapp,4296.98,2026-08-22T16:13:51.175565+00:00,
dcd37905-dfab-4e72-ad0b-1a5cc57e0163,107e673f-3b0d-4a18-b10c-b268b7282640,c5e71f24-3364-4310-a206-535409aab671,low,0.774,recovered,voice_call,3755.04,2026-08-06T08:06:51.175565+00:00,2026-08-08T02:06:51.175565+00:00
05659a3c-30fc-49c0-8397-59c3c5f4cee3,2dc528f3-6a1c-40a5-a766-9c7c213343a0,2edbf6fb-4754-40de-85e2-d6650a0eca0c,medium,0.444,lost,sms,8819.55,2026-06-15T15:52:51.175565+00:00,
669b281c-4544-4ffa-9e67-8fdf2ae849bb,07fb32f2-e892-438b-a8ef-e2b1a002bb0a,0ddf901f-9773-45e1-b5a5-29c6821749fe,low,0.716,lost,email,3259.33,2026-07-17T19:38:51.175565+00:00,
0c85a75f-68e9-4fc6-93c5-5e037181770e,cd81dea8-28a1-4a9e-854e-d3e3f5de1a29,baad5c33-ef5a-4aa4-9ba6-9e0caa22fac9,low,0.824,recovered,whatsapp,1679.95,2026-07-20T01:52:51.175565+00:00,2026-07-21T04:52:51.175565+00:00
93ebdb48-d026-4b2b-a63f-e58985409afd,2461e05f-9ec8-4f01-b83f-8a2cdd04cd48,5b639bd3-ebe3-4c70-bbaa-a42a00e2d755,low,0.697,lost,email,8820.81,2026-06-03T15:12:51.175565+00:00,
434c286a-e9c7-4e0b-9ea8-a8d00496194d,442be7db-b50e-4e6b-a0ae-93909e9b3417,9fa4d444-05cb-4399-ada7-2ce1b5117c05,medium,0.424,lost,sms,834.73,2026-07-22T20:23:51.175565+00:00,
018a3811-e556-419e-9d93-405c0e784f74,56f934c7-9898-4152-ab1a-04243f7870ba,3301c36a-60b0-4b05-94c3-a846730e16d7,low,0.715,recovered,whatsapp,3660.41,2026-05-27T07:42:51.175565+00:00,2026-05-30T03:42:51.175565+00:00
91bf5993-44f0-48d3-8930-9c604695909e,71ba8c30-933f-4f51-b345-29769d2dccda,fffc8393-2166-4516-86a7-8bcb8e973ec1,medium,0.586,recovered,email,2281.66,2026-07-24T01:12:51.175565+00:00,2026-07-27T00:12:51.175565+00:00
858aa69b-105b-4dd6-8335-12767743f7ac,97229e3c-c535-43db-8d64-2d23356a54ec,2fd9ec62-a9e1-418e-b56e-075eea2e5d52,medium,0.458,recovered,email,2776.58,2026-07-19T08:07:51.175565+00:00,2026-07-22T04:07:51.175565+00:00
d930deb2-6560-4ac0-949a-7ec1d9309742,c010379e-58fc-43f4-a52b-994670e43896,4d736bf7-1242-4d35-90a4-737ebebe6614,low,0.651,recovered,whatsapp,1177.87,2026-07-31T13:53:51.175565+00:00,2026-08-02T11:53:51.175565+00:00
305052de-3011-41bf-81bb-50b123a87759,7cfb75c4-ce8a-4ff3-8d43-12dc908daccb,dbf7346f-c3f9-4f2a-ac8c-eed5ccdeea94,low,0.696,recovered,email,640.84,2026-06-28T15:57:51.175565+00:00,2026-06-28T19:57:51.175565+00:00
dfb59153-dbf2-4393-9b91-826653e50a45,f4455887-3585-425a-b5ab-562c136b8f94,32b5dc05-26e2-4015-86ec-c4d77e4e002b,medium,0.448,recovered,voice_call,1111.84,2026-06-15T15:03:51.175565+00:00,2026-06-17T22:03:51.175565+00:00
1c3788a3-ea6e-47fc-8897-e34af00f2dc0,3e4b5b25-b81f-4a37-b0a8-1381076e5b51,a5eb9113-1944-4536-93c2-f1be2949b260,low,0.918,recovered,whatsapp,773.28,2026-07-29T20:43:51.175565+00:00,2026-07-30T13:43:51.175565+00:00
e6369d96-7611-4c95-81b1-f6a51eac405b,40495596-942c-46b0-977f-5fefbdcde838,9786699c-f34a-4604-b7e2-4ebbdc8f418b,low,0.689,recovered,email,1903.18,2026-05-29T15:46:51.175565+00:00,2026-05-31T00:46:51.175565+00:00
4cf6f9fd-d417-4130-9748-1ac5855db122,f0a4da40-d60a-4152-bdca-a37ce8678d32,87cd682e-b4e7-4946-b00c-60c6bdbf1c40,low,0.812,lost,whatsapp,2577.83,2026-07-14T05:02:51.175565+00:00,
8e3df507-2bc9-426c-85c4-b2dcf52e33e4,8a14be82-10ad-402e-bbad-88b3775406f3,36eb627e-9ef4-4035-b4a0-29fc9951badf,medium,0.423,recovered,whatsapp,4851.18,2026-05-29T13:36:51.175565+00:00,2026-05-31T08:36:51.175565+00:00
a7ddb5a6-d615-4f2b-981a-359e397ade8a,002a0980-0d95-4cfc-b0be-55807e962b18,ffb25bc1-70a9-4819-b37f-34e5f0403dd0,low,0.803,recovered,email,1197.4,2026-05-29T23:01:51.175565+00:00,2026-05-31T08:01:51.175565+00:00
38566ffa-65ab-4b19-9a9a-7b3427d98a63,1200c11e-9904-42e3-b5ac-167b42069cac,5c83fe43-7440-49ab-a024-66d6e8a68518,low,0.762,recovered,email,3220.05,2026-06-21T16:04:51.175565+00:00,2026-06-24T15:04:51.175565+00:00
abf45561-b0af-41c8-89c5-ff7d07cd58dc,9777723d-4ed9-4ac7-838b-ed27ce283026,f6a07c6a-b89b-4cc9-91ff-5e24b6a694ff,low,0.87,recovered,email,665.97,2026-06-28T06:47:51.175565+00:00,2026-07-01T01:47:51.175565+00:00
09ae1c1a-fde3-4d16-92ba-af519ffb6b17,49deaaf9-21f4-439f-94d9-968dc7e44eb2,72c644c9-5fc5-44a5-a066-359ade55440b,medium,0.642,recovered,email,5767.77,2026-06-17T12:13:51.175565+00:00,2026-06-18T02:13:51.175565+00:00
5aee1adc-8108-4d77-a8eb-8bdb8a8549cd,962d19fc-c738-4acd-b22c-4365612f4f89,a0802131-603d-41cc-a637-1c1ab99d0df2,medium,0.643,recovered,sms,3832.89,2026-06-10T16:27:51.175565+00:00,2026-06-11T06:27:51.175565+00:00
c4fa8e20-a47f-48df-a247-88fc906b5baa,4337c66f-66bf-4cd6-8a1e-582319f6f997,c1a674da-7748-4531-b259-23b3e04fcdaa,low,0.766,recovered,email,1466.56,2026-07-30T17:55:51.175565+00:00,2026-08-01T07:55:51.175565+00:00
af7deb1e-d2c6-4598-9889-cf5491a9f4f7,ccd43c42-e785-46c0-8cfb-5a5b3dbb9a14,e14573a2-9d44-4de3-866b-b7aa6c7905fe,low,0.742,recovered,email,4710.81,2026-07-10T10:20:51.175565+00:00,2026-07-12T15:20:51.175565+00:00
7d454fab-a872-4b80-8ff2-c81be72aad8f,028f1d55-f683-48f9-96cb-ff2bb68eb1d0,ceb3a703-0c11-4734-b344-df29586ad699,low,0.719,recovered,sms,3310.08,2026-07-01T16:56:51.175565+00:00,2026-07-04T00:56:51.175565+00:00
bb4c2d9b-1f1c-479b-a14a-1c8952b676cb,cfae4b33-7c45-4f68-9ba1-606d541ab5b0,32f89800-afaa-4093-b290-3912b07d653c,medium,0.378,recovered,sms,3554.15,2026-06-15T01:00:51.175565+00:00,2026-06-16T16:00:51.175565+00:00
d648f7a5-5042-4f70-b5d9-4352692f6d6d,76512712-2f26-4ebe-8cbb-b3b13bbd65f1,572b19ce-55fd-4c93-9810-caddceade143,low,0.681,lost,sms,499.0,2026-07-25T02:34:51.175565+00:00,
17c940b1-ad2e-4215-b950-26621d8f66ae,5c896c67-ffc6-4dc8-8516-b020cb08c527,3a8f83fc-433d-42c0-a221-ac69359d2de6,high,0.243,lost,voice_call,4907.97,2026-07-21T19:08:51.175565+00:00,
6d40ba66-1e4a-4f0c-a788-de23269c3aed,f8317e23-bea3-47bb-9f6d-771b108fa1b1,218e033b-ba56-41c8-863d-6e6ac141ac8d,medium,0.446,lost,email,5865.81,2026-06-23T05:47:51.175565+00:00,
cb08c288-3100-46f0-8740-efcd50aa7697,435dc2f1-a4cd-41f2-9b74-9598823463ab,9f7b42c4-15cc-43b4-8d57-0a53821f27a7,high,0.242,lost,whatsapp,17769.67,2026-06-14T13:57:51.175565+00:00,
8540c3a8-6cb5-41c0-a76e-4fc07a26ee26,a04e0330-521e-4ace-a093-adf02dabed04,9d5afc55-cd27-4fdd-ba05-421e3f5f0c9c,medium,0.577,recovered,email,7673.6,2026-08-09T17:01:51.175565+00:00,2026-08-10T13:01:51.175565+00:00
a0c11376-cbc7-4ea3-a234-dbb310bd9ff8,adb912b6-ecc1-4c01-be3c-7d5e05dc9d17,73f75ef5-9eab-48cc-bd2a-e3f67248c44c,low,0.808,recovered,email,1181.41,2026-07-06T01:04:51.175565+00:00,2026-07-07T20:04:51.175565+00:00
2372909d-74b0-4fc1-be5d-cb986c865c0e,8c87d31c-2383-43fb-8fe3-5c0f69ba7304,a2fba13a-0ff6-460b-bcce-171944883817,low,0.769,recovered,email,1980.91,2026-07-02T00:49:51.175565+00:00,2026-07-03T09:49:51.175565+00:00
9b73476c-10fa-4cc5-81ed-7c9ef68d8c79,9e9c3856-603a-4274-9181-79195400d040,4d8baff5-64df-4e8f-b382-1bd857c4419e,low,0.873,recovered,email,1610.56,2026-07-16T10:18:51.175565+00:00,2026-07-17T05:18:51.175565+00:00
9b7bb1f2-1f0d-49c3-aad1-32e4d573ef9b,7cb5943c-bd68-427f-85f9-89df8b73baf9,50c9137c-3fcc-4d54-a0ad-60ff79f18df5,medium,0.412,lost,email,12050.4,2026-07-29T23:26:51.175565+00:00,
ba02fd46-24dc-4678-a847-7782f0ca1f64,7c6bb3e3-389b-4040-aa63-78ef45803d3d,060cfc1a-bde1-443f-b781-fcea17d5738e,medium,0.429,lost,whatsapp,1732.36,2026-07-04T06:17:51.175565+00:00,
735a112d-5fd3-4ccb-8885-9c6726772568,a5e09721-20df-49a1-bcfe-6890f4fe9e65,6f728417-beea-4576-b083-2c3c2f29c1e5,medium,0.461,lost,whatsapp,3329.3,2026-06-01T11:41:51.175565+00:00,
3e48751a-4eb7-4a7c-9a72-97e95a57fd6b,96dafd97-0131-4019-a1c4-ec0aca7f0333,9fd493cf-fb1d-447a-90e3-18bf4d33cc62,low,0.68,lost,sms,3962.01,2026-08-06T02:37:51.175565+00:00,
9f23d72f-2784-48c7-adaa-c5349bd752bc,2e075bac-3060-420f-9684-819f28e98ebd,fc6d3fb1-6f69-4c21-a283-385d26bf250b,medium,0.547,lost,email,3954.13,2026-06-28T19:10:51.175565+00:00,
efc95526-67b0-4805-9a27-33e93e169946,ffc68618-059c-4b57-af46-f9eb8d235e8a,23f4c0f8-5bcf-44c2-8033-505e6fe5933d,medium,0.362,recovered,whatsapp,3066.45,2026-08-08T11:31:51.175565+00:00,2026-08-08T20:31:51.175565+00:00
f261ee22-9609-4d8d-86c4-243235d69ec2,cd68c9f3-95e0-433a-9b3c-c9dd10c1e417,c4948dec-b275-4947-b0e5-caebd5405492,low,0.945,recovered,email,858.66,2026-08-11T01:08:51.175565+00:00,2026-08-11T19:08:51.175565+00:00
b144a899-91a7-4cbb-9ce6-e854da4e74d6,9514afe5-68a0-4561-96aa-bf9413b28b0f,f8c749fc-947b-474d-8c30-d5b76ce34833,low,0.673,contacted,email,1613.63,2026-08-20T17:14:51.175565+00:00,
450eb372-fceb-435c-96f4-4dd66154fa01,66d695db-74ef-42c4-8e1c-002c0bb18b54,bbd2acf9-2c71-4790-a9b3-8be18fa9053c,medium,0.38,lost,email,13306.32,2026-08-14T10:43:51.175565+00:00,
d7768363-abf3-4d00-847b-a4dc31b7b4be,ae7df251-0d45-43ca-ac79-7ab7e91716a2,3a8a8b6f-2ef2-4aa5-832e-1266fedadd84,medium,0.614,recovered,sms,2760.1,2026-07-26T08:58:51.175565+00:00,2026-07-28T20:58:51.175565+00:00
40ad749d-f48a-4432-bc84-55c94d8e9a8d,65d3fb20-2747-4c43-9a41-da81fcaf2890,5b12d9a2-daf0-4efe-b154-5bd37911932a,low,0.694,recovered,sms,1661.02,2026-07-15T08:43:51.175565+00:00,2026-07-16T21:43:51.175565+00:00
707f1841-f46e-4378-9171-e90243dfd7e6,54ed1847-6f2e-4c08-8a5d-bd02c1b3ce3c,7ce0f49f-7c53-4a75-809f-03259834a03b,low,0.703,recovered,email,1402.63,2026-06-06T09:02:51.175565+00:00,2026-06-09T03:02:51.175565+00:00
60fbfd33-0c93-4b38-b688-6312daa6c6f7,42da08ef-21b1-483f-b619-3bfb1597e8d4,c24bc2ca-b61c-42cb-936c-7f831a063a67,medium,0.521,recovered,whatsapp,4215.11,2026-07-30T14:37:51.175565+00:00,2026-07-31T19:37:51.175565+00:00
9b2e5df8-ad2a-40eb-a8a6-214f795aa37e,107e673f-3b0d-4a18-b10c-b268b7282640,4ac21ea8-5485-4307-89d2-e68bd82c32a2,low,0.87,recovered,email,2414.25,2026-08-13T02:22:51.175565+00:00,2026-08-14T16:22:51.175565+00:00
7b2556f0-fb82-401c-b0d2-93f405ad100a,593ec5f9-dc6b-4a34-80c3-8ce563683bd8,5b519304-cce1-45f4-9618-e07554a03701,medium,0.472,recovered,whatsapp,1914.31,2026-05-28T12:20:51.175565+00:00,2026-05-30T12:20:51.175565+00:00
39f9c9ec-83bf-47dc-9259-86939f880844,480e9ed8-6f5e-4e34-b389-3879cbcd6cf3,7adbf216-e076-4026-a497-f9cd1b60da59,low,0.831,lost,sms,2471.1,2026-06-06T10:26:51.175565+00:00,
4276a5ba-1316-4c5e-9d9a-e516d9726315,fc94e166-ae44-44e9-bee0-8d72e044d08b,a5b4c842-bee6-4b09-863b-fd132e990b1a,high,0.219,lost,voice_call,4479.24,2026-06-28T05:35:51.175565+00:00,
bab094a8-1bdd-469a-97d8-862e46685dfc,2635a6ca-2a35-4b47-aa61-d6717e467f33,4a01ee76-b151-4710-bd4b-57b0e1eada49,low,0.819,recovered,email,4569.27,2026-07-18T13:02:51.175565+00:00,2026-07-21T07:02:51.175565+00:00
e8cc6df3-a067-4d7c-ab24-2ac7f5f49ba5,59b1274d-8081-4b27-84c5-e94d7eabb90c,aaab49fd-c409-4595-83fc-191899a2f88f,medium,0.629,lost,whatsapp,2876.41,2026-06-13T15:02:51.175565+00:00,
139929fc-959f-46f0-9ed7-918ae47421a1,838fce33-16ea-4726-b7e5-af0b0d3e836e,83740f99-ae4b-4ca2-a236-73ba4741114f,low,0.852,recovered,email,3184.73,2026-07-21T20:14:51.175565+00:00,2026-07-24T14:14:51.175565+00:00
316289ce-6618-433d-a496-de672a2e60e0,1f439611-0f93-4ebf-82f6-619fae1cbfa0,a3b04cd1-eb51-4bc7-87a7-f1aa13c4d75f,low,0.802,recovered,email,6180.76,2026-08-02T12:47:51.175565+00:00,2026-08-03T08:47:51.175565+00:00
5e0ba343-a1cf-40ec-ac33-87d0935e22f4,fe839e4a-a6de-4ae8-9a82-5df4fba590b1,5901f6d1-73ae-4902-a1b4-6d5a5ee7af2d,medium,0.634,recovered,whatsapp,1879.0,2026-07-25T23:41:51.175565+00:00,2026-07-26T04:41:51.175565+00:00
c1c655d9-6d8a-4317-8198-a6754ee0ea66,e4ecb90a-154a-470e-914d-22b41c3a060e,b900f949-a8ac-48cd-b9de-cd1b89662803,high,0.326,lost,voice_call,2816.48,2026-07-11T20:55:51.175565+00:00,
f026e7b6-653c-4036-a037-fe749516f307,26a1bda9-a813-4076-8cfa-39662ef0eb29,3741243a-595c-472b-9f4f-317260bce581,high,0.25,lost,whatsapp,1602.08,2026-07-06T23:30:51.175565+00:00,
8903a72f-2f8e-4a55-a10f-feea2061e303,c250b765-de4e-448f-a82e-4bf7d6770991,c21509a5-f629-427a-8382-86a3ca03bfcf,medium,0.635,recovered,sms,6117.99,2026-07-02T06:35:51.175565+00:00,2026-07-04T02:35:51.175565+00:00
edf26ab9-8018-40a7-9b46-e2c4dc7f68e2,0a9ffb17-e4ab-492e-a096-b40fc27c437c,0a7b6be8-1b94-49d1-9545-73b2b1829cbd,low,0.812,recovered,whatsapp,1308.78,2026-07-31T02:19:51.175565+00:00,2026-08-02T15:19:51.175565+00:00
8b6efce3-d804-428a-a28f-a5f17c295958,e37a336c-d560-4d55-bc68-2eada1e50368,266aa726-d9df-41ec-b11c-190ced87c620,medium,0.633,recovered,sms,780.73,2026-07-27T01:28:51.175565+00:00,2026-07-28T15:28:51.175565+00:00
c3caed96-711a-4ad8-baca-5d523a68f7e6,1321baf7-f32b-4ec4-832c-35c61ff3c8a3,0091c917-3b5d-4fa3-a139-7ea627c5a215,medium,0.459,recovered,whatsapp,21622.13,2026-08-06T14:26:51.175565+00:00,2026-08-07T20:26:51.175565+00:00
5184edb0-e36f-4164-8b4a-3e4ef7365ebd,f1a28376-362b-446b-9525-7f67c6c84f5f,a160465e-6763-4fcc-8702-5723c81d9d2d,medium,0.473,recovered,whatsapp,1632.35,2026-07-19T01:01:51.175565+00:00,2026-07-21T11:01:51.175565+00:00
04a5e7bb-7dc0-4a8e-9d84-c08ba61d19f8,da082952-ee92-4584-a5f8-cac491bd3d3f,06ace600-3e76-4171-abd9-9c563a7b5a44,medium,0.504,lost,email,1747.3,2026-06-10T16:24:51.175565+00:00,
4c81daa8-2593-422c-9db6-e9cd362f5110,8099bf4d-197d-46ad-9432-da46cbdf1fa6,0df1bcc5-a41d-4766-88ef-4ede11580121,medium,0.564,lost,whatsapp,5248.89,2026-07-07T21:00:51.175565+00:00,
183b7fac-c319-4037-b520-ca592ebe384c,dd422a78-d0dd-4673-bad6-4f616c9a7ea9,84664ff4-2bec-4d0e-9c9c-1cbbf936e8c8,low,0.737,recovered,email,5263.98,2026-06-25T19:22:51.175565+00:00,2026-06-27T06:22:51.175565+00:00
f33dfe4e-0d6b-458b-bc43-e16927772bb2,7b0e4cec-0184-44cc-aac8-ad6896903933,9f0208ff-c83a-48df-a432-67a927ba94ee,low,0.833,recovered,whatsapp,1141.84,2026-07-18T07:31:51.175565+00:00,2026-07-19T07:31:51.175565+00:00
344c26a7-b381-430b-b726-dbc7bf8a5609,1809fc9e-a242-44b5-a1d0-1eb0af1455ac,632dde36-6109-47dc-97a2-acc50749d54c,low,0.96,recovered,sms,3424.26,2026-06-25T05:53:51.175565+00:00,2026-06-25T16:53:51.175565+00:00
b667febf-baa1-4144-81b1-ca95a72b82b0,e8488164-b477-4be3-b36f-30c1af9d0b65,74fddceb-6a6b-4961-855c-5d15b372d29e,medium,0.579,lost,email,1648.08,2026-06-09T17:57:51.175565+00:00,
461cf425-a9ae-4a6e-bff6-3df080e14502,8b55fa21-9dcc-42bb-a5a3-94231927b478,0afe71df-3419-4b17-bca6-da63fdff323c,medium,0.627,lost,whatsapp,2837.94,2026-05-26T21:52:51.175565+00:00,
e408a8b3-ef4e-4768-bd95-8afa7308c285,0759b799-d6a0-4184-9bfd-35534e3d1902,38fd88d9-f2f5-4b90-9e40-3cf1aa82afa9,medium,0.614,lost,email,11121.29,2026-08-04T10:14:51.175565+00:00,
07d0857c-21f9-4665-9d73-f0f357c80abd,952118ed-d819-43ba-9f00-b7b13f7ead30,e8e3cefe-f79e-41f7-ae0f-d0da21050dfd,low,0.793,recovered,sms,938.83,2026-07-17T22:52:51.175565+00:00,2026-07-20T15:52:51.175565+00:00
51797622-bb18-4e7d-940f-ac0b5190fc03,af388adf-53f4-4c92-80f0-4b10087e08a5,9a3b476e-a582-4eb5-9d9a-7f6160f79c8c,low,0.701,contacted,sms,1141.02,2026-08-20T07:53:51.175565+00:00,
b14ef938-1b51-431a-b591-4af11d5ad56b,06ad546a-ea63-4d97-b974-019fb49e2c76,e4e66510-bfdc-4321-bc30-cf4b8e59edeb,medium,0.458,recovered,whatsapp,4604.1,2026-08-10T18:37:51.175565+00:00,2026-08-12T21:37:51.175565+00:00
d554fc9c-1924-45bc-ac92-4cee7f8311a4,bd3ce012-970e-42d2-9755-938c49a1a6a0,2c973646-0963-4e0c-a7e6-7db56e3e416e,medium,0.398,lost,sms,8438.01,2026-07-18T10:31:51.175565+00:00,
523cfad3-9dd8-499a-8d5f-de7ab89a22af,00dbf72b-f195-45c5-8323-30a1b1afa132,c2f0bfde-ee36-4473-bf75-298994df9afe,low,0.807,recovered,whatsapp,694.0,2026-06-09T00:07:51.175565+00:00,2026-06-11T19:07:51.175565+00:00
c4f77524-8893-4da1-a688-6af11e529c25,879d353b-ed3b-46a2-ab01-2af84b93626e,aaa70ea5-8818-4e67-b112-34ad29df97c2,low,0.788,recovered,email,2469.84,2026-06-02T21:59:51.175565+00:00,2026-06-05T04:59:51.175565+00:00
a52b15d9-d320-4944-ae6c-f67f5d3df35f,a3dca30e-be6c-4c10-87c9-33ccfb08a57c,94f7db8f-6080-4ea1-bdb4-48d1b4f32bd0,low,0.693,recovered,sms,1330.28,2026-05-28T02:24:51.175565+00:00,2026-05-31T02:24:51.175565+00:00
593929e3-f1dc-40b0-ad5e-424a02e041f5,817a26f3-5480-48df-a467-2f79e0c1d6cb,cdb7d339-681c-497d-b5f9-72f68402ef33,low,0.693,lost,email,5086.4,2026-06-10T04:30:51.175565+00:00,
350bfaaa-62a6-4d18-98ed-8fa6dbc4093d,90beb6cc-92a7-422f-b455-a9fc37e3f63f,bda8f9f8-6be9-4bef-9bc1-5a7a7aaf28b4,low,0.838,recovered,whatsapp,1537.69,2026-06-02T17:21:51.175565+00:00,2026-06-04T02:21:51.175565+00:00
9b3b3c60-e95d-42a0-a8bf-d09f74db1213,f4e7d81e-946e-4a8e-a67d-da4cf341ab6f,4c71b75b-f24d-4e66-9545-b371545830f8,medium,0.633,recovered,sms,1790.9,2026-07-29T20:03:51.175565+00:00,2026-07-30T15:03:51.175565+00:00
d7a8e068-ff24-4ebe-bcec-69f357914ee2,a5eab40d-b3f6-45d0-bddf-e82b53b4919a,0f64f1ca-1fde-4932-8bb0-68580d5f2066,medium,0.495,recovered,email,3387.61,2026-07-30T05:41:51.175565+00:00,2026-07-31T23:41:51.175565+00:00
826bd6b1-3383-42ae-9207-68052f09c3c3,e48488fc-1685-454f-9790-ce2d39ba4fff,dd87ab91-c3a2-4b28-9545-d07ebfc3fdd7,low,0.664,lost,email,5706.48,2026-06-30T17:23:51.175565+00:00,
36b2c1f4-9439-4fc1-ac83-9026e2abf7d6,959f7e80-ced3-4f0b-8601-260a24ab2f0e,3b309b9b-332a-4def-bf86-ac7e1aefa952,low,0.759,lost,whatsapp,2751.38,2026-06-26T16:55:51.175565+00:00,
82ab220b-2deb-408b-8795-f947fe91dd86,d17076f5-5380-4df1-866d-a3cce72a7595,a1a42149-8d42-474f-9459-780adfd215b2,low,0.757,recovered,whatsapp,1994.8,2026-07-01T11:04:51.175565+00:00,2026-07-04T05:04:51.175565+00:00
1cd1a6ab-35f9-4ea3-9d57-0b819721e36e,a4ae1442-2ef1-4c73-bae4-e0aea751b8ce,116fc0e9-3394-4211-99db-02c2636594f8,medium,0.546,lost,email,1267.07,2026-05-28T18:34:51.175565+00:00,
224d76af-d577-4819-b3d1-cc1fa13489e4,6702d27d-85e4-487d-99f7-9e071473f1ee,7d08d09d-f344-41fb-8eec-d6fd83e43676,medium,0.616,recovered,whatsapp,8294.45,2026-05-25T21:00:51.175565+00:00,2026-05-26T04:00:51.175565+00:00
fbfea1d6-3652-4c9c-81e3-1316ab07a163,dec22382-2710-4337-aad4-9c87b36ee864,28975ee9-4d96-4abf-9068-0e585bf0fb34,low,0.858,lost,whatsapp,3097.57,2026-08-07T02:37:51.175565+00:00,
0d1c0dae-0519-427d-8f5a-ca1b093e1f8b,6c2ace6c-5afa-4075-a398-1e2514ca5731,03adc65e-462e-4d73-919d-879b30067b1f,low,0.672,recovered,whatsapp,601.66,2026-06-19T06:57:51.175565+00:00,2026-06-19T23:57:51.175565+00:00
30038fa3-c689-45aa-ba22-257de116e8da,d00a5b4c-65a2-4f80-b165-f20f546e1e59,2f8adec5-6421-473e-9b9b-296590632288,high,0.198,recovered,email,2115.86,2026-08-15T00:29:51.175565+00:00,2026-08-17T03:29:51.175565+00:00
52ca51ec-1744-45c9-8a6c-470dd3276da7,bbe3f208-ffff-49fd-92ec-8c8feb3ad937,718aefa6-55f8-497e-9787-57512d213e8e,high,0.231,lost,whatsapp,1379.21,2026-05-25T14:50:51.175565+00:00,
fc211c5b-83dc-478d-8add-c1c42db4c63c,eb59db84-ede1-4073-98d2-57c854967dfd,0cff9206-e30b-4163-8628-b41d06c2a87b,medium,0.518,recovered,whatsapp,2116.11,2026-08-15T22:27:51.175565+00:00,2026-08-17T22:27:51.175565+00:00
92d9afbb-14ed-4ed4-9a7f-6563280d8827,be3edf18-a126-438e-b27e-45845535b920,f85e023f-7f03-4769-9d88-05b11f80a8d5,low,0.655,recovered,whatsapp,2474.04,2026-06-29T22:11:51.175565+00:00,2026-06-30T03:11:51.175565+00:00
61d4fe46-3420-4047-a89d-14a8034d0a4d,87fa21de-ed16-4d93-a534-249e2afa2113,1ff8abcd-9e38-4a15-a1e6-360830ea2bc2,medium,0.518,recovered,sms,2333.38,2026-07-30T03:06:51.175565+00:00,2026-08-01T03:06:51.175565+00:00
107e42f9-a0f7-4ba9-a4b1-464c513e2bb9,d1c56cd3-10ba-44fe-b969-2ee393c67e40,1b7057f4-c84b-4ca9-b4af-09f53c6746e5,low,0.714,recovered,sms,8209.69,2026-08-10T21:40:51.175565+00:00,2026-08-12T23:40:51.175565+00:00
6b713bc7-da2d-474b-9c0d-e685b5215143,0f0d2329-e917-4d37-af6a-db8803c7c46b,adae9930-74bc-4d27-a673-4ecdfa201c9a,low,0.747,lost,email,971.92,2026-08-07T14:39:51.175565+00:00,
ebd6f982-db7a-490d-8f46-3f9aebd10145,78c62afb-0664-4ae8-87c5-a77a6dab4e2b,b5cf4b2c-f444-4f48-aca8-3dde82efa7a3,medium,0.501,recovered,email,2615.99,2026-06-30T04:26:51.175565+00:00,2026-07-01T22:26:51.175565+00:00
d2f9f180-70e2-4137-96f6-9b8a0483c87e,18c2941b-c0a1-4fc7-8fea-1a956c6a5b5b,5638b372-3c15-4447-8d28-801228df116d,medium,0.376,lost,whatsapp,1793.31,2026-05-28T23:16:51.175565+00:00,
1d89f75b-55d4-492e-a80c-52df6d581d7a,146fe3ad-ed40-4222-a17d-802b0f685426,8413751a-db72-4c9a-b683-e5fad3739c36,medium,0.391,recovered,email,6550.54,2026-05-26T09:56:51.175565+00:00,2026-05-27T10:56:51.175565+00:00
00639518-28c5-4290-9fe6-e276b691b8b1,3063486d-ea3d-428f-9b04-3729ee760037,26fa369f-df08-4c9c-84f7-e1ffc94eeb93,high,0.293,recovered,email,1357.25,2026-05-25T20:21:51.175565+00:00,2026-05-26T22:21:51.175565+00:00
8249eaad-0d09-486d-b160-2835c6575d27,2889a5bd-5695-44ea-9946-07332a351ff8,c991b721-334d-4df6-8908-b67bbe9c97d0,medium,0.518,recovered,email,4065.4,2026-06-28T10:58:51.175565+00:00,2026-06-29T19:58:51.175565+00:00
56643d13-35da-4e0c-a95d-0ad2a96268f5,0421b572-bbd1-4859-9c5d-ad340912a047,4490be78-8ea8-471f-9576-8d453c815528,low,0.668,recovered,email,678.36,2026-07-17T06:17:51.175565+00:00,2026-07-18T13:17:51.175565+00:00
b43e16de-8ef9-4892-8fdb-0c934edcc8df,e9ef0ba7-cb04-49a6-a2e7-addfdeeb142a,00bd8a95-413d-4f5f-871d-97349ddbca03,medium,0.644,recovered,whatsapp,3082.68,2026-07-27T17:35:51.175565+00:00,2026-07-28T19:35:51.175565+00:00
dd7b941a-26f3-43ba-8450-2d62d83d68ea,85c9112d-0d7d-4453-91c2-c4aab2516c7b,92105e02-8b19-497f-9e7b-b86d604903f3,medium,0.374,lost,whatsapp,1617.24,2026-08-04T21:51:51.175565+00:00,
f8ccb18e-c3a6-453d-b3c3-989c289c283c,d4de4425-f693-42b9-bace-81c6bb410a00,0d24a376-ff62-4be2-8f44-76481ada7f97,low,0.779,recovered,email,2198.35,2026-07-13T15:05:51.175565+00:00,2026-07-15T19:05:51.175565+00:00
085bdec1-3307-4571-9751-ebb09d0ef446,4a4a19d0-76dd-4703-847b-b88218b9addb,2f971876-92f3-4e73-9cde-1964d47e9195,low,0.882,recovered,email,3461.59,2026-08-15T07:25:51.175565+00:00,2026-08-15T23:25:51.175565+00:00
0fcb1b6f-691a-40e7-b56c-f8de5896d6ae,3361bd4d-8e23-463a-ae45-d06352663308,626c2da2-d99e-4922-9d81-61e8d4b9e681,medium,0.398,recovered,whatsapp,795.03,2026-08-10T09:51:51.175565+00:00,2026-08-11T22:51:51.175565+00:00
0056073c-39bd-4773-83ba-160ebb2397cc,2493ed05-6f36-4f94-9527-5b8bcee49520,93536bfc-4d00-4595-a9bf-fd9de3d9018e,medium,0.602,lost,sms,879.72,2026-08-02T06:26:51.175565+00:00,
cd89c6cd-b153-4ed1-80b5-96e1c0a621f9,6f51277e-ca60-41bf-8b84-debf56be3983,56ab8e05-435a-42f8-afb1-10827103b629,low,0.816,lost,whatsapp,3515.21,2026-06-01T16:17:51.175565+00:00,
cc2f629a-01b2-46d2-9647-5593e0af09ae,ece2e2a0-c26d-400a-80ab-b5f3d94fc71c,2138f765-116f-4008-8379-529f73b91c3f,high,0.319,lost,voice_call,2911.32,2026-07-12T16:23:51.175565+00:00,
5e2610df-0afe-4c9f-8341-418fa192bec5,330900de-85a1-4483-9a4c-aa3cb9b399ff,b839eaf8-23ea-4b69-b3a7-6180c9553115,medium,0.57,lost,whatsapp,7605.39,2026-06-16T06:21:51.175565+00:00,
335d6eab-3539-40fe-9571-00dad1499bd7,a8ca5812-a79f-447e-bbe3-b7275eb2b27f,c15ecd1f-4384-47a5-8b18-8a064bf2d4d9,medium,0.449,lost,email,6658.47,2026-08-16T21:07:51.175565+00:00,
680a87f6-0bf8-42cc-a65c-80a5ee433874,90ca8e74-1854-4bdd-8135-25baef5484d6,e774008e-884b-4d2e-adbf-939597aa48e7,medium,0.563,lost,whatsapp,608.31,2026-07-14T07:19:51.175565+00:00,
3f1fae41-bd59-4ab6-a0e5-6b9c77f0daa3,6d0456ba-3d0b-4cc5-bcb9-51b305221239,3a46ae1f-77a4-4578-b405-43561310f6d5,low,0.819,recovered,whatsapp,736.69,2026-06-22T17:16:51.175565+00:00,2026-06-23T12:16:51.175565+00:00
8df83fff-daab-4d20-8472-75a9edc2a5fe,fc221b65-7beb-4ed6-857a-30db0be8f1bd,deb605aa-741f-4e14-bd57-13459666f9b1,medium,0.586,recovered,email,4229.62,2026-06-15T04:12:51.175565+00:00,2026-06-17T13:12:51.175565+00:00
9e942315-0bbf-4416-add4-d23a8ccfe201,7297af2e-1285-4757-ace5-21cd5dedef50,1c4f664a-30d7-4b45-b53a-69396dbc3d96,low,0.91,recovered,email,873.25,2026-06-09T10:04:51.175565+00:00,2026-06-10T05:04:51.175565+00:00
65893628-61e3-4a9c-9705-3db5f28b39a0,ac315769-6a72-46e1-8e3e-afde75cee7e7,2d055ff3-14f3-4b7e-a13d-1d7c5c31a1a1,medium,0.37,lost,whatsapp,3255.61,2026-07-08T04:40:51.175565+00:00,
f1b2abc4-d4c8-4341-9bcb-43655aedddf3,d6add0a5-c41c-41b2-9fdb-65cc68f89eb6,26bcbbbc-f87a-49cc-9b87-96c1bb28a9b3,medium,0.609,recovered,email,1422.5,2026-06-14T07:06:51.175565+00:00,2026-06-15T06:06:51.175565+00:00
9cf600e3-6441-4aef-be20-7b43b1e9ff6a,28cd4cdd-5630-49b7-a602-44e52f367901,148a24c7-8183-42fa-9ee4-edf3bd8a148f,medium,0.597,lost,email,1223.88,2026-07-18T22:25:51.175565+00:00,
d2074fb3-9715-4bb7-9dc7-e860d89936fd,f9d4bec4-9d54-46d0-b0ca-0b4f7be34184,e7a0ac41-fd02-45de-8ca0-ea41f21e9c03,high,0.312,lost,whatsapp,11431.92,2026-06-24T22:17:51.175565+00:00,
76069692-f68d-4a0b-9f68-61b0ea3c8295,0ce56345-6e8d-4ba1-ade7-4e7a237ef273,9ad4d270-9352-4a0c-882e-6d49f4e5f1b8,medium,0.436,lost,whatsapp,7935.62,2026-08-09T12:53:51.175565+00:00,
a27aa14d-cc14-408c-9c55-307c85f596c3,162d1aa3-a2aa-4ed3-86cf-431abac1cbd3,a964a0bf-9517-4377-b91e-ffd366e04871,low,0.802,recovered,email,1359.21,2026-07-29T17:08:51.175565+00:00,2026-07-31T21:08:51.175565+00:00
4d640cbf-cf88-4822-a074-0b851f69a13e,1694c0bb-beff-459d-a41f-d2634b524279,c767a070-d40e-4c68-a426-9e74d83eb051,low,0.775,recovered,email,1905.52,2026-08-02T15:28:51.175565+00:00,2026-08-05T05:28:51.175565+00:00
92107bd7-bc79-4467-b9c2-77a5107adbcc,6ece12c3-3139-4fa2-a48b-a020aa9993a6,182efec6-e9cc-4b81-9472-7c348e76c415,low,0.7,recovered,whatsapp,1898.19,2026-07-27T19:07:51.175565+00:00,2026-07-30T05:07:51.175565+00:00
367bb840-7bca-4854-93d4-db39f4a5fe66,c5000328-2b21-49bf-b066-c52e542df274,ea38fdb0-b8b3-4bc8-9739-598a6516be2c,medium,0.371,lost,email,4012.77,2026-06-13T09:57:51.175565+00:00,
013f106a-222c-42f5-bb34-d7000a6b412b,b83f5f01-ec7d-4d38-a1d8-82be94ac06b1,1fa97eb3-b281-4a60-b59b-1800f5245e80,high,0.189,lost,whatsapp,2704.76,2026-08-16T19:50:51.175565+00:00,
addd246a-cb2e-4439-9421-741c949421a1,1c348589-509a-4cbf-8565-3dc1bac8ad97,751330b8-9280-4437-a740-07d086b65d0b,low,0.877,lost,whatsapp,4501.81,2026-07-05T16:01:51.175565+00:00,
66fffa05-19e6-47b6-abec-3ffa1290b7c3,a0ea555f-2ffd-439b-8a3f-5f40a24ac641,246c10ef-f558-4304-a8cd-688d2d5466bb,low,0.785,recovered,email,2685.94,2026-08-13T05:28:51.175565+00:00,2026-08-14T00:28:51.175565+00:00
c464511d-b6ca-4ebf-947b-eda9f6fe5db7,aada280e-afbe-4906-8de0-ad0225f2e8a8,e15404e8-8fbd-4092-a3b1-1e77f479a02e,medium,0.529,link_opened,email,1469.17,2026-08-22T18:06:51.175565+00:00,
054a0ef0-b255-4f38-9944-464b6f618405,8cb407e7-92c8-4a1c-9af4-7f7b4d7795e4,63ffa3e9-c591-41eb-bbfb-870a6799ce9c,high,0.329,lost,whatsapp,2237.06,2026-05-31T19:00:51.175565+00:00,
cd700ef0-7377-4bd6-8abd-8bdb1bde47de,01d8591e-a61c-418f-a4c5-424bf6653e8e,1637e3b8-436f-4ba0-b0c9-e5cadd2ecd76,medium,0.467,recovered,email,11442.71,2026-07-21T13:07:51.175565+00:00,2026-07-22T03:07:51.175565+00:00
58ff9c06-41a7-46f5-ae39-f61fb2150141,4d4444ad-63eb-4ca9-ac45-63d97160fe95,90bb3b0a-82d5-442f-aca0-c9241c6906cf,medium,0.479,recovered,email,2632.66,2026-06-25T02:18:51.175565+00:00,2026-06-26T14:18:51.175565+00:00
664ce0ad-179a-4bec-af5e-9aeca61fafae,eafa5230-4147-48ec-88eb-eaa1699e1dab,655cd1d2-6512-42aa-8abc-092f5d08fa9e,medium,0.511,recovered,email,1467.21,2026-08-01T10:04:51.175565+00:00,2026-08-04T05:04:51.175565+00:00
cf10c34c-6d2c-4eff-8489-178b349423b8,13a22874-3cc0-45ef-bfa1-0b42ad62d05a,0d78b76a-f902-4d79-ade8-93b819176919,medium,0.644,lost,sms,5634.83,2026-07-09T23:00:51.175565+00:00,
347536f5-d054-42af-83d5-2809aa9a1eec,25fc60dd-e473-48de-a2b5-3c1bcc9fe655,862b06c6-cb54-4b00-9149-de33a50c1d7e,low,0.911,recovered,whatsapp,906.24,2026-06-04T20:07:51.175565+00:00,2026-06-06T10:07:51.175565+00:00
fe85df95-1dce-4c58-ae2a-fb16105fedc0,51f8934e-63e1-4e65-b5c6-b70a5d0619e3,21a67f27-73b1-44bc-8d4a-71e7ae229402,low,0.853,recovered,voice_call,1420.62,2026-05-25T20:46:51.175565+00:00,2026-05-27T09:46:51.175565+00:00
f9ca8e28-acad-4ae2-912b-2cc5c3319092,3d5a5a14-87e8-4e87-8c83-c10a80c0c5db,73bc6c30-a3a1-49e7-8056-b223de640d60,medium,0.538,recovered,voice_call,1865.65,2026-08-17T22:25:51.175565+00:00,2026-08-19T23:25:51.175565+00:00
724d1ee8-c770-4c55-b570-3dc48626a6f2,e57887b9-66cc-408d-abd2-c308197ead9c,9610a0bf-3d67-4b86-9ad9-3e219816dd6a,medium,0.397,recovered,email,1266.36,2026-07-04T15:41:51.175565+00:00,2026-07-07T06:41:51.175565+00:00
189dc3b5-0fb3-46ca-918a-9dfa6c0ff290,959f7e80-ced3-4f0b-8601-260a24ab2f0e,1f9bf232-e4c1-4649-9799-8f02a678e4ff,low,0.851,lost,email,5262.16,2026-05-25T20:19:51.175565+00:00,
478ea2e3-c543-4618-a409-f4af7f8cb4ee,151ebfc7-730a-4afc-986c-850f1598de24,a4802e93-bffb-43c3-832d-774d13415177,medium,0.574,lost,whatsapp,649.29,2026-07-21T07:56:51.175565+00:00,
fc1b9080-8074-40ec-961d-24f3ff8963c7,e07fa019-be2e-452e-bf00-8ed4a34b75d9,00596872-4843-42bf-a62e-6a113e122c94,low,0.717,lost,email,701.64,2026-07-28T19:14:51.175565+00:00,
014fb24a-6b63-4917-b65e-2ac6b5fee9a7,60aabdc1-b6e4-48a7-9870-d4c2cdb4c0ec,6b385d68-6d65-4db7-b290-5757bac910e3,high,0.215,lost,voice_call,3376.78,2026-07-27T17:29:51.175565+00:00,
50083a2a-c8fb-4b2c-924b-6ff874d67f16,5655085b-3d27-4c16-b139-bc251ac37fd4,fb6bb2b7-52a7-4ed4-813b-463267cba5e6,low,0.786,lost,sms,2291.94,2026-07-04T06:13:51.175565+00:00,
98323420-542b-4391-bf62-7afe5fc2ad55,919b6762-0dbb-418a-870f-d17c9186e76d,362d2e56-c923-4248-acf5-7c3220b94382,low,0.88,recovered,whatsapp,5952.11,2026-06-07T21:33:51.175565+00:00,2026-06-09T11:33:51.175565+00:00
0a7d3afb-c721-4e53-83c1-407427d6743d,f476e5e3-1c50-4e96-baff-aaf9e5480ad2,023179b4-f675-4f8b-aee8-3c64aef93a5b,low,0.684,recovered,whatsapp,3638.94,2026-06-08T03:24:51.175565+00:00,2026-06-08T23:24:51.175565+00:00
028997ba-2a90-440e-b888-527f08435c25,0a2bf367-f7c4-4483-9923-d73b8b747e04,5abd7720-2d39-40f7-9d4e-329c6e6a1c1a,medium,0.613,recovered,email,2803.74,2026-07-18T12:51:51.175565+00:00,2026-07-21T07:51:51.175565+00:00
1a8bb493-0d74-4fec-a6b0-009a9231049f,4bf7bcb9-1dbb-4abc-8de2-7238348b7844,c9236025-c332-48db-96ea-898175ca878f,low,0.827,lost,email,576.15,2026-07-10T08:15:51.175565+00:00,
75c205d4-42dc-4985-a204-da9412795b9e,b16b86ba-7625-4fab-9855-853f30dc855b,a06923b2-e58d-4366-aeae-ff39f9cc523e,low,0.672,contacted,whatsapp,4706.53,2026-08-21T20:33:51.175565+00:00,
32688ef3-87c3-48ee-ae04-003ed40ae054,f0a10a16-8d66-4555-b96d-011507641e8d,cc1c3fd4-5248-415a-b00e-474c993d690a,medium,0.593,recovered,voice_call,2446.61,2026-08-04T04:53:51.175565+00:00,2026-08-06T03:53:51.175565+00:00
0667c85f-d061-4074-98b2-70b8251af9cf,83775dff-ec66-4a7e-b386-7e95fdd82dae,b405037b-d20e-4ff4-908c-9e0bb41e1f98,low,0.804,recovered,sms,684.36,2026-08-12T09:43:51.175565+00:00,2026-08-15T01:43:51.175565+00:00
98073dba-578b-4b16-8e7f-e84d155cfb9a,a5e09721-20df-49a1-bcfe-6890f4fe9e65,5f1436f1-2f19-4d59-bf52-9a89738575ba,high,0.205,recovered,whatsapp,6492.08,2026-07-08T23:34:51.175565+00:00,2026-07-10T00:34:51.175565+00:00
389244fb-b522-4d34-89fc-f82040f01134,5453988c-ae43-4805-b721-f3ff19216262,936cf2cd-fa66-4595-bd0a-53658c64cbc3,medium,0.6,recovered,sms,3042.66,2026-06-07T02:58:51.175565+00:00,2026-06-09T12:58:51.175565+00:00
c19e3935-7fbd-4a28-9132-a8579c9588d8,94cb4f83-7106-43df-8677-da96b8fde078,4ca24100-4ef4-4a8b-bdbd-45b58f770ff5,low,0.819,recovered,whatsapp,1002.31,2026-07-17T16:38:51.175565+00:00,2026-07-20T00:38:51.175565+00:00
a3b4f65a-214e-4061-976f-239bdc151def,16a56533-1e70-43f5-b40d-4b0bbe7cf17f,59e4cfa7-e266-4747-8de9-ce399705a32e,low,0.768,lost,sms,4939.29,2026-06-30T17:13:51.175565+00:00,
ef4d7570-5d4b-409b-9269-4d82f5237997,4fb90823-4fb0-4869-94ed-7cf7e60badad,9976bf04-ac40-4ef7-83c6-408a55418392,medium,0.413,lost,whatsapp,1242.08,2026-08-01T21:00:51.175565+00:00,
9ea85d86-da59-423b-a5a5-1deb727e66e4,187ac74f-267a-4cfb-b513-250d693dc3d4,f6e110fb-ae8d-4321-ad46-a18398c46676,low,0.792,recovered,whatsapp,1171.18,2026-06-06T07:41:51.175565+00:00,2026-06-06T19:41:51.175565+00:00
5e06440f-063c-4e72-a818-3f2f4f18b271,7b07f811-b3be-40ef-b694-d1fde1fa78a4,16a1844d-ef8b-4801-9b86-69f745c52f93,medium,0.383,lost,email,6625.03,2026-08-05T23:21:51.175565+00:00,
013e57d0-cbe6-4948-b580-aa8080a15840,db4fcc48-9c2f-4f4e-8854-c0473ad58f2f,d0d3ce19-b13a-4a07-ab4b-a1206a004c74,low,0.878,recovered,sms,1092.15,2026-07-29T09:50:51.175565+00:00,2026-08-01T09:50:51.175565+00:00
3c127666-f091-4dc5-8fcd-89a68df6a2ff,6ebb29c5-67df-45d5-bf2f-37dd3384a91e,db071634-f222-4673-82ea-6ebaebfc8131,low,0.899,recovered,whatsapp,1788.01,2026-08-18T18:53:51.175565+00:00,2026-08-21T07:53:51.175565+00:00
270626d9-6724-4f90-adf7-2f691f369871,d9f61031-ddea-47d0-aed0-7502de88a7a4,371274e3-30c9-4a0e-a0d6-fbbaea266247,low,0.742,recovered,voice_call,1687.83,2026-06-27T22:28:51.175565+00:00,2026-06-30T06:28:51.175565+00:00
2afc435d-c304-4dee-b3e6-d81162089617,8b3a8840-615f-4578-85bc-c9febf412492,8fa2164c-eb05-4911-9e9e-c99c3c7a95c3,low,0.906,lost,email,1252.39,2026-06-25T14:01:51.175565+00:00,
47752f36-f1ac-48c5-aa44-09205c1f0df9,e4c1e1b2-3c71-41cb-9f4d-778351d8b98e,577d9238-ac23-4c16-94d1-8a7d53abdbb3,high,0.336,lost,whatsapp,1114.45,2026-07-10T06:49:51.175565+00:00,
c91723df-b5b6-441e-885f-08bd8580c4a1,b8a8d109-289b-4dde-b1e5-36b95ee4dc41,50c32edc-8eb8-4f9f-9b07-68d67fd0a894,medium,0.51,recovered,email,2305.09,2026-06-25T03:47:51.175565+00:00,2026-06-25T21:47:51.175565+00:00
04169e4e-c741-40b9-92c3-4bf3ee9bb328,ffd13b6f-0281-4985-8a01-41116b49d66e,f1072b22-d043-4a7e-a7b9-ab691104aff0,low,0.767,recovered,email,3324.72,2026-07-03T18:59:51.175565+00:00,2026-07-04T23:59:51.175565+00:00
df993e7e-1a40-47d5-8501-8b097f991c50,752b4773-5795-4e82-bbda-2040ca6c0f54,cc64daaa-2495-438e-b6c0-b0894683d1f2,low,0.737,recovered,whatsapp,879.47,2026-06-05T04:50:51.175565+00:00,2026-06-06T03:50:51.175565+00:00
99f221f3-f6ce-4f55-990d-8c2a0cc4ac35,1533c0a0-b578-4653-aca2-a8a48c747f98,ce92a921-ac8e-4a81-8cd1-23dd01b28e16,high,0.165,lost,voice_call,17809.43,2026-06-15T22:21:51.175565+00:00,
a0fca3bf-03f7-498e-8d91-6fbbd4fb33a0,d8c275b8-f783-4fff-8c20-5f68487c8673,75feb718-d063-4481-a50b-cc89345e4384,low,0.837,recovered,email,3300.08,2026-06-18T05:58:51.175565+00:00,2026-06-19T06:58:51.175565+00:00
e452eeef-7bab-4501-9900-ef14b88cfa8b,d4f71fd2-b932-4a30-a407-825896375311,05df6135-2dc3-4c79-9e93-4af14de6a0de,medium,0.552,recovered,email,4154.58,2026-07-21T21:04:51.175565+00:00,2026-07-23T13:04:51.175565+00:00
7f7e61bb-a9df-4167-b341-a9ae3fb67f9e,1a4b66f2-4d8a-4747-8899-4f1abe905f39,cd157d20-39d3-4adb-92bd-1fcbab4579cc,medium,0.616,lost,whatsapp,5935.07,2026-06-01T10:28:51.175565+00:00,
f1632ef6-5267-4769-9356-4f0d8f6a01b4,f9a4a3ad-f87f-4dfd-ad2e-90e111a36c76,c8b6098e-c5ff-40f5-8ba2-9758b7dbf441,medium,0.387,recovered,email,4268.28,2026-08-02T20:13:51.175565+00:00,2026-08-03T07:13:51.175565+00:00
6d3717b2-797b-4c98-967d-8a9b756ffd73,1dc0967c-5274-4cb8-82f2-9e6b19eca24a,19db2889-d814-4cc4-9b72-05b0892a4ec2,high,0.287,recovered,voice_call,7916.5,2026-06-20T11:18:51.175565+00:00,2026-06-22T12:18:51.175565+00:00
5b4172a2-a79c-48c8-9122-0e707e627eee,45c900c6-b230-4680-aee9-f84e63d004a0,7d35e63c-ff85-4af6-8d6e-4fb03651ae65,low,0.921,recovered,voice_call,4316.81,2026-07-17T02:45:51.175565+00:00,2026-07-17T07:45:51.175565+00:00
0da2bac6-78d0-48be-9f95-10b4cea4c9d0,e636fa84-7f8a-4a7d-b0a6-6ac249e926e9,0c4a87a6-676f-43a0-95a2-4550592bf11d,low,0.828,recovered,sms,1496.96,2026-07-14T02:41:51.175565+00:00,2026-07-15T02:41:51.175565+00:00
c8f2ca3e-35e7-4bff-8fde-7ce7cfb027a0,b6e6f7f4-b130-43c5-9cd4-1473cad29be2,97b3bdb5-c45e-4afb-8a22-2da31431cf76,medium,0.6,link_opened,email,995.72,2026-08-20T19:27:51.175565+00:00,
5c578421-8ba1-43f6-8347-822601b4a3d1,513d1136-ae88-4289-95ac-980ad88ddb96,0c4719c2-817d-4f3f-a2c1-6308d4a27f8b,medium,0.466,recovered,whatsapp,8195.64,2026-08-18T15:42:51.175565+00:00,2026-08-19T20:42:51.175565+00:00
0178bf81-e3c4-4cfa-a4ed-9492266214f8,d3da1614-b1d0-453d-ae7e-a6ba47ff6801,f6efde26-4879-45ca-865a-43775ee87b62,high,0.323,lost,voice_call,973.57,2026-07-07T18:46:51.175565+00:00,
e2cd144e-a9aa-4157-b32b-727ab0cf5853,8ae82e78-1901-48d8-80cf-70e7d3c7e791,069d5d45-48b9-4e36-905a-e127e679e9aa,low,0.664,lost,whatsapp,1371.04,2026-08-06T19:26:51.175565+00:00,
ef6884b6-23a9-4efe-b1f2-7105d1ed8e6d,c236c6c8-9e5e-4c89-baa9-385f840f9e1d,23033c88-8004-463b-8b9d-3050ce94d079,low,0.858,recovered,email,5294.13,2026-08-17T04:43:51.175565+00:00,2026-08-18T02:43:51.175565+00:00
2582e18b-1e65-484e-bc95-c907c3fe689b,9c0cb0e5-24e1-4032-bca7-fa3810a35864,23ef32e4-9cfc-4731-99b5-6b80caf4ef63,medium,0.515,recovered,whatsapp,3563.47,2026-06-06T00:11:51.175565+00:00,2026-06-07T03:11:51.175565+00:00
9f1b335f-a808-44a2-899a-60748cf2a49c,4ffb6dc7-53f2-402d-8dd4-4ee243d3b2d2,7ca12547-e544-4a9e-ba8d-0413607b00d7,low,0.827,recovered,sms,6688.01,2026-08-01T07:15:51.175565+00:00,2026-08-03T01:15:51.175565+00:00
0a88b00e-58b9-4d54-9b8a-adaae18f0acb,497f9627-7a19-4a0c-8903-a52ba29d74a6,44ca9fa2-813a-4ad6-8e3c-d5c00810fdaf,medium,0.478,recovered,whatsapp,4811.63,2026-06-22T20:14:51.175565+00:00,2026-06-23T20:14:51.175565+00:00
506781b5-0d3a-4583-af33-e7020faef0d3,b9d61a8f-9a65-4af4-a79e-ea2346f43a7c,b5254acc-6990-48be-844b-eac8dc80c439,medium,0.601,recovered,sms,3937.41,2026-08-03T18:49:51.175565+00:00,2026-08-04T04:49:51.175565+00:00
acb95ac1-8aee-4342-b087-afdc7b9d4156,5b302103-ee3e-4a48-bb5c-3013d8721f16,b294aca4-bd29-4943-afc9-74cc3ef829fd,low,0.838,lost,email,3661.95,2026-07-02T02:21:51.175565+00:00,
3ef51122-509b-4aa9-b1fe-df8883067987,70cf8fb0-4448-4de0-8beb-fa47c1fd7140,c3fb014f-417e-4908-9d63-f66f43a116c9,medium,0.351,recovered,whatsapp,2392.97,2026-08-16T09:47:51.175565+00:00,2026-08-17T01:47:51.175565+00:00
a1c9540e-2ec1-4eea-a595-6bfac1dddd3d,81962f65-f5a1-42ce-9680-a92b9dd2cccd,9659b55c-1f65-48dc-9a19-40a38ca846fb,low,0.731,recovered,email,948.82,2026-08-11T00:32:51.175565+00:00,2026-08-12T01:32:51.175565+00:00
75ad1f60-8801-4944-8f52-4efb220b667d,badcb1c8-234d-4a5a-b614-6b9ae492df6e,ecc4e349-7ccb-40d0-a08a-3fabbef54712,medium,0.488,lost,email,4530.69,2026-07-29T00:44:51.175565+00:00,
31b227ba-108a-41e5-8f23-4900fa71d8a6,271a415f-2a0d-411c-ab89-16153d7f896c,a04e74a0-9751-43d9-b87a-33d10196ca04,low,0.822,recovered,whatsapp,4400.73,2026-05-29T19:15:51.175565+00:00,2026-05-31T03:15:51.175565+00:00
ace1f629-38eb-4e26-994e-fa617532499c,13adce1a-9e6b-4765-8996-fc3c35caa5c8,09e134ca-8e65-44aa-bf3a-4627422ce8ef,low,0.812,recovered,whatsapp,6760.55,2026-08-06T19:02:51.175565+00:00,2026-08-08T18:02:51.175565+00:00
05fdd9db-aed8-4c45-b5dc-88bb4175e0ca,32a87a89-217e-4689-9df4-b8e5caf5309e,628e4138-f8bc-47a9-bf24-a5058476465e,medium,0.57,lost,whatsapp,3526.24,2026-08-09T16:44:51.175565+00:00,
f0364f8a-b493-4f0f-81ad-0d923794321a,b1e31992-ae97-4af7-befb-f269950ecfc3,5a502230-161b-4342-8bf9-37878a6c2fd3,low,0.804,lost,whatsapp,1535.43,2026-06-19T22:45:51.175565+00:00,
0af8ca72-8c1a-4804-af2b-ab4d1274b3b5,915b16bf-2a60-4c44-93c7-c08b7f1abca5,13a69143-09f4-44ca-a6c0-2a76e94af78d,low,0.697,lost,email,4147.31,2026-08-13T13:01:51.175565+00:00,
4144ea6e-a751-4704-ac48-ebadbb06f5a9,359d0158-36a4-4779-a4c0-dc5ccbaac92c,01ac2eed-7879-4f36-b94d-98b0f1e382a4,low,0.838,lost,whatsapp,2113.75,2026-07-09T06:04:51.175565+00:00,
0eb5f6fd-db19-408c-923c-ba872c842ef4,bb32b1ce-67b5-4bbc-9470-f401f337be14,ef20651d-1b31-422e-8aac-fdeebb7ac2e6,medium,0.543,lost,email,681.31,2026-07-09T10:56:51.175565+00:00,
e21f37c8-0517-49ec-8c42-54a500106e37,759e2656-f054-497a-83db-b8b87ff611f7,fc75d22f-0985-498d-afc7-fa555aba3856,medium,0.534,lost,email,11061.18,2026-06-11T23:07:51.175565+00:00,
39dfddaf-9891-4cb0-a9a9-bb80f35ae7d6,7a7b976e-5593-49aa-a5fe-0baa8307247f,a8528835-e6e0-49de-9b38-11254db570e5,medium,0.444,lost,email,2791.85,2026-07-18T17:41:51.175565+00:00,
11f0b67f-9703-41b2-a147-f0653d02a3e2,f1fca5d4-9cfd-455e-a1b7-77426202ab71,2c0c2229-7cf9-43f2-a3ed-4f440dc46177,medium,0.429,recovered,email,2037.2,2026-06-20T03:11:51.175565+00:00,2026-06-20T23:11:51.175565+00:00
dfa94745-8561-44d6-be50-4544a9252634,897de491-ffea-4a22-9d63-eec172da4f95,093a2e14-650b-4be8-910b-0d69a958dbaa,low,0.721,recovered,whatsapp,7408.9,2026-07-21T19:05:51.175565+00:00,2026-07-23T04:05:51.175565+00:00
2a748fc9-40e9-4914-bd30-2cf3d213de66,dd3746b2-883d-4ac5-a117-475c4b9a297a,e1314a88-c1ff-4a0e-bb0b-67d9b747ec43,high,0.332,lost,whatsapp,2088.65,2026-07-02T11:56:51.175565+00:00,
01ba07b1-11a5-4c8e-821a-cffa6089bb54,5af7bc3d-e15f-4a09-b12c-c757f89f4c34,a82993bb-c874-4101-8991-9189588ce77e,medium,0.39,lost,email,1258.32,2026-06-09T22:27:51.175565+00:00,
7ee61be4-2f62-42ae-8e63-8ed178bd6f29,cac1743d-e6ea-4326-810a-51376e2285d6,674faa97-74bf-4dde-935c-e534cadebdb4,medium,0.588,recovered,email,4406.27,2026-07-04T00:09:51.175565+00:00,2026-07-05T19:09:51.175565+00:00
2785fb06-eea4-4a93-a8f4-21cca8f2368d,3a5f403f-cc7c-405e-8352-431c6255398a,d70ed00e-4cc0-4ff5-86ff-24efa54a908d,medium,0.587,lost,whatsapp,3802.38,2026-06-29T12:51:51.175565+00:00,
11f12d71-843f-411d-b764-1a5fc803ea36,d55d491c-68c9-48c2-bc87-c01d14a1a58f,3bb658f9-2adc-4625-b51a-b6c5377ca60c,low,0.664,lost,whatsapp,850.82,2026-07-28T15:16:51.175565+00:00,
99b1d341-1f24-40d9-8060-8c0c5a8aea8d,526f436a-631d-4111-bba3-c6d49394d578,d5b6cc43-f139-4e19-9186-c9b5e4a0105e,low,0.835,recovered,whatsapp,2551.2,2026-07-28T14:00:51.175565+00:00,2026-07-29T03:00:51.175565+00:00
aadf0be1-5e4f-41ec-a136-62749f0eac9a,ed39e56e-f5b5-48b7-82bc-854a8bd05955,70d971f9-9c22-4cbf-beaf-be4b07c8abd6,low,0.852,recovered,email,5821.64,2026-06-19T13:25:51.175565+00:00,2026-06-21T21:25:51.175565+00:00
08d12701-2e72-45f8-b7b4-0ff0608c3c87,23cb700b-b5b6-4c2c-b7e5-0949d10f7596,46cf35ab-1f12-471f-b640-31bcbf2486c3,low,0.672,lost,email,1134.61,2026-07-05T20:02:51.175565+00:00,
6ad84297-e6ae-41c9-b40f-e95a032016cd,de33c6e7-767d-493a-a772-1db8225ff3cd,3cfb58c4-a236-4ff1-9972-4044a2889dfd,medium,0.62,recovered,sms,5923.95,2026-07-04T15:44:51.175565+00:00,2026-07-04T21:44:51.175565+00:00
22f31bc7-fc70-4f23-a3b1-0c1a2ad224cf,18b288ed-682f-441f-95b1-0d7e20167353,41f55cd1-5f44-49c3-8066-3de31b391163,high,0.227,lost,whatsapp,3589.78,2026-06-13T10:03:51.175565+00:00,
5a9cd8ca-92c6-404f-929d-9e55b1c849d6,366346c3-9428-40dc-bb9c-a998362d5392,ff917317-8952-4677-be42-151dc338ab28,low,0.762,recovered,whatsapp,2553.63,2026-06-09T04:19:51.175565+00:00,2026-06-09T09:19:51.175565+00:00
564d747c-fdee-4dc9-af28-379fff1fd42e,9cac70e4-cc16-4a6b-84ea-5a926a754fde,4f74ac0d-6713-4651-b536-c4146ddef237,low,0.86,recovered,email,2033.32,2026-06-14T01:21:51.175565+00:00,2026-06-15T11:21:51.175565+00:00
8e93986f-c253-4c6f-8ace-dc89e0dc97da,4d4444ad-63eb-4ca9-ac45-63d97160fe95,9249a0d0-3b12-4ffe-a408-a8d33f341710,medium,0.633,lost,email,1904.79,2026-08-12T17:05:51.175565+00:00,
8ea46fde-f12e-47bf-b7fc-8a8c0966cf12,9edbed2b-c145-42db-be72-35de1701108b,c042745c-f025-49fd-9878-1dbaf77275ef,low,0.793,recovered,voice_call,2720.18,2026-06-19T12:02:51.175565+00:00,2026-06-21T20:02:51.175565+00:00
250a7904-ce8b-420f-aa3d-dc4901b93382,1f6ea243-c818-4bf7-b475-40f07fa34cb8,185bc03a-7578-4cbf-aec8-ead94d050aac,low,0.659,pending,whatsapp,590.34,2026-08-19T23:41:51.175565+00:00,
31b937c2-6f64-4666-94a9-88257677e097,57318530-2711-4b67-9b05-85338841f92d,f28a7c19-ed38-4680-b38f-abc57aab5cf5,high,0.228,lost,whatsapp,1808.33,2026-07-20T07:16:51.175565+00:00,
a9cb08a2-c42c-4a02-89df-de1d9f2a19b4,be4d0306-6a79-4f9a-964e-3400c08afeae,dffc537d-2c64-48a4-a08f-fa5e62b0c88c,low,0.797,recovered,sms,3327.4,2026-06-14T07:28:51.175565+00:00,2026-06-14T19:28:51.175565+00:00
176f453f-b3d9-4e50-9bae-16e48642e6cc,e3571f96-f349-41ed-b5cd-5829b136e423,649edad0-4faa-462f-a60d-1b4023158851,medium,0.468,recovered,whatsapp,3151.7,2026-06-06T23:00:51.175565+00:00,2026-06-08T15:00:51.175565+00:00
73680118-e8b0-4f04-b654-e57deb97e71b,b8df828e-1ef5-4cf8-8292-f13e31f2b47e,59976d3c-fe1c-4d11-945a-7b6eccb912bd,high,0.167,lost,whatsapp,9137.94,2026-05-28T12:34:51.175565+00:00,
edf8fc2e-6df5-49d4-a431-c0d22b2cbbd6,b3a99229-af01-458f-9493-23f812e7b505,dc8ffc56-ae45-4f7f-80e1-060b03416d01,medium,0.493,recovered,sms,7185.32,2026-07-10T09:51:51.175565+00:00,2026-07-12T17:51:51.175565+00:00
51cfddc7-0548-4c2a-bf7d-d8cfd4ffe380,bc72f8ca-40ef-4b0d-9da2-29111d617e35,71b27686-37ed-43e3-b22d-67b38aa094d8,medium,0.521,payment_attempted,sms,8554.84,2026-08-20T01:07:51.175565+00:00,
11675e50-e650-4529-82e9-30df6555a988,8d565c3f-84a2-4ede-92f6-f6b0fc395bd0,9ce8eb62-51bd-47b2-8677-2b746218221c,low,0.7,lost,email,1875.12,2026-06-18T15:02:51.175565+00:00,
fb917b70-f226-4cf5-b6dd-f9e39eafc2f6,dda46993-6a99-48a9-8e2d-a34d162171f1,4a9e4697-ff5b-45d0-ab0a-47abeda77981,low,0.891,recovered,email,2762.43,2026-07-20T16:04:51.175565+00:00,2026-07-20T20:04:51.175565+00:00
378280fb-1149-4581-8f19-92901de0c6af,dde52b1b-d5b7-41b3-a6ef-20f93c8ad05d,139171c1-1341-4c26-955b-ae3f5a233141,low,0.734,recovered,email,3076.97,2026-05-30T05:51:51.175565+00:00,2026-06-02T04:51:51.175565+00:00
4b65668c-5f50-4160-b057-c83a372624ea,ad444357-d7b8-41cf-b8ff-87533911e9dc,fb4fb551-77a3-42fd-b2dc-350f84659a29,medium,0.642,recovered,email,928.78,2026-08-02T06:48:51.175565+00:00,2026-08-04T09:48:51.175565+00:00
d72b57be-2121-4081-9c70-8bca09d6547c,427f4e4c-e8d1-4695-93f3-b3ad22530ca7,d6afbed3-6ef8-4e10-8b28-04246f11b226,medium,0.508,recovered,email,3696.02,2026-06-18T11:22:51.175565+00:00,2026-06-21T07:22:51.175565+00:00
daf69e29-e816-4317-8edf-b55e95555521,76cebcd0-3e6d-4ca5-9ef3-21c0ebe7c587,1062d63a-e0e5-436e-9f37-940031b24ea3,low,0.673,lost,sms,651.4,2026-07-16T22:38:51.175565+00:00,
5ae889d3-b149-4003-a0ff-af99661b1f8e,9c0a1664-5978-470a-8364-fe611696d26a,cba09a13-0f21-482e-a207-f55eb6727fd1,low,0.703,recovered,whatsapp,3881.29,2026-08-19T01:55:51.175565+00:00,2026-08-20T10:55:51.175565+00:00
55370428-b739-40b3-87b7-b6aa5fb2ce62,0a9ffb17-e4ab-492e-a096-b40fc27c437c,d47f103f-5bcc-4ea3-8344-637275ef07bb,low,0.76,recovered,email,1489.2,2026-06-26T23:26:51.175565+00:00,2026-06-29T13:26:51.175565+00:00
ab3bdc43-bfa4-484d-bccc-ffa84a416814,e600ebfc-7266-427b-aa3e-c8c54c0aaef1,1e917205-6fa7-4bc6-981a-a3c0965a08e2,low,0.765,recovered,email,3379.8,2026-05-25T09:10:51.175565+00:00,2026-05-26T08:10:51.175565+00:00
b74e265f-a576-4b05-bdf9-be4dc271c4dc,217a397d-14ea-43a5-b569-11d896fbcc7b,ae7a6ab1-f74f-4bc6-b3b1-93018b64bccd,low,0.92,lost,email,1168.76,2026-07-06T22:08:51.175565+00:00,
a25fe0e6-881a-4497-aca2-7dffb022d242,0ffea72d-2429-44d6-b51b-6e6429022505,afab01d9-40ea-4150-ab22-395db1e4d1f8,high,0.248,lost,whatsapp,4216.14,2026-06-21T00:55:51.175565+00:00,
96ba528e-3a66-4c69-bdad-f3268e424285,e7ce362d-8dc0-42bc-a33b-f287b380f377,cf5630e7-ce4c-4480-99ef-be03d0b307b6,low,0.658,recovered,whatsapp,499.0,2026-08-17T03:47:51.175565+00:00,2026-08-17T14:47:51.175565+00:00
b7799abe-ab2e-4e1e-9a24-41458e907455,032e252c-6494-4350-8a73-c1f8b149c8e1,fb308749-6c5f-4c23-a8f8-6d5507b1abba,medium,0.557,lost,sms,5108.21,2026-08-14T14:08:51.175565+00:00,
8ce48e0a-23f4-408a-9815-3f0fe3692cb7,254b1129-7967-4d1f-afc8-b0f3aade144c,32341970-60dd-43e5-ab05-31fd4947d9b2,low,0.684,recovered,email,2613.28,2026-07-05T01:49:51.175565+00:00,2026-07-07T18:49:51.175565+00:00
a764edc2-da64-4aa0-a4da-dc9e008289a2,dca74f95-2edd-4763-82bb-4ab53a42612b,c7bb9ccb-2ce2-44c4-a19c-e4ca3dd49683,medium,0.467,recovered,voice_call,10610.32,2026-07-01T07:41:51.175565+00:00,2026-07-04T00:41:51.175565+00:00
7f3c0a2e-b8c2-4faa-b7f1-2d7b2f99cfa6,162d1aa3-a2aa-4ed3-86cf-431abac1cbd3,ed089976-6f69-4ebb-b65a-728748d3d4fa,low,0.812,recovered,whatsapp,2937.85,2026-08-17T15:55:51.175565+00:00,2026-08-20T02:55:51.175565+00:00
91e610ab-9ab1-4f48-8c58-9e7463988cb0,c2db6a58-b4bd-49c4-a01c-f956d7241082,b7af53c7-b1b9-4899-ac12-749d0d1155b8,medium,0.525,contacted,whatsapp,873.48,2026-08-22T14:54:51.175565+00:00,
c6c28438-d713-4a0a-971a-9df27795db49,50fd4b9c-e414-480b-9ce9-45957b4737ba,bfd27c84-f7bc-4b76-adcf-3c7e15452b3a,low,0.866,recovered,sms,3467.58,2026-06-23T09:42:51.175565+00:00,2026-06-24T02:42:51.175565+00:00
62801414-9b19-468f-ad22-8fcfc8b2265a,4b1ba3b3-0485-4192-8f6c-fb8c5457c483,f35c0f13-118c-44df-a2fa-aa1bbeea1790,low,0.736,lost,whatsapp,1414.66,2026-07-13T15:04:51.175565+00:00,
3b923214-fda9-49ee-a027-72a3e9ee0c46,0f07b49c-f667-473b-9532-4337506eff85,3e3e3e07-d8b7-4824-8dff-1d20ccf224af,low,0.897,recovered,email,3020.64,2026-08-11T00:10:51.175565+00:00,2026-08-12T11:10:51.175565+00:00
f6f06d44-4adc-45b6-81cb-99318688c4de,465485ba-dff6-4d8e-bbb5-64b73f7273ce,be651476-81e2-46bd-add8-d8d6c8fc9149,medium,0.517,recovered,sms,4312.23,2026-06-30T05:47:51.175565+00:00,2026-07-03T02:47:51.175565+00:00
8fdce331-9bc4-4afb-ac38-59d5a79dfe06,211f753f-e941-4774-9fed-b649de35cf98,fcf3fe06-c738-4f12-a9d8-9004f5c733d3,low,0.797,recovered,whatsapp,2368.93,2026-08-13T14:59:51.175565+00:00,2026-08-15T09:59:51.175565+00:00
e26aaffc-e23a-4de6-b36f-501dc60f6fdb,1ba30429-c2a5-44f3-92fa-9e078cc21bdc,44a4e96c-ec5a-4a7c-a5b3-61f4a403eab1,low,0.685,recovered,whatsapp,3881.52,2026-06-11T07:18:51.175565+00:00,2026-06-12T18:18:51.175565+00:00
65943f75-0e9b-4626-be97-60bce85dd46c,caf2d6f0-4545-4657-abfe-a7360a23b324,7a700597-d856-4d5d-9540-895f7b9d5966,medium,0.64,lost,whatsapp,2128.64,2026-06-24T06:20:51.175565+00:00,
170e546c-b66c-4223-a44a-899321fed3ad,96e20f20-0a48-4189-a380-a4dd55a5cc9c,4f9b06b7-f888-430f-8903-82c73fed03fc,low,0.858,recovered,whatsapp,949.81,2026-06-15T09:54:51.175565+00:00,2026-06-16T13:54:51.175565+00:00
2e27d974-6045-4025-8972-9095750fe815,7e81b080-23ea-4d42-9b85-54169279e67b,36e0bab4-6dd2-4566-927c-a538e690597e,medium,0.595,lost,whatsapp,2135.82,2026-06-22T04:31:51.175565+00:00,
d699e146-4567-412b-85f7-99db230ef5cd,2f53f97e-8c88-44ff-b6e3-8c15d6dc7c0c,f2623229-54e4-4553-b438-3d7055311b06,medium,0.531,lost,sms,2213.35,2026-06-18T04:58:51.175565+00:00,
86cff1a7-efbb-43a7-ae9d-cc7fc616d516,c27a9724-f193-47d3-a8e0-9ffae83df297,be9f2014-52a9-48ac-9114-1d0466e2bd5f,medium,0.554,recovered,whatsapp,801.05,2026-07-19T04:17:51.175565+00:00,2026-07-20T23:17:51.175565+00:00
eda557cb-8a0d-448c-83aa-d3fca409ae90,77be10bd-3db0-4650-8c83-6c66a60e3db4,df0e182a-fa69-459b-b5fa-01c9c466e1f0,medium,0.524,lost,email,1175.82,2026-07-11T12:20:51.175565+00:00,
d4deb188-d06c-498f-9dbc-6ac88cf37ea9,b175e33d-7d8d-4de1-ab85-8c8c29711846,b936614b-ec1f-4c0a-8bde-c8e28f41545c,low,0.819,recovered,email,1620.59,2026-08-09T15:54:51.175565+00:00,2026-08-10T18:54:51.175565+00:00
0dc17f61-b799-4371-b350-70ac8fde58a0,112a149b-407b-4d08-8573-203d8e333a86,e5ab66b2-3c2a-4ddf-885c-09b2cad02faa,medium,0.352,lost,whatsapp,2278.42,2026-07-07T02:31:51.175565+00:00,
6bb8a405-2a25-4a72-bbc2-83e9e5ee9a46,02cec7ae-eaf4-4b32-a794-d4620f7a7082,1b293bb3-2450-4d67-b32a-35946db2e4de,medium,0.505,lost,sms,2472.99,2026-08-14T02:25:51.175565+00:00,
fdf1fc34-dd9f-480d-b746-b1f629a0ee6e,3eec8c04-187d-45c2-ab25-c9c953882164,e7134878-9e9f-447a-ab85-63b5235f478c,low,0.85,recovered,whatsapp,3416.09,2026-05-27T09:36:51.175565+00:00,2026-05-29T06:36:51.175565+00:00
a3873613-18c9-4a7c-9e7f-cfd5ffbe2b64,84fd0969-c8b6-41e5-a568-c54e2e3d1cf1,8d1da070-5b76-4b38-a54b-f5fae152476b,medium,0.558,lost,whatsapp,3812.76,2026-07-12T07:46:51.175565+00:00,
16c63b3c-0737-4430-8541-e9ee52387ede,d95cb0ec-9a2f-432e-b985-fc72c1340a78,04955260-9f5b-42a3-ae3e-9c90ff226533,medium,0.378,recovered,whatsapp,6818.35,2026-06-21T23:03:51.175565+00:00,2026-06-23T15:03:51.175565+00:00
5e34e9d8-ec12-41c9-bda2-1c60412e34b8,6e7ec504-36a6-4db5-beab-06ac5629e230,c96c5b35-dfb3-4e77-9038-9eb3c4e8b2fe,low,0.753,recovered,whatsapp,556.91,2026-06-17T19:56:51.175565+00:00,2026-06-20T05:56:51.175565+00:00
6629fc07-b67a-43ca-b4cd-cedc9cdbd26d,db4c8fc2-f3cc-4c6c-a8fc-0aacc6f419ae,f438f943-aac3-4756-a050-0044025cc64a,low,0.745,recovered,whatsapp,2238.39,2026-06-17T01:00:51.175565+00:00,2026-06-18T18:00:51.175565+00:00
758568f1-f980-4ed7-9706-31db4dd2e281,bbd5d50e-c1ea-43d9-b5a2-8fa9b999b928,abf300b0-356d-4841-8999-3700c0403ce3,low,0.655,recovered,sms,3482.55,2026-07-24T00:39:51.175565+00:00,2026-07-24T17:39:51.175565+00:00
560b9411-30f1-4350-8f7e-04e89d4e2225,12f781ed-1f08-4edf-8c49-358905c04cc7,b3b20bcb-a3bb-4f3d-93e7-d838803392be,medium,0.55,lost,whatsapp,701.13,2026-06-28T04:59:51.175565+00:00,
20180916-96d7-434a-ad89-373d3e4da9b7,f2ecb1fe-9350-4dfd-8c77-91b6655a640d,112a80d4-0b50-4c38-a2a5-09b860cad48c,medium,0.554,recovered,email,4494.28,2026-07-14T01:07:51.175565+00:00,2026-07-17T01:07:51.175565+00:00
30db560f-980d-41a2-9e17-0bd3c5c0422c,4ea6ca2d-35d8-4fb5-a5f8-da64cbe27db0,2bfc03c3-7f76-4587-9681-137b3900500e,low,0.811,recovered,voice_call,1268.06,2026-07-07T19:19:51.175565+00:00,2026-07-08T03:19:51.175565+00:00
98d725df-7e73-4b85-a078-b7576bde0dec,6934323f-e11a-4786-aacd-4a3313f0e006,88527cfd-795d-4822-9700-e9281df3eed5,low,0.89,lost,email,647.02,2026-08-19T12:05:51.175565+00:00,
b7d69ceb-80f8-4dde-b1d2-a83453c0d30e,10d11696-214c-41af-8abf-fd564c617fbe,f68bf304-5e8e-4c81-80fe-156962997d6b,medium,0.584,recovered,whatsapp,4653.5,2026-06-05T07:38:51.175565+00:00,2026-06-07T05:38:51.175565+00:00
7d74855d-7722-4743-a3db-2c9791d53327,513d1136-ae88-4289-95ac-980ad88ddb96,41f7303e-b200-4fda-89d3-15b55746a055,medium,0.617,recovered,email,923.1,2026-07-29T02:59:51.175565+00:00,2026-07-31T18:59:51.175565+00:00
f9f18303-65c2-47d8-aaa9-18e1c4cc36a4,601381af-88e1-4414-90ba-58df11b20c50,23fec949-35a7-429e-bb1a-580d7d7542a0,low,0.801,recovered,whatsapp,1136.59,2026-06-09T10:36:51.175565+00:00,2026-06-12T04:36:51.175565+00:00
387b49e8-5963-4367-ad86-4bd56bbc5a6a,80e76a4a-cacf-4c6f-ac3a-fa78bfb76bb0,28c868a0-279d-408c-936a-17472cd78a15,low,0.771,recovered,sms,1948.1,2026-08-04T00:09:51.175565+00:00,2026-08-04T15:09:51.175565+00:00
61cd5ac0-f6de-405d-a48d-8ad24454206e,48555a8f-cce4-40f4-9931-afde17ed5d4e,f884d552-08af-4a73-af0d-e496c84e230a,low,0.678,recovered,email,1940.71,2026-08-12T10:28:51.175565+00:00,2026-08-15T04:28:51.175565+00:00
ddf2189d-e8e4-4257-ad1e-41e3b819174f,f8d9169e-1887-4419-b2d3-c65935fa8b55,3cc8aad5-bb10-4de7-bbe7-0bba3fa4d7f3,low,0.68,recovered,whatsapp,499.0,2026-07-19T12:19:51.175565+00:00,2026-07-20T17:19:51.175565+00:00
b4643177-e896-45ba-bec5-352157dd5d29,5d9bb777-fc80-4da4-afa8-01af78c93378,ebfbc19d-b861-4216-89e5-6cab1d748f14,medium,0.571,recovered,whatsapp,1168.6,2026-08-01T18:17:51.175565+00:00,2026-08-04T10:17:51.175565+00:00
4333a1f7-73cc-470d-b72a-4fc17108faba,e65853ec-7e08-4eb2-b30e-b5822039fdd9,3fd31470-c5b8-445c-b85d-59c30742ae0d,medium,0.506,recovered,email,4482.99,2026-06-06T17:14:51.175565+00:00,2026-06-08T01:14:51.175565+00:00
1a71d927-b65a-4ad9-a540-6728d0394fe0,08bac25e-68ae-4174-9d6f-c9a2cee6a849,e651d3e6-653a-484a-b3a0-9d327f63e434,low,0.69,lost,email,2578.74,2026-08-16T23:23:51.175565+00:00,
0d123e77-13fb-460b-95df-539407d602fb,ad9ff33c-4532-4460-9d02-1affb16c0333,c3d77657-b419-44be-83e3-cb688329b916,medium,0.482,lost,whatsapp,4943.1,2026-06-24T00:09:51.175565+00:00,
4773a7a6-5197-4814-809c-4a609c0505c7,9c123fdb-68b0-48af-b8d5-4ed0aac727ea,17d78cc1-7a08-4d0a-a539-77fbe11fff8f,low,0.955,recovered,email,499.0,2026-08-03T21:05:51.175565+00:00,2026-08-05T10:05:51.175565+00:00
740180cc-2fe8-427c-b6d3-2a364475252b,c3300095-f4e2-499b-ab87-10ab642e2ae9,36f97554-7c95-4dde-bf2b-4b3b3efba025,high,0.251,recovered,email,7500.72,2026-06-01T22:19:51.175565+00:00,2026-06-02T08:19:51.175565+00:00
a7275acf-cf3d-45bf-a13c-88f8ce60d90f,8177f7da-da85-41c4-9156-3aaa94a05d99,de808b2d-8591-47e5-92e6-88e8b8d0d6aa,medium,0.533,recovered,email,1961.68,2026-05-24T23:42:51.175565+00:00,2026-05-25T09:42:51.175565+00:00
9c206a0c-a13f-4427-abdb-6f61722693b3,743c4421-5b17-4c2d-bed5-9bc7767af65d,8344feed-d983-474b-95ac-c310eaed5d62,medium,0.512,lost,sms,9044.55,2026-06-11T20:45:51.175565+00:00,
c1828f37-fc3e-4c08-93ff-296a8cb15ae1,bde42db7-bd8c-4495-9f90-4c6f300ec866,1d198e80-f4a0-4057-b6eb-65826d358385,medium,0.469,lost,email,4821.59,2026-08-18T05:18:51.175565+00:00,
3ca0927a-a5f9-4a0e-8a91-a7c1e84e80d9,42104513-2b09-4373-a265-08094fdcd4a5,b741cc1b-3599-4c87-8a95-4a5297a42002,low,0.76,contacted,email,3130.64,2026-08-21T05:47:51.175565+00:00,
10b9f2bb-8008-4cab-8e2b-66d13cba3334,468da1e6-0a84-4e64-99e7-a55a4f473fd6,175365fe-7fac-4094-afa4-5b5668d41c7f,high,0.242,recovered,voice_call,4326.57,2026-08-10T01:51:51.175565+00:00,2026-08-12T10:51:51.175565+00:00
ac664e85-909b-4b0a-aded-4871c27cc436,77d53faf-560c-4823-9f8f-f13b5015fed8,db8b5b98-97c2-4759-86f8-4c6dcd67aeef,low,0.748,recovered,whatsapp,3862.72,2026-06-26T10:49:51.175565+00:00,2026-06-26T15:49:51.175565+00:00
8cdf6e57-2617-4c26-8629-2d526c92db31,09b0926e-f700-49b7-ae11-08b5c68990b3,cb3b3482-ef0b-4940-8d71-ad2dedcebd4b,medium,0.575,recovered,sms,7504.94,2026-08-03T03:30:51.175565+00:00,2026-08-04T06:30:51.175565+00:00
3a6575da-e639-4ad4-b7b5-a3e75deb1d66,31c1cbe1-4bfd-434e-bb4e-91b187cc2018,ceb24392-09f7-4ff0-bf6b-505268ce0781,low,0.73,recovered,voice_call,3661.7,2026-06-24T14:39:51.175565+00:00,2026-06-25T12:39:51.175565+00:00
6411f7cc-d092-49cb-b358-1b38e9183a48,6960efbc-a022-4148-950f-bbcd6185211a,d6563799-fe52-471d-a6c3-4d58ffd42fe3,medium,0.613,recovered,email,2869.18,2026-06-12T12:37:51.175565+00:00,2026-06-13T13:37:51.175565+00:00
2f334c45-d14d-4d37-96ce-da925d6f6a0b,507a0328-277b-44cd-9940-84b042f09756,40c81a18-8baf-4d3e-aee9-61d53d6df0c3,medium,0.643,pending,whatsapp,716.74,2026-08-21T03:42:51.175565+00:00,
7a400525-ed1e-48db-b209-8310e8a5b9d4,d7594f07-4602-43fa-b351-b54345be32f7,42d0d970-204c-445b-8614-4d5e15970b41,low,0.77,recovered,email,3007.63,2026-07-30T12:04:51.175565+00:00,2026-08-01T14:04:51.175565+00:00
22a94e23-b02b-45ef-9328-45b6b0bbe3a2,4bff0db8-067a-42a9-8c11-8a4f75040c1c,9b17f885-feaa-4d3d-9e96-11139b6b6a39,low,0.815,recovered,whatsapp,1113.44,2026-07-29T10:06:51.175565+00:00,2026-07-31T19:06:51.175565+00:00
e8579b8c-a17c-4c0a-a275-d85ff578a14d,0cb86243-7efd-414d-9c18-b9508443d8cf,04c59658-aa30-4641-98f7-48fe7f4c48f7,medium,0.602,lost,email,1627.8,2026-07-01T12:56:51.175565+00:00,
884438fc-57e7-4f10-bcfa-2eac5fe7e7d2,e4c3bf27-f7cc-4578-b977-188097088964,c6521b3b-4679-4288-bc1e-91ba24c9e75c,low,0.795,lost,sms,971.09,2026-08-09T14:01:51.175565+00:00,
b5d60435-e810-4e10-bad8-831eb7c4f839,076c89db-b619-40c8-ab0a-2df0efbd0078,87a20eda-d938-4a6d-8aea-d3bdc059b7eb,medium,0.363,lost,whatsapp,4877.67,2026-06-25T07:30:51.175565+00:00,
69e9a121-23f7-4b27-a95a-41e69ffbcce8,f3ab8164-d752-4b71-b448-a0bba38232de,c9b6bae0-9673-447a-b8b9-95c00440d805,low,0.912,recovered,email,1009.27,2026-07-13T22:23:51.175565+00:00,2026-07-16T07:23:51.175565+00:00
57edc1c6-6e70-48e1-b283-ba71022b7c15,8fc174bb-d55b-4098-8223-d5ef8c4e148e,5d010287-282a-4352-b385-5c5c0b6c5a79,low,0.811,recovered,email,4013.18,2026-07-17T13:08:51.175565+00:00,2026-07-19T03:08:51.175565+00:00
52497395-e418-41e4-bc57-9ab5c888f7ca,d92b9fad-e984-47c5-ad14-fa2461ca4bd8,94fae1b7-9867-4643-a01a-d228c8cbf050,low,0.758,recovered,email,1701.72,2026-06-13T22:16:51.175565+00:00,2026-06-14T22:16:51.175565+00:00
74b3542e-1f38-4aac-a37a-4accd66fcff9,a6652d0f-1fcb-492d-8218-d6238e58beca,cae9b32f-e2b4-471d-9646-00edce4c6a0b,medium,0.465,recovered,whatsapp,3157.8,2026-06-16T05:14:51.175565+00:00,2026-06-18T01:14:51.175565+00:00
5c7cabb3-72c4-40ab-bcef-f6efb914bb55,ad358cf6-0a0e-49ee-b679-ee9f8dabcb32,dddaeebe-3f37-44cf-b8e8-fafa6817eb24,medium,0.617,recovered,email,2610.55,2026-07-29T14:46:51.175565+00:00,2026-07-31T00:46:51.175565+00:00
53e7abdf-9b6b-4c30-b995-57117b257967,563d7dfc-5039-4ed0-ac6c-fb928eea346a,5908b8bc-8f54-452c-940c-f9b9a9f2afd2,low,0.718,lost,whatsapp,1338.32,2026-06-23T17:59:51.175565+00:00,
581bd931-12ad-47ee-809d-c537f17a483a,f4a07f16-4f69-42ac-a4eb-12330b9acffb,9d02d5a5-d178-4ab1-b982-cb419a376887,low,0.94,recovered,sms,4571.89,2026-08-01T19:22:51.175565+00:00,2026-08-03T02:22:51.175565+00:00
c6ab6e7b-c533-4af6-b50a-e8bf08d33a68,2a6e46f4-8fa0-4e2f-87c0-4d59defec57c,684a5c74-8c5d-44a9-8983-91d7677ce117,low,0.719,recovered,email,2149.7,2026-07-03T15:00:51.175565+00:00,2026-07-05T12:00:51.175565+00:00
44d5d9ee-cf25-48e8-a515-b6ff1d10634e,92484b2a-79d3-46fe-9d61-36a6aceb88e4,39b27e17-090c-4979-9e39-b44415d80c1e,low,0.819,lost,email,2773.64,2026-07-16T13:06:51.175565+00:00,
127eda81-0e6b-4c24-99aa-c65e19a55e6b,c43420a9-1fb9-441d-a766-ebe727fdfb53,646710bd-ab6a-4b2d-98c6-ddb5676dcc43,medium,0.613,recovered,whatsapp,2010.46,2026-06-30T14:38:51.175565+00:00,2026-07-02T11:38:51.175565+00:00
7d4da3e5-8f60-4f1c-8a8b-54c4374cfdc7,075d5ac0-5231-4485-a7eb-2daafa99deed,90a18d65-c823-4875-a679-53066ad67bd8,high,0.191,lost,voice_call,6573.03,2026-06-06T10:28:51.175565+00:00,
2f0b8bd4-16aa-494c-86bb-17d97509c9c6,444310c3-c941-43d8-bc04-421fe46fce55,ad0d2a13-cc9d-4f37-b0ab-350121d99132,low,0.738,recovered,voice_call,2992.23,2026-07-02T00:41:51.175565+00:00,2026-07-02T16:41:51.175565+00:00
db653376-04cd-4aae-8582-c9c9d8be0beb,33da13b5-d128-4584-8ea0-b4a6e554e07f,6d958049-d669-4b55-8261-a90673c85f0c,low,0.728,recovered,whatsapp,845.99,2026-07-06T13:13:51.175565+00:00,2026-07-08T02:13:51.175565+00:00
db6fc308-5628-4418-8cae-fcb5b56f0fbe,144f8cb0-7bf6-4799-9d43-53ad46ba6238,4164c897-7104-4950-82db-a2b4b2f9af18,low,0.872,recovered,email,1281.86,2026-06-21T07:47:51.175565+00:00,2026-06-23T18:47:51.175565+00:00
5b6d648d-5ad6-4555-b459-5682f80e5d3f,71fc8bdd-f483-4beb-ae2e-4f20812ea039,56fd53c3-0315-4fcb-a16f-1c3c2aec0639,medium,0.597,lost,email,3127.06,2026-07-19T23:21:51.175565+00:00,
dc6f3863-793f-4171-bd80-d42dd9af84df,2aefc87e-737e-4e59-8143-311fa8c4cf00,5fa81879-da2b-46c1-922d-129323202ce3,medium,0.628,recovered,sms,499.0,2026-06-26T11:20:51.175565+00:00,2026-06-29T05:20:51.175565+00:00
54ad9cb3-7d3d-4281-b7b8-d74285fd698d,58e4fc10-926a-4d42-8e2f-792daae69f58,3925cb96-305e-442f-99b5-39a9c493472a,low,0.829,recovered,whatsapp,4262.45,2026-05-26T00:06:51.175565+00:00,2026-05-28T21:06:51.175565+00:00
fb57a45f-a36e-42c1-b2cf-d6e5b4a6dbe9,2a479a46-f846-477a-b935-c6af37076717,d9703abd-d50d-42b5-9c8d-e34a4606ac2f,medium,0.474,lost,whatsapp,779.82,2026-08-19T09:03:51.175565+00:00,
0be2ed7d-aeee-484c-b26e-d7bde1fe505f,0a95006c-ab7e-4998-b8d8-296d65972d57,e2ff5e69-e808-41e6-8294-2b404c5711d0,medium,0.551,lost,whatsapp,12670.32,2026-06-01T10:42:51.175565+00:00,
6320b81d-72ef-4ad7-99e5-71f0e19ceb2e,33e9d308-a71a-469e-b042-dc250821fdfe,8301e9b8-f06a-43f5-8680-5663af60b62d,medium,0.49,contacted,sms,4153.84,2026-08-22T08:17:51.175565+00:00,
27879f38-846f-4c68-9835-d7a3af6b6449,205bf12d-f564-45c6-8cee-0aab1570784a,532b61c8-6d7b-4e50-bc92-c7214cc96d37,low,0.705,recovered,email,1820.36,2026-06-26T19:00:51.175565+00:00,2026-06-29T04:00:51.175565+00:00
6e3d4c0e-8c0c-4af4-8fda-6b015e3f55d1,c9920c0f-0e1f-4a8c-9d6b-dc328db8792e,ae024c16-303b-436b-81cb-cee20beec55b,low,0.9,recovered,sms,499.0,2026-07-17T09:21:51.175565+00:00,2026-07-19T16:21:51.175565+00:00
220678f9-58d3-4e3d-871e-9947f0c65111,d056dbf9-b242-495e-b63b-22a38ba08deb,a9ea62a1-e223-4da6-b366-07b5518fab81,low,0.776,recovered,whatsapp,1565.8,2026-08-06T14:41:51.175565+00:00,2026-08-09T14:41:51.175565+00:00
b7ed84be-337a-4712-b3c6-539382012a50,17f03d5c-a92b-460a-b10e-e680b63ee832,f43a8e68-9abb-4266-8ad3-499bdaeff68c,medium,0.625,recovered,whatsapp,2168.95,2026-06-06T04:39:51.175565+00:00,2026-06-09T00:39:51.175565+00:00
6ed3afcc-f208-4613-9be9-0924ea0e48ad,50f3f6fa-ff7d-44de-858b-cce22a553f74,f88d7e6c-c5da-402b-8458-56d6b8fecb71,low,0.889,recovered,whatsapp,1792.46,2026-08-19T08:20:51.175565+00:00,2026-08-21T15:20:51.175565+00:00
c0c4b3f8-e67b-4a86-9d5e-7c8fea870da2,a6bdd1b8-a5be-4082-8fc5-127523d54928,d1bbc2d4-ee47-4dbb-8b6c-a09c94b273de,medium,0.553,recovered,sms,3839.51,2026-07-08T03:13:51.175565+00:00,2026-07-10T20:13:51.175565+00:00
df848ff2-c593-4819-b083-658f6daf2d5c,6673181b-3c14-4c25-9953-2c6c9a0667a9,8ee0e469-2f66-4d35-afa9-7ac91db7b239,low,0.914,recovered,email,2644.13,2026-07-24T13:45:51.175565+00:00,2026-07-25T12:45:51.175565+00:00
61dc085f-205e-4359-a09d-eebfcbd7e0e9,cef91392-1d2c-4cdb-9b6e-edff93e7661b,26f09965-014c-4a99-b5b0-f3ba7544f716,low,0.825,recovered,email,4164.03,2026-07-08T14:19:51.175565+00:00,2026-07-10T21:19:51.175565+00:00
3d9eb645-af62-4580-89a2-06e5ccdd1d66,9454793f-3e8a-4743-b22d-76626b2d8728,aa632b97-d2e5-4f3b-b46b-769bbfdcaa74,medium,0.388,lost,email,2817.7,2026-07-10T15:52:51.175565+00:00,
8797b07c-c52b-4ac1-89e7-210f24cafda5,df222e18-d21c-462f-8127-da862e65f908,50ad9edd-f961-4a68-83c8-679e77a0e615,medium,0.619,recovered,email,4656.25,2026-06-09T18:52:51.175565+00:00,2026-06-10T05:52:51.175565+00:00
67f78b35-4dd7-4fbc-9a40-d21ad0d10daa,aa18e423-283d-4541-9ddc-9ec12393809c,d2e8ea9f-f1f3-4be7-873a-13d9c677e8e0,low,0.655,recovered,sms,1657.81,2026-08-06T05:07:51.175565+00:00,2026-08-07T15:07:51.175565+00:00
cb1849fb-8457-45b7-b2c0-1816b1fabf65,a67cfc3a-d654-4af2-b76d-ca703dbcd477,2b84a6f0-720f-4195-b24a-9a0bf0de8258,medium,0.53,lost,email,1761.76,2026-07-29T00:24:51.175565+00:00,
919670d1-eb28-439e-9e59-9b15c5105632,a1449565-0479-4187-95ee-a074d59e33a3,a7913b7f-f929-4d4d-8b36-787a6985590b,low,0.749,recovered,whatsapp,1350.0,2026-07-25T13:59:51.175565+00:00,2026-07-28T01:59:51.175565+00:00
f4821bad-2eec-46bb-b0dd-94c4b15fd050,2d96f9c8-9add-4a51-9b2c-703e3cb78aa1,b0780984-d76f-47f5-aeca-810d277519f1,low,0.711,recovered,whatsapp,2121.54,2026-07-29T19:29:51.175565+00:00,2026-07-30T06:29:51.175565+00:00
44fc6a67-1e81-4726-8c5f-ede349c9ba87,edd7ce40-c56a-42f6-afd2-56f062666412,053f01e8-3e7b-492a-a555-c8c7e5df0f8e,low,0.667,recovered,whatsapp,3835.76,2026-06-02T23:29:51.175565+00:00,2026-06-03T06:29:51.175565+00:00
6ac651ac-1062-4e47-b6b2-433b4ec7a1e2,55369618-6f0e-4016-b939-f22f00a332a6,7993d6ae-3f24-43fc-9f57-f7a216f03c5f,low,0.831,recovered,whatsapp,499.0,2026-08-04T23:10:51.175565+00:00,2026-08-06T02:10:51.175565+00:00
22e64b15-e41c-4576-a44c-34561485a90a,0a7ea517-db17-40b9-a610-423d8d96b4e8,17a869fb-a92f-4dbf-8867-cf1227665b58,low,0.837,recovered,whatsapp,685.04,2026-08-15T17:30:51.175565+00:00,2026-08-17T15:30:51.175565+00:00
c4555cf7-493b-4bfe-8a5c-8024bb6764ac,976a0154-403f-4e51-ab18-33e124132ed0,27824b6b-b439-4b29-a636-8e666e1878b9,medium,0.526,recovered,sms,2413.6,2026-06-15T00:02:51.175565+00:00,2026-06-15T18:02:51.175565+00:00
8828bf88-bc09-422f-9b32-fbd6f036b36d,7a27e7b7-ffec-47f1-bfdf-35408323a3a7,e38249c1-73d3-4d1c-8424-bc7c5a488349,medium,0.582,lost,sms,5194.78,2026-06-06T00:50:51.175565+00:00,
9e4bb131-b5df-4213-8608-2b32f9889662,68e4cf57-fa54-4c54-9561-8c13391a267e,ce3ca48d-4816-4750-b4a1-fa16a50562b8,medium,0.636,recovered,email,7958.69,2026-07-22T12:29:51.175565+00:00,2026-07-24T16:29:51.175565+00:00
dd90b23e-cb96-4fac-af76-13e27333944b,55ce53c1-94e0-4525-8ab9-f965f08d3646,698554c5-07f3-48b8-96ce-3a8bb6ca0ce3,medium,0.585,lost,whatsapp,1523.73,2026-06-28T07:42:51.175565+00:00,
908956bd-aedf-4916-afbc-b8487437292a,55f80faa-c93d-4b80-9a4e-3575358f77f9,32699d5b-1b2f-4557-9821-eda2481a2841,low,0.801,recovered,voice_call,2977.01,2026-07-10T21:17:51.175565+00:00,2026-07-11T09:17:51.175565+00:00
ab8d29bd-05be-4c09-943c-c5c9f5af164e,039deb8f-4c14-42cb-9170-73eec172b84a,d381c21b-a111-4855-87ed-79e108c1d6f0,low,0.806,recovered,whatsapp,1415.16,2026-06-29T04:43:51.175565+00:00,2026-07-01T03:43:51.175565+00:00
df5deea0-cbbc-49e6-809a-186a6eef7cce,8a4f4a10-cd06-438b-825b-b68bf1b850ae,72287b01-5a4c-43d9-9ec7-b06a7d92a7c9,low,0.742,recovered,whatsapp,3161.94,2026-05-30T10:11:51.175565+00:00,2026-06-01T09:11:51.175565+00:00
e075de32-7e24-4dea-b935-4459b9febaf6,ce61e2fc-de7b-43c6-a92b-30dfb605adcc,8239224b-bdfe-4732-acf6-4998856cc7eb,medium,0.549,recovered,email,1954.69,2026-07-30T17:29:51.175565+00:00,2026-08-02T11:29:51.175565+00:00
376fb0bb-7ffb-4899-a1f5-c27aa710ac15,c391545c-1f0f-4e96-b111-7fee1b28c6ee,76c00797-82d7-47ff-9211-5cab6425cde0,high,0.277,recovered,whatsapp,12659.22,2026-06-19T08:16:51.175565+00:00,2026-06-19T22:16:51.175565+00:00
e175b23e-52c8-4000-a474-06785671c740,aadb86e3-9c9d-4ce2-8afc-d2d255a96cd9,2d2215c1-0e3a-499c-b5df-2596d32759fb,medium,0.638,recovered,email,2471.92,2026-07-25T19:34:51.175565+00:00,2026-07-26T10:34:51.175565+00:00
9b02fdbd-2623-4e29-82b6-ad4c19ecc730,7355bc6f-bda3-4b23-ab2f-2dc7e070ffca,c11b6d6a-f391-4ca0-a8c2-35f287ac5fe2,medium,0.619,lost,whatsapp,2836.26,2026-08-16T03:00:51.175565+00:00,
76b618fb-9b57-46d1-a591-46d4258f5ba0,6e84fe63-967f-4e68-896c-d94584d490b0,5014c0e3-a43d-4f82-9c43-6d75d970dc52,low,0.826,recovered,email,2673.28,2026-07-21T08:52:51.175565+00:00,2026-07-21T16:52:51.175565+00:00
7c7a6d85-de21-45dd-9c6b-05667930632c,3dd7dce3-9b79-4f50-88e4-9a13639c640f,a9caae9b-3a56-4589-b069-4d1f96c87986,medium,0.467,recovered,whatsapp,3693.97,2026-08-15T16:17:51.175565+00:00,2026-08-16T05:17:51.175565+00:00
74f8fabb-51f2-4281-b5f1-83640fb877e3,21a7a0ef-d88d-4f95-8fe1-8672329aed9d,ca572b2a-6e24-4ccb-8a9d-e00d4e9b1669,high,0.185,lost,whatsapp,6166.59,2026-07-25T14:19:51.175565+00:00,
fb11a1f4-4326-435e-969c-8b7f9ad5f9a5,9b2c9b3f-e92c-4ac6-942c-3236d8d73df5,e410c74c-a924-4302-8997-aa92485ce5ba,medium,0.439,link_opened,sms,5242.86,2026-08-20T10:25:51.175565+00:00,
48cf0ad0-5fde-47d1-b474-f9f573ef3bba,fe05d25b-15ba-4f37-b5b3-e6668118ddc1,c7c31280-feaa-4365-acc7-898348671076,medium,0.394,recovered,whatsapp,3261.48,2026-06-27T22:16:51.175565+00:00,2026-06-29T05:16:51.175565+00:00
a6d62f5a-39cd-4c26-b967-0dee35350e16,43447df3-5833-4805-b4fe-e66a6a105a07,5c494535-54e2-4458-8a0f-588e58da0c11,low,0.81,recovered,email,3213.28,2026-06-14T16:24:51.175565+00:00,2026-06-15T15:24:51.175565+00:00
071564ba-549b-43d6-bb0f-bda534fed56d,b6f7f58b-c8ad-41dd-8e0d-aa9ee1146046,74b326c9-3f42-4429-8bb8-28f03fc719e8,medium,0.562,lost,sms,2500.95,2026-07-11T15:39:51.175565+00:00,
90aca72a-58b2-4326-8827-86ae1b8e68d6,f248908c-667b-47c0-841f-04dc858905d0,9097d5e6-a660-40a5-a4d1-abd8044d9b39,low,0.842,recovered,whatsapp,1980.13,2026-06-05T00:04:51.175565+00:00,2026-06-07T10:04:51.175565+00:00
9ba6060d-8beb-4d9a-b401-d6fa701b34e3,6563f4e6-3bbe-41a5-92c4-930ad6e88ced,66032625-b587-4334-a890-4a9c4f619212,medium,0.562,recovered,voice_call,5619.61,2026-07-03T21:20:51.175565+00:00,2026-07-05T07:20:51.175565+00:00
5e280c8e-d5e4-471e-9ea0-47d100633495,c56c4dc2-2c2d-41e4-837a-4565c717a70a,932ad320-f908-43ee-8644-12dfd5f1fa52,low,0.746,lost,email,6694.13,2026-06-20T15:15:51.175565+00:00,
234145c2-f2e7-4ce1-b5ab-8f38a71a7c7b,4c7e673b-bcfe-405d-9e76-9ef806b4f943,89257c09-f0a3-4bea-b4bc-0454e5eaf5d6,low,0.807,recovered,whatsapp,4682.04,2026-07-21T04:44:51.175565+00:00,2026-07-21T13:44:51.175565+00:00
d6b2a8af-d74a-4a86-b561-284094a15c0f,c4d8585b-c9c4-4504-bcc1-f955a9b3bbe0,d35fb468-44f5-4c57-9db8-356ba0b2f79b,medium,0.564,recovered,voice_call,11832.63,2026-07-20T05:32:51.175565+00:00,2026-07-20T21:32:51.175565+00:00
b12dabaa-e5f4-4b40-b50c-54417b72c286,532bbd5c-794a-4dad-8c35-7a476aea8478,54200507-830f-49bd-8a3c-2bbd346b5f02,low,0.868,recovered,whatsapp,998.7,2026-08-15T21:23:51.175565+00:00,2026-08-16T20:23:51.175565+00:00
ba831e7c-75f7-4245-9830-52d4ade75b71,d1004ec0-8779-401a-8a46-b305afaf5c64,894016dd-61ab-45a5-be21-6b2f3947b83f,low,0.685,lost,whatsapp,2153.63,2026-07-16T02:02:51.175565+00:00,
9b399a62-82bd-46ba-8e9b-c167d91e047b,3c496450-f14e-4ad9-b421-2a17560ace1e,342233cb-29cd-4205-aad2-a724372a4bee,medium,0.439,recovered,sms,779.33,2026-07-01T08:23:51.175565+00:00,2026-07-02T05:23:51.175565+00:00
10e71167-7de2-4808-ba53-ea449d08e1ce,01befb3d-698a-4fa7-b06a-8da47f216475,e671c24d-03eb-4afa-81fe-165173516cb9,medium,0.588,lost,whatsapp,2524.8,2026-07-03T09:35:51.175565+00:00,
b0d430e8-e2e6-4782-93cd-b5a53240ef93,c38a8fa5-fef5-405e-a23e-3d0f6e4e6af1,1cc55712-a675-44ab-a73e-67ab8035c49f,medium,0.538,recovered,whatsapp,2159.57,2026-07-18T01:35:51.175565+00:00,2026-07-19T07:35:51.175565+00:00
235a3e19-aabb-4636-8249-1f7b051d99f4,de92c64b-9869-4431-a3bb-1e827706ebbb,1132a787-d0fa-48ea-95a1-3d70eaf5bb6f,medium,0.596,recovered,sms,7131.17,2026-06-19T01:44:51.175565+00:00,2026-06-21T21:44:51.175565+00:00
aaa4888f-1e82-4d1d-bae7-d0af22b29196,10e8b016-97ac-4774-9c4e-5de7abd4c942,8450272f-6d54-4581-b4d2-159811b4179d,low,0.684,recovered,email,4357.56,2026-07-05T02:44:51.175565+00:00,2026-07-06T03:44:51.175565+00:00
02b3a742-ccc6-431a-8160-0825b57fad88,7350d7a4-0f41-4686-9299-5ef77a5b8484,c56842a5-0483-4021-8c02-4397254e3ab7,low,0.725,lost,email,3241.06,2026-07-28T10:02:51.175565+00:00,
925e8504-073f-420e-9b8d-18300a05eb2d,cdd14652-1c58-4d45-a5e3-dba7a8492dc3,64b69b3e-3a28-4754-a5fb-8be7a5c90726,low,0.845,recovered,sms,2317.27,2026-06-11T10:54:51.175565+00:00,2026-06-12T16:54:51.175565+00:00
48298f16-2b34-4e23-a693-5217143c4fda,55f80faa-c93d-4b80-9a4e-3575358f77f9,f8733fcd-c909-4e4c-9e2c-4707e14b48b2,low,0.723,lost,email,12509.08,2026-06-19T12:50:51.175565+00:00,
efec2328-e199-4534-8076-550d16c08b81,a3928380-98ba-4c21-946d-c6a460d8f2de,b390781b-b271-4cca-9411-2a133ca2365a,medium,0.514,lost,whatsapp,610.7,2026-06-21T23:17:51.175565+00:00,
8a239f16-4ad4-44b9-ba77-c3fa7e857491,d1781629-3a6d-45ec-a6a5-85319e92187a,b23af919-d035-45f7-8653-dcf09d5494e6,low,0.743,recovered,voice_call,3324.76,2026-08-12T03:42:51.175565+00:00,2026-08-13T05:42:51.175565+00:00
ba361ae9-b4c4-469f-b95e-0ec0f0a1fc61,e9e4f44d-c263-4494-a27c-76bed94ac501,17933bb5-9c56-45ff-9816-9d2fe0026556,low,0.753,lost,whatsapp,602.75,2026-06-10T04:48:51.175565+00:00,
4c06e95b-72c3-4658-a104-7b3fae47d107,604db227-2f3d-454b-af18-d00addf28aa3,1b46086f-6efc-49f2-b472-74647e83233c,low,0.746,recovered,email,499.0,2026-07-22T02:03:51.175565+00:00,2026-07-23T00:03:51.175565+00:00
d92e2b4a-744c-4f38-ac82-5d72ace97cb6,3404688c-b947-4877-a18f-a3e084717ccb,0497d5ff-5a2b-4c98-8ddb-9831d0057c90,medium,0.54,recovered,email,2111.19,2026-07-24T04:31:51.175565+00:00,2026-07-26T16:31:51.175565+00:00
9374ad06-60fe-4763-979f-bdb7d45948dc,2c697452-8af1-4ee5-b5c6-739a1033387c,a331bf18-ab1d-4486-b242-c76b861fcb84,low,0.778,recovered,email,612.69,2026-07-28T02:02:51.175565+00:00,2026-07-30T06:02:51.175565+00:00
b2e56166-b674-477f-af72-07e98f23c64f,b4c9dd2b-a2ba-4894-9169-7b6bdbbd6ccb,3056967b-a8d1-43e1-8097-bcacc995f8d9,low,0.816,lost,email,1710.23,2026-05-29T20:00:51.175565+00:00,
a5a631a6-124d-4668-b8aa-9635e46be946,06b906b6-4b60-478c-9072-db2da8e5f67f,36040cc5-27aa-4d1b-9195-b222f61179ad,low,0.695,lost,whatsapp,841.0,2026-07-27T22:12:51.175565+00:00,
75446614-fc92-4c24-b44d-0e30cb68d625,9dd53540-7732-4d3e-9dd6-cf27795203e4,cac1a315-da51-41e2-a9c3-cd75fbb56fad,low,0.653,lost,email,5194.76,2026-08-09T23:09:51.175565+00:00,
02f1768d-7385-4ff2-a26f-1310eebf9445,a9f61984-d132-433e-96c3-2cfe597ccee0,0b35f811-1429-4e12-8aaa-7b546f5a9d51,low,0.684,recovered,sms,499.0,2026-06-28T18:36:51.175565+00:00,2026-06-30T03:36:51.175565+00:00
9fa90cad-aa0e-447b-9012-dc01b3a95c21,623da3ac-8b86-4f5b-a69d-c2fe1fc79310,62bd0c6b-7c86-42aa-be71-447d9021c8c1,low,0.702,lost,whatsapp,923.76,2026-06-12T18:36:51.175565+00:00,
199b334e-0fb1-426a-8e5f-79ceca030889,14007bc4-6117-4889-ae1e-40902d0aabe1,2fa75023-50c9-49f1-b2f9-469810e275a0,medium,0.557,recovered,sms,8235.67,2026-08-04T17:24:51.175565+00:00,2026-08-06T15:24:51.175565+00:00
326a7368-b42a-4eea-ae24-3d53028f2b55,5cbdf118-a581-4332-8e04-1b33ea1d2bca,a897f705-34aa-42c6-9d0e-c0b2aa3a156c,medium,0.62,lost,email,870.13,2026-07-17T08:23:51.175565+00:00,
e9eacf69-7218-444d-b078-a5ba49b61ee7,0e01775d-ff45-4442-9911-2b472d142142,9d8593aa-f2b7-464e-9118-ffb448c8b5f7,low,0.658,lost,email,2447.17,2026-05-27T10:08:51.175565+00:00,
f35bce5a-e6cc-4ba4-9bb2-aafd27bae88c,61f50399-7860-4e76-9dde-3d4399bdf64b,5d6d2339-d632-4a05-abc3-a1e9c03ff92d,medium,0.643,recovered,whatsapp,1034.0,2026-06-04T05:21:51.175565+00:00,2026-06-06T22:21:51.175565+00:00
4e05b00d-ca82-4bcf-8902-e86ab311a8e7,083afb98-43b5-4426-89d5-0f78ba0b3abf,e14e2266-6d6c-4256-8917-3f06b1bcf299,low,0.857,recovered,whatsapp,3315.69,2026-07-23T14:38:51.175565+00:00,2026-07-26T06:38:51.175565+00:00
0834dea4-288a-4441-818f-0c60f9959eac,89c9c810-8f35-407f-8180-5ea0160d0086,639be815-9e67-4059-a171-4c6d320fa177,low,0.679,recovered,email,2939.44,2026-07-13T00:50:51.175565+00:00,2026-07-15T16:50:51.175565+00:00
e3e5d542-9a4d-46c0-99e2-f24688e89f1b,55369618-6f0e-4016-b939-f22f00a332a6,5be2213b-5b72-447c-af3f-5e2be7090c61,low,0.821,recovered,sms,1430.05,2026-05-26T12:44:51.175565+00:00,2026-05-28T08:44:51.175565+00:00
f0f91608-ca12-4714-82f5-ad3999df3360,265f7285-f656-4ffd-a009-b031362168a5,1d00bc9b-30e6-4660-8692-b16722fdd2db,medium,0.446,recovered,whatsapp,659.71,2026-08-12T15:59:51.175565+00:00,2026-08-15T12:59:51.175565+00:00
7eab3b23-33d3-4bb6-bc47-526407620327,024c8ccf-c4e7-42cf-bc1e-5e49ea90c3f5,add9cb45-2f41-44f0-aaad-8235216fb8b2,medium,0.633,recovered,voice_call,2292.78,2026-08-11T23:44:51.175565+00:00,2026-08-13T23:44:51.175565+00:00
8694152c-83dc-4070-b36d-9594cbee61a1,28314349-2d05-45db-91e0-cd238333d1b5,791fb271-2645-49f2-93e0-d299087b73cc,medium,0.607,recovered,sms,5598.06,2026-05-31T07:51:51.175565+00:00,2026-06-02T16:51:51.175565+00:00
b0cd7b12-59f1-4cd6-b6b6-50b767159cbf,6bf8c150-0d14-4d3f-98f3-bdcfbb537546,e9ec08e6-92c5-493f-97ab-9cd6fa596ced,low,0.861,recovered,email,3576.73,2026-06-13T06:28:51.175565+00:00,2026-06-13T16:28:51.175565+00:00
9e022620-802b-459e-9268-5333d47182cf,7e2dd005-499e-4985-9d80-cf8c96cc2521,e9709228-d18f-4546-be5a-b3136cb5ab70,low,0.776,recovered,whatsapp,4273.91,2026-07-12T05:44:51.175565+00:00,2026-07-14T01:44:51.175565+00:00
a1157ea5-592a-4b31-9d95-8cf3a07090e7,9b41ea4f-2ec4-4418-a3d3-8cc8a1f5439b,913a2a65-ac64-4f80-923b-4cb25de86323,medium,0.453,recovered,whatsapp,3965.65,2026-07-27T09:38:51.175565+00:00,2026-07-29T03:38:51.175565+00:00
8fe13aed-84a7-4ea3-9bcf-ae0792faa48c,aea004a9-094b-469e-a97c-3bc83984a79f,029ac395-e82b-4261-9b29-4dc62c8b0f92,medium,0.45,lost,whatsapp,1109.51,2026-06-16T06:41:51.175565+00:00,
e1847e1e-7cda-4e7d-a092-52c99282becb,59b48816-0746-4c64-a12f-a18864cde09f,e53e2aca-2254-48d4-92a1-e0fe11129d88,low,0.841,recovered,sms,2274.9,2026-06-19T09:12:51.175565+00:00,2026-06-19T20:12:51.175565+00:00
6de95f04-1d09-42c8-aede-58dd3706bd46,53bed415-a2ca-416e-b50e-434578e64497,f9ad885e-7c0c-44d6-84bc-0b7973116992,medium,0.416,lost,voice_call,4880.5,2026-07-13T03:34:51.175565+00:00,
3a5df294-d379-4944-8281-a5281f71eeb3,3d5699d1-ebba-44d4-b7a4-dca4160f56aa,133de7c9-fc78-40dd-b955-113ff9369f2a,low,0.684,recovered,sms,1286.22,2026-06-19T10:43:51.175565+00:00,2026-06-20T21:43:51.175565+00:00
c333539b-4409-46df-a5e8-f6c8fd2fc5b6,b435f7ee-0546-42ce-8548-5da4f19ff029,7f9bfab7-0cc4-4426-8885-362c89f02b37,high,0.307,lost,whatsapp,3621.22,2026-06-30T19:44:51.175565+00:00,
a4289f0c-6210-4eb8-bff4-aeb1440489c4,b53878a3-7bb4-47ce-a81b-d34b0a0f945a,38fb0338-6ddf-4725-b99e-4b23149466bc,medium,0.583,lost,whatsapp,1497.36,2026-08-18T20:56:51.175565+00:00,
c7b13e88-e6ed-4182-8221-d913d5333f09,90af8b2b-c9c1-44b6-9da0-d48c4ac1ee47,69760bcc-0a09-43c0-8792-4a1194db19f8,high,0.267,lost,whatsapp,2703.76,2026-07-13T07:25:51.175565+00:00,
a5060889-f26f-432d-83d3-de770484dcea,baea30ee-83ae-4729-9aa2-b2125ac8126b,be8d9c26-6a2e-4e32-8cb1-70017149bf68,high,0.312,lost,whatsapp,3169.21,2026-08-05T06:41:51.175565+00:00,
1b9bd00e-ae1d-42dc-8272-fc0a270c65bf,d7d322ca-d4d7-4997-a13f-50a98721437a,958e144b-9c02-4c22-84c7-51b46c18037b,low,0.741,recovered,email,8828.41,2026-07-19T17:10:51.175565+00:00,2026-07-21T23:10:51.175565+00:00
11d5547a-20f7-4998-96aa-586bfbeee55e,7fff8956-eb11-4de6-9882-129deb5b4f7d,3d672ded-0afa-4304-a62c-8771fe35ee44,low,0.813,recovered,whatsapp,2972.37,2026-07-09T21:54:51.175565+00:00,2026-07-12T21:54:51.175565+00:00
15c2d629-af18-4bcb-b873-ea519297ff99,da3faffa-f798-489f-99bb-3f0a802a8da6,dc83804c-0192-4bec-907c-dc54698aa2c6,low,0.73,recovered,email,1211.19,2026-06-18T22:27:51.175565+00:00,2026-06-19T07:27:51.175565+00:00
91aa7cf4-9972-4581-8a58-5bf92370deb4,14007bc4-6117-4889-ae1e-40902d0aabe1,eaf444c0-b3f6-40a2-8132-11951eca456e,medium,0.604,lost,whatsapp,1586.07,2026-06-19T00:48:51.175565+00:00,
2b75fe9a-3ec9-47e2-a9a0-da6f24ba5567,df7cfbb8-e785-4c51-a0d8-255496c10788,e9d6b80b-cd59-4523-a826-0038f348389e,low,0.782,lost,sms,1524.79,2026-06-10T01:53:51.175565+00:00,
77576f25-4b5b-46e7-a255-a48aa2d16fd8,aa0c0955-93c8-4f05-a3d6-86115bf7f301,66344b77-88db-4204-9c83-8bd13b0badee,low,0.928,recovered,whatsapp,1611.95,2026-07-01T10:51:51.175565+00:00,2026-07-01T17:51:51.175565+00:00
c8c5c590-2b97-474b-af4b-6b9f667b1455,89266fdd-270a-4f76-999e-d2c62de4cde1,1c086bda-d7f0-4c1b-9daa-fdaab8bb810a,low,0.653,lost,sms,1938.66,2026-07-16T01:07:51.175565+00:00,
47d45e6a-56f0-467b-a8b6-d003815d1a42,4df6f00d-404e-4e90-a90a-67753744a95d,c030f34d-ab18-4316-a7e4-5b24c4ef757f,medium,0.463,recovered,sms,6324.34,2026-06-15T01:10:51.175565+00:00,2026-06-17T15:10:51.175565+00:00
013f4caa-a443-4873-ad02-31cd7451cdc2,6df16212-bc7f-46ce-a551-345669d52d33,ffb57f3e-82de-42be-90db-1e2458a9d8a2,medium,0.621,recovered,email,2433.58,2026-08-08T22:57:51.175565+00:00,2026-08-10T21:57:51.175565+00:00
28b36fad-df1e-4cd3-af77-0155d8942067,8b2e9e64-575c-4f10-a150-0507512c87b1,fb40728e-38be-41b4-83d7-c269cfab3a5f,low,0.827,recovered,sms,3055.22,2026-07-19T21:26:51.175565+00:00,2026-07-22T11:26:51.175565+00:00
84312d50-2a9b-4a04-a29c-87adae4656e4,d5844682-5fba-4f72-87f1-80f435b02c7a,24593b9f-e94f-474d-86b2-46608c79da48,high,0.326,recovered,whatsapp,6112.66,2026-07-12T19:52:51.175565+00:00,2026-07-13T16:52:51.175565+00:00
5cf51aae-89e7-47cf-8f2c-87f55842c2bb,c9ecad88-96c9-4d7e-af01-dd27d196544e,42f4e2f5-895d-4d3b-be2b-7e394f651e35,low,0.715,recovered,email,1112.17,2026-08-11T07:41:51.175565+00:00,2026-08-11T23:41:51.175565+00:00
efc537a8-4dcd-4165-8bcd-c7812a7cda87,f0744cef-ce47-422c-ba08-ea433f757fd2,83c40466-5130-413b-8b0b-407bb30f3ada,medium,0.447,lost,email,7322.83,2026-06-29T01:27:51.175565+00:00,
59a0d0ab-cfe7-4187-8644-283b7b7324fc,163fa2c7-1423-4456-bf65-63204d6ea170,d67a8fc6-0f81-4bcd-8198-4663c1b3816c,low,0.871,recovered,sms,573.38,2026-07-03T18:54:51.175565+00:00,2026-07-04T07:54:51.175565+00:00
49967b10-99fa-42da-aafb-27717721578b,a67ec5c7-b6c6-4ba8-8a39-1c6b2f005e4c,7aac48dc-a9de-4e43-85f5-a549314d3581,medium,0.566,recovered,sms,6083.27,2026-06-18T16:38:51.175565+00:00,2026-06-20T21:38:51.175565+00:00
863e5cc3-6d56-470a-8edc-6a76b44dbaa7,5a8203fe-3772-49a8-b24a-60b0b830251f,3a2b765d-1bdc-4d67-acb8-bed2fa277694,low,0.734,lost,email,950.08,2026-07-18T09:40:51.175565+00:00,
7a3beddd-33cc-4f07-a464-213d70d4f330,9d5c4ef0-9078-4f41-9cee-5d7c2f5ee2b5,9705cf44-ac6c-44b9-8d2f-045d63ff5e03,low,0.666,lost,email,3300.67,2026-07-11T02:26:51.175565+00:00,
f55b44c4-e6ec-4778-8e87-691139f3ed84,f02ccde2-7b9f-4c6e-aa3b-9410eb1021db,4b8061c6-cbe3-4131-b8a5-00b2c9cd729f,low,0.792,recovered,whatsapp,1927.13,2026-07-27T06:46:51.175565+00:00,2026-07-28T05:46:51.175565+00:00
2afef7eb-a75c-4d09-b882-b588bd074501,53309c67-31d3-4670-8651-81303e537386,1585f12d-fca8-4e97-87d5-ce1241b33eac,low,0.68,recovered,sms,1794.39,2026-05-27T11:51:51.175565+00:00,2026-05-28T04:51:51.175565+00:00
18d19579-0834-4069-9ebf-a3766f507553,d6b35bb2-f889-4351-bf35-f0669bef9dc7,fb0b11ec-df10-4efd-a20d-805179305429,medium,0.641,recovered,email,2064.32,2026-06-02T06:09:51.175565+00:00,2026-06-05T06:09:51.175565+00:00
8b89585e-2003-4b25-9125-395e6579cf97,f7a876a4-4f09-44d4-ae1e-7d3fc59265ff,73efa999-28b6-4525-9ee2-90f413b09889,high,0.273,lost,email,3209.41,2026-06-08T03:27:51.175565+00:00,
43206bcf-a37e-467a-8e3b-e7e157cfe0c7,e9971872-c2bb-4f24-8456-076582940c37,836d639b-fa18-4ec2-a728-a88edc76f11c,medium,0.489,recovered,email,894.9,2026-07-12T09:47:51.175565+00:00,2026-07-14T08:47:51.175565+00:00
a648bd9f-05b5-457e-b11f-8af2af834a9f,0ca6a0c2-3112-4e5b-bcf4-b2129732b3c0,55c5b090-f97b-440e-bbb8-37de77f428ed,high,0.345,lost,email,6328.58,2026-06-10T22:11:51.175565+00:00,
8c0b666d-1502-4703-91a1-d871efb128dc,398c054f-826b-4e2a-a4ee-54b09458e45c,37826abd-6490-4ed6-b5e5-32e888507218,low,0.652,lost,whatsapp,4231.75,2026-06-04T15:00:51.175565+00:00,
3c31e09c-2cf9-4c11-b0f2-3ecfeb3a4c7f,5cd7e20f-4b5d-4e1a-a079-eba07531ec27,234ada55-2d5f-465b-8692-64a95c50de2b,high,0.315,recovered,voice_call,7099.31,2026-06-21T15:04:51.175565+00:00,2026-06-23T02:04:51.175565+00:00
6dc26e5a-0aa3-4745-971a-f830a253eaad,4d37a159-1836-4fe4-b197-3f867c8fbcf3,97937ffd-9c44-437e-91b8-57cfe36cbb3b,low,0.757,recovered,whatsapp,6821.63,2026-07-11T12:25:51.175565+00:00,2026-07-12T10:25:51.175565+00:00
a626af5d-4a02-429d-9dd1-9d6d99e00507,758e18fa-854f-4c1f-8f95-f7e0c2a462f5,943773fa-b2a1-4c7f-b313-4b62505cc07a,medium,0.545,recovered,email,4712.32,2026-08-02T10:58:51.175565+00:00,2026-08-05T01:58:51.175565+00:00
ed2b3db3-3bd1-4f77-a6cc-eed324f8b248,34f3d692-2148-4bb7-af5a-13566a64e872,10e71844-be47-4baf-8f6c-214b97a908f1,low,0.773,recovered,email,2362.12,2026-07-25T17:13:51.175565+00:00,2026-07-26T08:13:51.175565+00:00
95ee0856-d261-4985-a90a-f1cb5fd01420,c86662a0-85a4-44e1-b9e9-2f5ae85c516a,cb8c8459-59a9-4d53-8b39-33d2083a5bf8,medium,0.505,lost,sms,3628.44,2026-06-22T17:25:51.175565+00:00,
d796967e-fa1e-46eb-aced-ebcaafa94204,00ce0908-3683-475c-bba4-65386d7751ed,1d44b87f-bb77-44ec-bcb3-60e5b0272981,medium,0.529,recovered,whatsapp,3859.13,2026-06-02T15:05:51.175565+00:00,2026-06-03T02:05:51.175565+00:00
bd5a9dcc-bb7f-4e77-bdf3-13d4280aec8a,c725a16d-9e9d-4192-a65e-eccf42dc349b,a5ea1ebf-5f7e-400b-80d8-d306ea8c03d8,low,0.72,lost,email,2647.06,2026-07-02T12:13:51.175565+00:00,
8879b389-db0e-4e17-9984-da8e160de98f,e6abe316-74e3-4c07-8cc0-0464a373da74,46ba70ae-9dcc-4794-9569-3744154d2bda,medium,0.635,lost,whatsapp,3306.41,2026-07-17T21:20:51.175565+00:00,
22baf4e8-1e97-40b3-ae31-fe4b50744c39,239b5852-ec57-4032-94e2-b1151218500a,d6a14b63-baa0-4855-84ca-41bfed393718,medium,0.628,lost,email,975.7,2026-08-01T08:48:51.175565+00:00,
3e6b7e97-3015-416e-b48e-9d66b295547b,8f47e0f5-fd0b-4f57-a49a-d4e42e87cceb,be35c0e7-53cb-4e7a-be0f-40ed930205bf,low,0.96,recovered,email,710.05,2026-07-26T10:36:51.175565+00:00,2026-07-28T14:36:51.175565+00:00
7cf6e318-c3a5-48e4-bda6-f79ff1187da7,ca6345ae-2427-40a7-a61a-3c322a57a10a,2b60114f-036b-49cd-852f-96e3e29841ae,low,0.836,recovered,email,1056.26,2026-07-03T04:20:51.175565+00:00,2026-07-04T13:20:51.175565+00:00
49d1bda7-3799-4b46-a713-f8f612be8aef,c4b424d8-f785-4c98-ac7b-d1f19df9a968,2bd00dd4-d92b-442d-b0c0-f8e7b70dda1b,low,0.656,recovered,whatsapp,1964.88,2026-08-11T03:57:51.175565+00:00,2026-08-12T06:57:51.175565+00:00
cd475446-26f2-4318-b2c5-d5d99b31708e,518efb52-bb51-4593-917f-c2462ab1ae03,0bfc31ac-bb0d-4d73-9d90-e47ab8ad5ac7,medium,0.642,recovered,voice_call,1146.17,2026-06-13T07:59:51.175565+00:00,2026-06-14T17:59:51.175565+00:00
81f667a0-38a4-48aa-a2ae-c94e72661c71,0895248a-90b0-4f87-9308-fd08eb3dff97,e8344993-d027-4a79-8718-8953cadd408f,medium,0.584,recovered,sms,3018.61,2026-07-05T08:23:51.175565+00:00,2026-07-07T18:23:51.175565+00:00
2254f69d-145f-4ff9-8e02-33e9f819c242,7d8294b6-93ce-40a8-a06f-0ee7308c21ae,c65c968d-aac2-45e6-a2e5-bd119cc96fd7,medium,0.359,link_opened,whatsapp,5760.34,2026-08-21T15:52:51.175565+00:00,
f6069019-37d0-4d81-87b2-046dc40ebab1,3517d5d4-078b-4945-b602-aa4ed54ffec4,dedb2b28-14e3-493e-b08d-14435728d455,low,0.724,recovered,whatsapp,953.32,2026-07-19T12:17:51.175565+00:00,2026-07-20T23:17:51.175565+00:00
1429d416-aa5e-4d82-ad69-54ff6db49f86,2d6abcb2-fd20-444b-a067-aa128db300ca,f88ad274-cc8b-461f-9150-bae61999a5d6,medium,0.546,recovered,email,3095.99,2026-05-29T21:02:51.175565+00:00,2026-05-31T10:02:51.175565+00:00
05079221-9481-459f-98d7-1645e157835b,82625f5c-55e3-4c74-ad8d-f8bf1b661b54,3017032f-5f0d-421a-991c-5e417b744946,low,0.784,lost,whatsapp,1790.2,2026-06-19T02:21:51.175565+00:00,
c2760b98-8e65-44f7-81ff-fe3b4e0d34d8,bbfd226e-733f-49b9-a55c-23f5fdf33311,f93b8a94-caf7-4efa-8599-817d65299820,low,0.8,lost,whatsapp,2853.83,2026-08-04T11:14:51.175565+00:00,
76ef25e1-7f0b-4339-bcda-89ec32649658,6fb44bee-515a-46aa-a82d-d06522bf38f9,ada09bd3-1c31-46f5-a428-7bcc75cf4a00,medium,0.582,recovered,whatsapp,1821.37,2026-08-02T08:03:51.175565+00:00,2026-08-03T14:03:51.175565+00:00
1034a30b-4f2c-4f4a-887d-548c07d0d7e4,aca71571-c7be-4cb2-8b28-9342ce6e6124,78160310-48f5-4295-892b-7f302bd47d10,low,0.753,recovered,whatsapp,4673.55,2026-07-23T18:28:51.175565+00:00,2026-07-24T15:28:51.175565+00:00
9e08b772-28b5-439b-a642-e91121fc9b24,6343161f-6f20-4be3-90c2-ed5ac4520786,f81403fc-4212-4547-9353-59aa9fac4b46,low,0.724,recovered,whatsapp,1202.97,2026-08-08T13:05:51.175565+00:00,2026-08-10T07:05:51.175565+00:00
44a94d7c-87c7-494e-8ce9-e34606ad1d95,68ac5bbb-112a-4de1-b256-e781342a8f5a,b256d304-59bb-4d22-bfad-aa80036156dd,medium,0.56,lost,whatsapp,3807.37,2026-05-27T02:15:51.175565+00:00,
ccf8fd54-b27a-424e-848d-6bf60fb24abd,01a1ed8a-fe18-4db6-abbe-a0d89905f9f4,bb77b5e1-f541-439b-bebf-12261b46ee21,high,0.221,lost,whatsapp,17855.4,2026-06-27T06:06:51.175565+00:00,
18e78582-bdc5-4577-bd5e-e248b9d5e06a,d34b53b7-1a3a-40ef-8b80-9d1ba0cd96c0,2bfa435e-4e17-4efd-91fc-cadec3c5c35d,low,0.881,recovered,email,855.6,2026-07-10T11:48:51.175565+00:00,2026-07-12T06:48:51.175565+00:00
e0d95ccf-ae64-4aa3-87d4-fa50580b7fc4,6bfee86d-28f5-4865-a023-0d81353c704d,4ca4a6d1-2a76-45de-ac56-83f09c88914d,low,0.858,recovered,whatsapp,1637.64,2026-06-19T12:03:51.175565+00:00,2026-06-21T11:03:51.175565+00:00
4080f21c-56bf-432b-90bd-de526da60e4b,85c9112d-0d7d-4453-91c2-c4aab2516c7b,f869fd30-7ff3-4d49-84bd-d79501d28be4,medium,0.47,recovered,email,6111.8,2026-07-29T20:20:51.175565+00:00,2026-08-01T11:20:51.175565+00:00
88985f89-9359-4b92-aa7b-3dcd375f2aee,081b791a-4ce3-4b29-8cb1-ccbeb2b63b64,f7291091-a8c4-403e-b4a0-e4d98ed1319a,low,0.733,link_opened,whatsapp,561.99,2026-08-21T10:25:51.175565+00:00,
349738a2-822b-4466-ad33-7c95191f6172,b766dbf7-9746-4c46-a75d-c671de3140c4,5dd8c27b-d9f1-442d-8b75-6141a6c1ebff,low,0.766,recovered,whatsapp,1240.82,2026-06-29T21:24:51.175565+00:00,2026-07-02T07:24:51.175565+00:00
7caaa232-21a0-4691-9673-f749bfc58037,0f1e9449-f24a-4e1b-86f7-ec431b3accc0,3289af76-facd-49ad-aa69-806f9b1a2df9,medium,0.521,recovered,voice_call,10878.24,2026-08-05T10:14:51.175565+00:00,2026-08-05T20:14:51.175565+00:00
4bf5a5ca-2ff1-41a9-b9f1-7ece82df1e4e,0b5ddf6a-7a20-4854-829e-54cc575579e7,c1676bfd-1500-4c5e-8d8e-8928dd910aef,low,0.913,recovered,email,1109.2,2026-07-29T04:49:51.175565+00:00,2026-07-31T22:49:51.175565+00:00
0d0b0976-2301-4136-9f46-f76a46eb73a3,deb681b3-fa6c-4000-b22b-289c3d60912a,33559311-c653-4871-9614-5ae86b48620f,medium,0.481,recovered,whatsapp,893.09,2026-07-22T01:20:51.175565+00:00,2026-07-23T07:20:51.175565+00:00
567ab3b1-48ae-4ff6-9f22-304a1a31fa25,dd7208a9-798f-4daf-a926-146c5065d2af,0f76b70c-4f9f-4551-be8c-3892d2e1c5e3,medium,0.617,recovered,whatsapp,3183.7,2026-07-08T13:51:51.175565+00:00,2026-07-09T10:51:51.175565+00:00
d98124a1-278e-43e4-bcf4-8751ce9d2e01,1ea3e80c-845e-41d8-bb2c-5ecf2238bab7,055a6eef-de9f-481a-8228-0b3f9257f60c,medium,0.456,recovered,whatsapp,4996.21,2026-05-27T02:02:51.175565+00:00,2026-05-29T06:02:51.175565+00:00
f2c44fd2-307e-4dab-a556-82203836769f,597c89fc-63cd-416b-bf64-27adaf449430,9eaddae8-9e23-4a1b-9957-7fe6c54520cb,medium,0.591,lost,sms,1571.39,2026-07-27T05:05:51.175565+00:00,
e37d3af5-81ca-482d-9961-e415742a4277,4d3d3ce6-4d0a-4942-a082-7f09eae3ccde,7a46f634-8a35-4f9d-a3fe-30f6661e0be4,low,0.773,recovered,whatsapp,12570.89,2026-06-25T09:57:51.175565+00:00,2026-06-26T02:57:51.175565+00:00
9c129147-d750-48c6-99c5-039028d03fdf,2bf02894-9a2e-44fd-b57b-97c11069df8b,faaa6f01-7c7c-4fcb-8872-9f12a19459cf,low,0.786,link_opened,email,986.73,2026-08-22T16:44:51.175565+00:00,
3c48b706-ca8b-496d-80f7-b1a97f8326bf,cce9b02e-c330-4e28-807f-69ca7da2ea24,77c910bc-9224-4783-bb55-1ef3dcc17842,medium,0.623,recovered,whatsapp,6589.24,2026-07-17T18:05:51.175565+00:00,2026-07-18T02:05:51.175565+00:00
bdc5c3c3-97a5-478d-a5a1-230e08e5057f,2e1f95e2-148c-4d9e-8b97-ca2e87b90e42,acac6edb-7251-4047-a59a-814eeacbed8d,low,0.721,lost,whatsapp,1111.93,2026-07-12T01:48:51.175565+00:00,
bf4d30bd-a9ee-46b3-bbe1-5fc490023afc,fcaa09ff-8f1d-4a81-8a73-fd3f139cc06d,71653d33-04e0-46fe-8446-038dbbfa16d7,low,0.851,lost,sms,9149.66,2026-07-20T10:01:51.175565+00:00,
0f374bef-6709-4241-94b5-4ebd31ab3e62,87d62082-a8ec-416f-a539-ab8354b4621b,3ec45a9a-52be-485f-a9e5-fc7a1852b984,low,0.955,recovered,whatsapp,4040.4,2026-07-29T04:54:51.175565+00:00,2026-07-31T19:54:51.175565+00:00
cce074de-1733-45ec-b311-d6c73175cf90,3835d0b6-51b3-4ed5-b245-f368005b8a2a,7fbac2c8-f988-405a-b111-893d1d782361,medium,0.588,lost,whatsapp,1747.13,2026-07-23T23:58:51.175565+00:00,
9c79c658-78eb-42da-beff-f25dcbbf59ee,a5eca3e9-eb8a-4c54-91c9-5267a4e9d546,4ac87675-4d6b-42db-b06b-5efbe94b5ffd,low,0.712,recovered,email,1660.75,2026-07-31T15:56:51.175565+00:00,2026-08-02T08:56:51.175565+00:00
0e4f1152-86f0-4e45-b394-f302246fcb7b,5a1e563e-3ec0-40e5-b9aa-7747f254cac2,f1cb1b23-027c-4d8f-9a77-d1985278a856,low,0.703,recovered,whatsapp,1412.59,2026-06-20T08:35:51.175565+00:00,2026-06-21T16:35:51.175565+00:00
a96d842b-453f-4277-9d58-5cf8bd7fe18f,badcb1c8-234d-4a5a-b614-6b9ae492df6e,bc407cc1-ab50-4114-96e2-dba308bb5056,medium,0.471,lost,whatsapp,1924.64,2026-07-18T13:44:51.175565+00:00,
d6f07509-7305-4ba2-aa8a-03ee32257757,34039302-e75c-49be-8cb3-318e825039e3,bfbfa934-d92b-40e7-be09-37554b8625b5,high,0.04,link_opened,email,45893.54,2026-08-20T05:20:51.175565+00:00,
c3bf015f-15f8-42d5-9344-de523461d837,24cd99a5-f15a-4246-8590-aade8d7e148e,3b1c9665-b3be-4b0f-8941-96e5d10e1adb,low,0.908,recovered,email,1039.9,2026-07-27T01:53:51.175565+00:00,2026-07-27T18:53:51.175565+00:00
62cebe49-2959-4ec8-8e9d-9f4d5bb16b24,cc7d0506-fd24-4e05-8088-fad7f8dbcf63,61203944-7b95-43af-91d2-4aee32bd35e8,low,0.844,recovered,whatsapp,499.0,2026-05-27T08:29:51.175565+00:00,2026-05-29T02:29:51.175565+00:00
611d6643-bffb-47d5-9ce1-b0429cb241fa,89de5d1c-b7fd-4c1a-baf6-b6e1ca7c5706,4d742279-6427-43d0-b61b-bf0813d5374e,low,0.704,recovered,email,9129.27,2026-06-06T07:17:51.175565+00:00,2026-06-09T05:17:51.175565+00:00
65d0bb9a-aa77-4cf6-8376-0fcc4f33e5c4,fbe372e3-19b5-4af3-a7cf-50e3ffee4420,804e55b8-aaaf-414e-b872-c477d9c07df8,low,0.67,recovered,sms,1220.51,2026-06-30T13:16:51.175565+00:00,2026-07-01T07:16:51.175565+00:00
5f375558-d133-470e-94e5-180859b99d5c,927d5873-aceb-4365-8891-15e5238aa09b,e0029500-578f-4e92-bbaf-efb0d753b07d,low,0.717,lost,whatsapp,2071.68,2026-06-14T14:59:51.175565+00:00,
a38b6442-8faf-474d-b8b4-f8e39debe844,5693cce5-4af4-4f52-999c-6f0d53f5c355,a00d0817-7975-4cbf-b773-935a42d9b74c,medium,0.353,lost,whatsapp,4180.79,2026-07-03T01:40:51.175565+00:00,
3489b5a2-f4c8-4c00-b43b-415129601b17,3f515bae-8732-4edd-a13b-72de69e00072,f00e7871-eafc-48af-a215-0c01b667bb00,low,0.821,recovered,email,5040.76,2026-08-07T02:30:51.175565+00:00,2026-08-08T11:30:51.175565+00:00
4e975e7f-6fab-4479-8466-6d1418103b89,06a0fa72-3183-4e21-b79a-290642324ee2,2135e27c-edd1-449d-a7d8-aa66a73f257b,high,0.34,recovered,whatsapp,4388.74,2026-06-26T07:42:51.175565+00:00,2026-06-26T19:42:51.175565+00:00
7acde906-2bed-4dfe-bbb1-4383cf890b0c,7330f14c-f536-400f-830d-4ceccbbe6cb9,a40f37bf-2376-4c94-bb9b-a050e930a079,low,0.687,recovered,email,2442.52,2026-06-15T10:17:51.175565+00:00,2026-06-16T21:17:51.175565+00:00
1638267a-3bab-4a7e-a68e-be64034d111a,b14db32e-fde2-43f1-b5e6-a8b246a01692,a3dc90b6-240a-44e5-a39b-359fd2996ff4,medium,0.578,lost,email,1528.76,2026-05-28T04:37:51.175565+00:00,
4f4c3a1b-9b53-48e9-a22a-50988ef3a229,0db5c2d9-b156-4247-8da0-db11ee75b195,f31ce70b-a9d1-4b51-8082-2f8f6ccc1dbb,low,0.836,lost,email,2461.96,2026-05-25T00:27:51.175565+00:00,
9ea7987d-43ac-42e5-a198-0ef144bf036f,52a6fde2-7153-4c68-885e-59e8e55a454f,7855f7ce-83d1-4ca6-aadc-9608d8a52cf4,medium,0.601,lost,whatsapp,3733.99,2026-07-17T18:26:51.175565+00:00,
404d51bb-de43-4474-8577-d4ab7f65c0e2,076ce3da-dc93-4809-8d12-32425c3b3b71,6d0e48d9-8063-4a55-8582-d94a403ef509,low,0.688,lost,whatsapp,1612.4,2026-08-03T01:07:51.175565+00:00,
68f4dd51-db42-4ad9-b1af-6ff8ec5b43cd,b77df413-e5a6-436b-9a95-f76b49ca7f51,15a84f1c-6439-4f71-8519-1cb0bddda434,low,0.838,lost,whatsapp,2409.74,2026-07-26T15:11:51.175565+00:00,
c3ebf5f6-1d30-4465-859f-f5aac668874a,be3edf18-a126-438e-b27e-45845535b920,845fe211-17ce-426b-97d7-2618b562e59c,low,0.659,lost,whatsapp,2486.19,2026-08-02T00:28:51.175565+00:00,
17930ae8-6560-47c8-b8f8-d075d8a1ed26,6c9769aa-52eb-44a1-9b54-f3a69449dd49,107d3653-775f-404b-900e-5d09d5cbe9cf,medium,0.512,lost,email,2049.11,2026-08-11T08:43:51.175565+00:00,
c5e336bc-bb73-4207-9a8b-60c818bd47ad,a4c47980-252b-4aec-80b8-8263ceadd6b0,6057ff07-6d4b-484b-a31e-9c49d8c5bd1d,low,0.734,recovered,email,4919.32,2026-06-14T15:31:51.175565+00:00,2026-06-15T05:31:51.175565+00:00
7c030b0e-8274-4ab4-853e-3339d397ac40,b91218a5-584c-4b9b-8828-c081964047de,28bbbf49-9fc7-435a-9259-0266326b3ddc,medium,0.487,recovered,whatsapp,6339.98,2026-06-15T23:33:51.175565+00:00,2026-06-18T01:33:51.175565+00:00
cd2c0ac1-8eb7-4628-b770-949d7992f9e1,2c697452-8af1-4ee5-b5c6-739a1033387c,38228571-8eef-42ad-8228-00c533f3e492,low,0.697,lost,email,4152.96,2026-07-02T03:07:51.175565+00:00,
76a63bea-bfe9-46b8-ad02-c203230f3b4c,eb00ce9c-1a01-4abb-9c9d-e4a6e1d05dc1,f0927601-b93b-42f6-b3bf-fed1bfb924af,low,0.772,recovered,whatsapp,912.21,2026-07-09T01:41:51.175565+00:00,2026-07-11T09:41:51.175565+00:00
a8915706-9751-459f-a706-0ac79f41742f,52a6fde2-7153-4c68-885e-59e8e55a454f,f8f7dd13-444e-444a-aa5d-3e1c54eafe4f,medium,0.414,recovered,whatsapp,5564.59,2026-06-15T18:10:51.175565+00:00,2026-06-18T17:10:51.175565+00:00
44db3f3d-a03f-4a81-9ff6-7883c973eabb,09b0926e-f700-49b7-ae11-08b5c68990b3,b84fbb8e-f896-4382-90a6-4761957b0518,low,0.822,recovered,email,2359.88,2026-06-18T20:14:51.175565+00:00,2026-06-19T00:14:51.175565+00:00
c17ea80c-9ebb-48c5-971b-486822a93a60,b2628d3e-d3e5-4ba1-81f5-5925a250cf86,3ab5338b-170b-498a-8291-631eda483d7d,medium,0.586,lost,email,3421.19,2026-07-07T09:14:51.175565+00:00,
36485d60-f8fd-40b6-80fa-68e8ddb8faa7,99bcf3db-2246-4fed-a2aa-cae65eb7e4ab,257693d9-4b55-48e0-b75c-41418cee5480,low,0.887,recovered,voice_call,1766.33,2026-06-07T02:29:51.175565+00:00,2026-06-07T19:29:51.175565+00:00
8f81e535-386b-452c-9d72-91eb4c691804,33a8a671-2fb9-465d-abf5-deb85647632f,a95c942c-8138-4e81-877b-5f1852ab088e,medium,0.642,recovered,whatsapp,1133.89,2026-07-08T11:18:51.175565+00:00,2026-07-09T12:18:51.175565+00:00
7dae2e29-a9a0-46a0-a370-664066b04a13,dca74f95-2edd-4763-82bb-4ab53a42612b,22fb6d68-d996-45ff-8d8a-0d946bb21dcc,low,0.7,recovered,whatsapp,499.0,2026-06-24T19:47:51.175565+00:00,2026-06-27T17:47:51.175565+00:00
5a613247-c4db-45c9-b5fd-1cc21b03c639,048cacd7-00e1-4b1c-bbc7-c3c125a56154,52c6e4b5-0a3e-4f12-a6d3-ff7f3fabf008,medium,0.522,recovered,sms,2034.26,2026-07-18T14:14:51.175565+00:00,2026-07-20T17:14:51.175565+00:00
985fc238-a826-4076-99e5-cb2f0fb405ea,0c608ac4-99b4-4c58-876a-84147b310855,715522f1-6487-4924-84dd-fdb03c21db15,medium,0.403,recovered,email,1413.56,2026-06-18T16:21:51.175565+00:00,2026-06-21T13:21:51.175565+00:00
d8842091-06bb-46e9-b00f-d839cc473162,063821ae-479b-4913-a420-4825d35c148a,4ed1fde7-4d0a-4b70-b23b-319b9a6b0db5,low,0.8,recovered,whatsapp,4297.25,2026-07-26T18:25:51.175565+00:00,2026-07-28T07:25:51.175565+00:00
6a30391e-de7c-48aa-b6bc-821e8498a2cb,d161c533-01ce-4f43-99c3-6a3516fef32e,0776e76d-94bb-40d6-b35b-686f038b51ae,medium,0.358,lost,sms,1689.06,2026-06-14T15:45:51.175565+00:00,
640e276f-bb58-427d-8951-f3bfd0db5daa,97c85581-bf13-47ca-958c-e06a1a7a658c,8137f5b9-2d0d-425b-87ca-9309326723b4,medium,0.533,pending,whatsapp,9588.07,2026-08-19T21:56:51.175565+00:00,
24704f41-f438-4595-a70d-98c3cdc999fa,8e046228-c8b0-431c-89ce-e9455b256ba6,e7c894b4-ace5-40c3-a74d-90aaa232cc82,low,0.774,recovered,whatsapp,3727.64,2026-07-23T16:53:51.175565+00:00,2026-07-26T08:53:51.175565+00:00
5f72c1d9-87b3-4d8c-ad40-8416a61a4fc8,afe53780-d4b4-4966-bd85-45ae2ad91e25,48b92e47-7cdd-4e45-b7b7-29af536fb998,low,0.729,recovered,email,1297.6,2026-08-19T07:44:51.175565+00:00,2026-08-20T02:44:51.175565+00:00
67251265-52bc-4439-9104-2595d529fe36,cbcab1d9-5ba4-4d30-954d-e638ed542b15,debf7a95-393f-4f4e-8de6-82390a8684d7,low,0.792,recovered,email,756.89,2026-07-01T01:58:51.175565+00:00,2026-07-03T16:58:51.175565+00:00
d8049d6f-e006-4eda-8aa5-e5d0f64121ee,4b480f64-adf0-4d15-9862-07b5791e660d,ee5edcca-8d19-4468-a417-38179dc5fee9,medium,0.525,lost,sms,3481.16,2026-08-12T12:48:51.175565+00:00,
a214d461-a130-46d0-baef-ef5bcd46b215,c4cf506e-eec3-4323-a597-57d8ae319cf8,64aa965a-aead-42b6-92a3-4e49b263934d,high,0.33,recovered,whatsapp,499.0,2026-05-25T22:32:51.175565+00:00,2026-05-27T21:32:51.175565+00:00
4f178620-5ad0-44ec-b6e9-d88ea703ceb9,b67c22dd-d88b-4cd0-9a0c-3899f5f047ad,a4307fbe-4064-4a42-bf58-26f61e495ad3,low,0.685,recovered,email,4633.13,2026-07-30T01:45:51.175565+00:00,2026-08-01T09:45:51.175565+00:00
42cc4aad-10f6-4486-abab-f8f87335a630,cba6e777-3074-4dab-83a6-2cd0d7dcd2aa,af99bdfe-6172-486e-bce1-3bb91edddb6a,medium,0.519,recovered,email,1021.02,2026-06-22T17:22:51.175565+00:00,2026-06-24T03:22:51.175565+00:00
ed3700ce-5067-4b53-bc05-e49bc982e8c2,dc280060-d5ff-43b1-a3e0-25869cef0b19,31324259-1172-409b-913e-c18c325ed1ec,medium,0.645,recovered,whatsapp,3029.59,2026-06-07T02:57:51.175565+00:00,2026-06-09T07:57:51.175565+00:00
d749d7b0-ab86-4a90-acbd-efdc2fd9843f,8dc11085-2b92-4af8-bdcf-da222d166253,42e8a0a4-079c-4c1f-ac67-72940350beee,medium,0.412,lost,email,1184.92,2026-06-03T17:31:51.175565+00:00,
4f39743f-5603-4c09-8276-a29d443ea70f,e1f3e379-36e2-45f5-9fd7-ff678c733c3b,b7e3aea8-39a3-4faa-9f1d-1fc9dfd37956,low,0.812,recovered,whatsapp,2583.18,2026-07-07T00:22:51.175565+00:00,2026-07-08T10:22:51.175565+00:00
c6d9a2fe-4edd-4fb9-9b90-bb2be6be1a5f,3cd9c7c7-e51c-4c43-b8de-7c426915490d,634fbb41-23e4-4219-bdbe-fe75e876d152,medium,0.595,lost,sms,7073.24,2026-06-07T03:43:51.175565+00:00,
df2f8910-9da7-49b1-8157-2fa64fa20e24,5fdcfbdd-0d01-4eee-b3b3-2ef03b77eeb0,af947ecb-841a-4f62-9b58-3ff7e0af8f68,low,0.709,recovered,whatsapp,1340.33,2026-07-24T01:53:51.175565+00:00,2026-07-25T15:53:51.175565+00:00
48f54ca4-1f1c-4399-ba9b-26f9b7fd00bf,a67ec5c7-b6c6-4ba8-8a39-1c6b2f005e4c,b51fcdec-5b48-4528-b038-389c27bd5882,medium,0.477,recovered,email,6445.69,2026-07-26T12:12:51.175565+00:00,2026-07-28T14:12:51.175565+00:00
ac9d6da5-be04-49ea-8123-bc76cab37a6b,ee2688f2-9549-4ed0-8ec8-c703ae1d6a0e,d6c6b400-b4a9-4e63-a373-e021280b14ec,low,0.69,recovered,email,2750.83,2026-08-16T20:58:51.175565+00:00,2026-08-19T00:58:51.175565+00:00
1f4f8c55-d043-4b60-8e00-dc9396035eb7,d5812986-632d-4e7f-8593-b2993d378094,95668d9d-1651-4434-9c2d-63c72af61249,low,0.72,lost,email,1462.03,2026-08-06T06:31:51.175565+00:00,
4f9c707f-d24c-417f-b940-3f6a92195982,b6e6f7f4-b130-43c5-9cd4-1473cad29be2,d746100a-6662-4636-86b2-ae1b6f0d1c28,medium,0.411,lost,sms,1693.57,2026-06-15T05:09:51.175565+00:00,
6c5665cf-73f0-41f7-a1f1-d1c5b8ecd798,040f575b-93fd-4b23-9bae-c1aaea44f944,84156bf8-7ac4-448a-a2e6-69a7416380d8,medium,0.391,lost,email,894.27,2026-08-04T09:58:51.175565+00:00,
563045cd-957c-4cc7-be05-fe60776f27eb,2dd659c2-2f26-4bd1-90de-1f84a9cc12cc,5331c5f0-eea8-417b-b2c8-245a6e32ad00,high,0.333,lost,voice_call,5501.59,2026-06-10T02:47:51.175565+00:00,
35f5216a-22c7-43a1-874f-e7056c3efb96,bfa77d3e-6ff0-4077-ac58-d716c34ff062,5f2deec9-0d42-4ac1-b2b3-aefe0325514b,low,0.782,recovered,email,1191.13,2026-06-02T05:18:51.175565+00:00,2026-06-04T20:18:51.175565+00:00
75a544c8-8cbb-4ac5-b948-a70c2a963b3b,8e0c5d72-8b56-4bd0-9e21-14dc341151c4,c91016e4-ce98-47b0-95f4-7a8ee3f10270,high,0.103,lost,voice_call,11111.93,2026-06-05T04:31:51.175565+00:00,
3784d32c-c85f-414d-bdc7-68fde56e02da,4c37452d-ad49-4395-93fd-6016b5e920e1,efad876b-dd79-4563-9e20-8eca8a0c0e5b,high,0.221,lost,email,6764.96,2026-07-04T05:41:51.175565+00:00,
21a186ab-674d-464b-836d-52c75cb152f2,6fa18b9b-c38e-4c73-a3d9-25099ab01ed0,05b1cb66-e009-476e-b5cd-c57d006d85c4,low,0.791,recovered,whatsapp,957.05,2026-07-19T20:37:51.175565+00:00,2026-07-22T13:37:51.175565+00:00
082e92d6-fb70-494f-a5f2-218b936c0621,d1bed666-fa8a-4160-9044-e5e12a524a8d,701cd4cf-6b14-49be-ae53-66411fd2509e,high,0.157,lost,voice_call,10860.94,2026-07-20T08:49:51.175565+00:00,
7a4147ca-2f8b-44db-b9a4-b5d258cf42c4,ff11cad6-9ad2-48cd-a6e9-335b406fc4bb,f743404f-32e4-4977-a22d-3965206845a4,medium,0.454,lost,email,2777.66,2026-06-22T22:09:51.175565+00:00,
9cb33db2-ebc9-4055-9c47-7b87c2f0b531,8ca9d1db-9e8d-4d25-9547-79c3e77586ac,d7c2918e-2f62-4554-a59e-c0b64a393448,high,0.323,lost,voice_call,2725.92,2026-07-09T20:57:51.175565+00:00,
9ed03e43-5365-41c9-96a9-2b1ce0b6913b,1621ef83-9ddf-498d-8921-ae56551b4a22,8d51c258-983f-4e34-83de-df0099c2d2e7,low,0.725,recovered,email,509.86,2026-07-24T21:29:51.175565+00:00,2026-07-26T02:29:51.175565+00:00
2bacadab-76be-4965-b017-d0820298b913,030613b9-6311-401a-a716-76caad69bd78,f2361b6f-6823-4b7d-8704-6d074bbfd4cd,medium,0.559,recovered,sms,1802.55,2026-07-28T01:46:51.175565+00:00,2026-07-29T06:46:51.175565+00:00
ba8ac63f-863f-4156-b3b6-29690ed693e8,fb181336-3305-42e2-ac22-b26b953033c2,d14c54a9-4d37-47a2-b26f-ec6c1d02b404,low,0.931,recovered,sms,1900.44,2026-07-08T14:00:51.175565+00:00,2026-07-09T12:00:51.175565+00:00
8a49467b-526c-4c2a-a979-8520f4966aaf,0950cfcd-3d5c-4566-8c8a-693fd1f57878,04c1c74c-7c5e-4139-8fef-1b9a12961137,low,0.829,recovered,email,4014.16,2026-08-06T19:51:51.175565+00:00,2026-08-08T05:51:51.175565+00:00
d69ccd55-db91-4c2d-99fa-235ed992556a,a7bc6c6e-2821-4596-a65b-a64c9b80764a,1e7273b9-f6e7-418b-a37f-343c70cc6d1e,medium,0.547,recovered,email,5573.33,2026-06-19T20:37:51.175565+00:00,2026-06-22T18:37:51.175565+00:00
192dd54d-31f2-48ff-b5f4-295bbf906e03,ad4b674b-2395-46f0-ba69-004974c4bb69,7e6f1390-f733-4ed7-b70c-6bc5b94e7f50,low,0.738,lost,whatsapp,3155.53,2026-07-10T00:25:51.175565+00:00,
da73808b-6f95-4f45-bdde-acc7580edd1e,a1cec094-e559-406c-8485-adfd4bd05bc6,9170407f-986b-421d-861d-418ed29fc1e1,medium,0.564,contacted,email,1705.08,2026-08-22T08:49:51.175565+00:00,
a498e973-a46e-46cb-98df-5c943f2b7f35,67853837-6481-4f6b-85b6-319ef48f6ffa,08bc08a3-051b-4117-a2f4-cca2a3f12fa2,medium,0.408,lost,whatsapp,3140.01,2026-06-24T14:46:51.175565+00:00,
35fd7a23-09e7-4a42-bdd3-454c58d04e9b,e7c1bd36-f351-40fb-9cd4-8e4bd378f66d,5c2e4ed7-acad-4682-8e28-36d6f5022465,medium,0.389,lost,whatsapp,5316.45,2026-07-10T15:08:51.175565+00:00,
d503a217-29a0-4fe0-8ec4-4edf10854ec2,9d1cc688-73a6-46a1-a2f3-7fe5454a13d5,1661eb3f-422a-4144-8cb2-7b1757d67318,low,0.701,recovered,whatsapp,5145.88,2026-06-09T18:37:51.175565+00:00,2026-06-10T07:37:51.175565+00:00
dba93f4a-8464-461f-95f7-6f91726fa323,63c9b931-31aa-4c90-83ed-8c9ea77e3939,28f6f1a2-d03a-4374-bfb3-21661f18a37c,low,0.734,recovered,whatsapp,816.28,2026-05-28T22:52:51.175565+00:00,2026-05-29T10:52:51.175565+00:00
e41abfb2-1c98-4c99-b125-5ade364bbb72,af2f7193-d793-4287-a9d2-b1e32153c8db,afbddf18-deac-4556-8c3d-499867dcdddf,low,0.653,lost,email,2046.35,2026-08-02T04:47:51.175565+00:00,
0a98cb3a-6caa-4834-8159-dd642dff722e,1e8dbd64-d2b7-44e8-ab3d-19b5ed30f5bf,c92c90d4-866f-48f2-a140-bc3170ad83cd,medium,0.487,lost,email,5057.83,2026-07-02T11:00:51.175565+00:00,
d52f0361-1e29-413e-8fc2-e64d6250e96b,b8df828e-1ef5-4cf8-8292-f13e31f2b47e,58d3806f-0446-4065-9046-cfd0a624a512,low,0.763,recovered,email,633.34,2026-08-17T00:09:51.175565+00:00,2026-08-17T22:09:51.175565+00:00
2035ff14-db32-4502-a750-8641a9505da0,513d1136-ae88-4289-95ac-980ad88ddb96,95fe9e28-27df-4775-8d93-ddc526baccf9,medium,0.616,recovered,sms,2578.79,2026-06-19T12:06:51.175565+00:00,2026-06-22T11:06:51.175565+00:00
df1e6e3a-d62e-4e64-9204-e29891dde1d6,f58a9c8f-9e66-466b-9f02-5d5ec67fd019,8272be44-c74c-4313-a8d7-78db6a6f5f77,low,0.753,recovered,email,2289.6,2026-08-10T20:41:51.175565+00:00,2026-08-12T16:41:51.175565+00:00
c63bf4b0-db07-4251-adb3-bd37f93571a9,3983ff43-ce1d-42e9-8d5d-7269ef372107,d04102d1-aaed-4c54-9225-d4c4498e3520,low,0.837,recovered,email,858.24,2026-07-14T10:35:51.175565+00:00,2026-07-16T13:35:51.175565+00:00
f9e4584e-99e5-4a7a-af88-82b11e303182,d85cd9e2-4da6-43d9-98aa-d3cb04726d16,1a97b340-6841-4e81-ba17-62d9fb4462b1,low,0.678,recovered,voice_call,1824.15,2026-07-10T00:49:51.175565+00:00,2026-07-12T12:49:51.175565+00:00
d2ad1847-b696-42d5-8294-16cf35c12f73,cf1942c6-e8a3-4595-939e-c129cc48b748,a8a1eb94-e3e0-457a-b953-3049744a1e75,low,0.853,recovered,whatsapp,2050.24,2026-08-02T13:55:51.175565+00:00,2026-08-04T07:55:51.175565+00:00
ab32056d-205c-4ef0-a294-fa0b013e3fd4,4351fab3-4ba4-49d8-9d46-c186975f08dd,0fa66a72-ca78-49d0-9f4e-d370500633a8,high,0.196,lost,email,5899.13,2026-07-26T09:52:51.175565+00:00,
3463ded1-3098-42a5-a08c-e60643a395c7,0dbe19ad-87c8-4d3d-91a3-410621d5a020,f7cffde5-9aa1-4965-a765-616294020e21,high,0.322,lost,whatsapp,3796.89,2026-06-23T02:11:51.175565+00:00,
8dffae80-9321-4d99-8b7d-ca3468293c1a,22c479e7-36c8-4649-bc82-1c1b1142f1b6,4b04635d-885d-43ac-837d-56acedcdc142,low,0.709,lost,email,2173.99,2026-07-12T05:15:51.175565+00:00,
ba6c1a22-6d4d-4680-96ec-cc0e04107de1,130b5c27-72d1-49fc-b2f3-d1ebfa598bc3,74211b5e-6e07-4f8c-a8c4-76e123e80ce4,low,0.724,lost,email,2724.23,2026-07-18T07:48:51.175565+00:00,
91d57766-01c9-4ff1-8104-aab56efc9b2f,f7f76b8b-fb58-4ed6-a2f7-80b17813d35e,6cceadb6-cfce-45e1-b6cf-07a71be31270,high,0.282,lost,whatsapp,16316.14,2026-08-18T07:26:51.175565+00:00,
bc6de5b0-27a8-43b9-a27e-f892f63bf0c7,d733097a-f3b4-454d-a027-c354c6b7c47b,b409a0a7-699a-4701-85a2-765be3c47feb,medium,0.459,lost,email,1593.62,2026-07-30T13:23:51.175565+00:00,
e75e2026-6629-4db6-ab7e-b5733ebe46be,99a09e8b-37b9-4bc9-8c33-e7f97f57af96,1a0c483f-32db-4434-a98a-2af12f84d744,medium,0.544,lost,email,2820.36,2026-06-03T09:21:51.175565+00:00,
f5696b7b-03d3-4232-a443-a66c9f9b766b,549707bf-ef14-4250-9c55-82ebcd56f470,a9cc350b-f7db-489f-a8bd-4b9bb8a3704e,low,0.663,recovered,email,548.8,2026-07-13T19:32:51.175565+00:00,2026-07-15T19:32:51.175565+00:00
72e1c3e1-cb15-482b-ac99-481575531fd7,3a878b33-9e3f-46d7-9fb0-2ba1f4f0b0d9,543688d9-d801-457d-a36c-1da7ee0ff281,low,0.799,recovered,sms,1249.52,2026-08-06T20:30:51.175565+00:00,2026-08-09T01:30:51.175565+00:00
eef94ae9-af03-4743-bbcd-164cf14b6f4a,40a85b09-42e2-47eb-af96-7509ec530fd7,5386e7c1-80de-4751-b928-fd7b52b94a8d,high,0.317,lost,whatsapp,6096.07,2026-06-17T11:07:51.175565+00:00,
49e19b6e-44eb-4f20-b95a-8725f5b4fde1,577b8733-f254-4cf5-beda-79e872bcbf4b,831cb614-72cd-49ae-852b-05e57a1f3c35,low,0.856,recovered,email,2596.16,2026-07-17T14:37:51.175565+00:00,2026-07-18T18:37:51.175565+00:00
9ef0fc71-80bc-42e3-a7ce-4a4a6ea54628,9de9db2a-c644-4696-ba2b-350d78f4663a,787f9157-7849-468e-b69a-b0237d15c97d,low,0.659,recovered,email,1655.39,2026-07-05T10:54:51.175565+00:00,2026-07-07T13:54:51.175565+00:00
652d7e45-d603-432e-b819-49d7ef023810,01095288-39df-48a1-937d-003153450077,bbcabf16-0e80-4612-b058-75d1f5eb2a80,low,0.715,lost,sms,3326.6,2026-07-08T08:06:51.175565+00:00,
62a26bcc-b3e7-48ee-941a-aed46257deb1,80e809d8-c4a4-4f3c-9fc3-c5818dbea031,53b27db1-113d-477d-b3f2-80e2c7948939,low,0.694,recovered,voice_call,2376.33,2026-06-04T18:05:51.175565+00:00,2026-06-05T04:05:51.175565+00:00
867889d2-7cc4-4fd8-b446-a3bf7c16ee1b,455b90f1-e83a-44fb-a925-4b1b8db5f652,4a8a160b-a22d-47ee-9dbc-6a51df98c21a,medium,0.392,pending,email,5239.02,2026-08-22T22:02:51.175565+00:00,
6c7230bd-6ae7-4f58-a7c1-5714119b5323,bf8f9a10-9cc0-4106-90d6-943dd119bef6,44da4211-340b-49d0-b54e-1b583de43bed,low,0.765,lost,voice_call,5493.54,2026-06-26T21:10:51.175565+00:00,
7082cd69-8075-4167-9fd4-21b65371533f,72693690-b166-49fd-940d-b77bc832eb38,094fb80e-a30a-4677-89b7-e006be014ae9,low,0.667,recovered,sms,6681.28,2026-08-11T01:36:51.175565+00:00,2026-08-13T12:36:51.175565+00:00
f79407fb-3955-4673-90ce-fee4253d1c88,b77bba03-b4a0-4fe9-9b99-6617329e97b0,93229c37-ce72-4149-8629-4f444040e78e,medium,0.47,recovered,voice_call,1567.57,2026-06-03T13:23:51.175565+00:00,2026-06-05T07:23:51.175565+00:00
e0bd152b-f6cc-4f0a-b56d-956c1b41114b,608441c6-fd7b-4b3e-bde2-e548693ee4f3,7793e38a-87cb-4d00-a5cd-d0a88f625546,medium,0.409,lost,email,2620.6,2026-06-02T12:21:51.175565+00:00,
fa3300d1-b07c-4388-8803-2e3b544b3c2c,84fa4d29-84ed-48f5-9f5b-782f6f122d2c,48ba9be8-0f44-4709-b532-6c6750046b1e,low,0.726,recovered,whatsapp,3499.17,2026-06-28T10:33:51.175565+00:00,2026-06-30T18:33:51.175565+00:00
d32c3bd9-8940-4f60-aff9-7545c2a4a573,90f36cae-43e0-47c5-845a-068bb03db967,a178b1f9-7a1c-4d09-876c-0f85e8823d23,medium,0.439,lost,email,2684.79,2026-08-13T16:08:51.175565+00:00,
6f5fffe4-2a3e-495d-baf4-657724e91814,78b096c0-ce75-4412-8b15-bf47125c19f2,c7760236-54d8-46e0-bd1a-332bdba58522,medium,0.465,recovered,email,4956.62,2026-06-17T16:10:51.175565+00:00,2026-06-18T08:10:51.175565+00:00
2af4c4df-49be-4152-92f9-92bb4a72d083,383985fe-7648-4d80-a864-39707a97bd1a,686708d0-5383-4aa0-b9ca-b6427ed0e39c,high,0.283,lost,whatsapp,5863.61,2026-07-28T13:42:51.175565+00:00,
b3940ca4-6522-4886-8ef6-312cca1432be,ad9f374c-0b2e-4747-8b7a-de31d532aa71,764eece7-8ae5-444e-bc21-b7c2e6aa8535,low,0.678,lost,email,721.34,2026-06-03T00:14:51.175565+00:00,
31bc74fc-e239-4ab0-a69c-39b13884b22f,8d9b7a64-b89e-4788-9c28-d7ccd8c9be39,f662b6ce-3210-44d6-a4da-cd878882b323,low,0.778,recovered,email,1479.27,2026-07-20T21:52:51.175565+00:00,2026-07-23T14:52:51.175565+00:00
13925c2a-0b12-4abb-a583-1a4e6b7981da,f336d5e7-1a5c-4552-9de0-696bb69eb90c,187598b5-a1a3-42c8-bf01-ed67a0ac3c26,low,0.65,recovered,whatsapp,1812.26,2026-05-26T18:24:51.175565+00:00,2026-05-28T03:24:51.175565+00:00
808a4af8-b136-4347-9a38-84af11864d27,deea5105-6f03-4f57-a47c-ffb859ef8a4f,1a998f24-1ed8-45e1-a328-ebc768e4f840,medium,0.36,recovered,sms,8882.85,2026-08-09T01:51:51.175565+00:00,2026-08-09T17:51:51.175565+00:00
434ad6b1-43ba-4b25-bcdc-7aea8fd05c81,2b284cdf-18cc-4abf-8b47-204b6cfebc56,3366020c-0495-4a97-9106-52ea2ff68ebc,low,0.811,lost,sms,1536.2,2026-08-10T23:19:51.175565+00:00,
6f8bf83b-1712-473e-a718-c6bd07f65141,3d8064c9-ecf8-435e-b00f-a8c1f43eda22,952cf420-92a8-4997-86d4-4cf2a863e8c4,low,0.904,recovered,sms,784.62,2026-08-06T04:03:51.175565+00:00,2026-08-07T17:03:51.175565+00:00
ad3def7a-1925-4797-ada5-7003b31ffcab,562b1f06-bea2-431b-9087-c4b247225865,cecdc89c-944d-4b98-bf57-7eeca1b26c1e,low,0.938,recovered,email,2292.07,2026-07-29T09:00:51.175565+00:00,2026-08-01T08:00:51.175565+00:00
2dc43fa9-471c-4f5f-9869-5ac8ad1f1f37,32d06a8c-c0f6-4e5b-9d20-a6606f1eaf4e,75137905-61d6-46fe-95a2-e0dd1936040a,medium,0.419,recovered,sms,6050.0,2026-08-02T01:29:51.175565+00:00,2026-08-02T16:29:51.175565+00:00
dabacb7f-070a-484d-afb6-cce3cca692a9,383985fe-7648-4d80-a864-39707a97bd1a,c4e34fbc-69e9-4d78-aac8-235e09949a59,medium,0.454,lost,whatsapp,594.91,2026-05-29T08:47:51.175565+00:00,
7884c772-01e9-4c78-a892-865e3153f1ed,272c7910-244a-457e-8117-32953a0345f2,446234b3-355e-4132-997e-e3045b9ce2ed,low,0.712,recovered,email,3938.14,2026-06-17T13:09:51.175565+00:00,2026-06-19T11:09:51.175565+00:00
c6571fb1-e98b-48dd-88c0-16df5b5db20e,ad444357-d7b8-41cf-b8ff-87533911e9dc,a65bcd4a-e4e3-4376-b265-02ce067be4a7,medium,0.508,lost,email,3216.34,2026-06-17T01:41:51.175565+00:00,
e5d99f1c-0ad6-4715-aeef-f97f96b2169f,e6e3529b-7473-45cd-9883-0b9deed9516b,a10ced02-90f6-47e3-be76-ad65839e7059,medium,0.61,recovered,sms,2956.4,2026-07-26T22:56:51.175565+00:00,2026-07-27T15:56:51.175565+00:00
cab1283f-1b5f-4312-bad6-c10f718a28ab,fae70a49-7135-4b9b-aef1-0d0b79e9c949,e09e2a8b-65ad-4b03-8c4c-f93f5de2ccae,medium,0.386,lost,whatsapp,2015.27,2026-07-15T19:27:51.175565+00:00,
08bf05d8-63c4-48c3-9a3d-6a7a0cbd3299,ce845d41-5e45-4d24-b1f1-2192fd250df6,b401ba21-62f7-41ee-a083-863b867d39de,low,0.913,recovered,sms,1721.01,2026-08-10T04:53:51.175565+00:00,2026-08-10T17:53:51.175565+00:00
ed9ccbf5-be52-412a-b7df-6e0ee3cbdf1b,00f80b29-8089-45b3-849f-e035d3dcd67b,3d33892c-3097-4b8b-a7ec-f26a6d4339b5,high,0.225,recovered,voice_call,24647.62,2026-07-28T14:33:51.175565+00:00,2026-07-29T10:33:51.175565+00:00
cc4df5d2-5f43-4329-b45b-15d762283e97,286607b4-ca96-4396-b8cc-c39e3e0cd4dd,a790adc7-44ea-4332-91da-64ba8d758cbb,medium,0.522,recovered,whatsapp,9265.8,2026-07-30T11:41:51.175565+00:00,2026-08-02T10:41:51.175565+00:00
b58a48da-efc0-4374-811c-bfbf53f6a2c6,b894952a-86df-4995-974e-b2092806ad70,f9b7e9b6-33ab-4e15-853e-742b982e91e2,low,0.707,recovered,voice_call,10358.77,2026-07-12T06:11:51.175565+00:00,2026-07-12T22:11:51.175565+00:00
c6839638-5ddb-43fb-b258-b6fe928c6c45,eb00ce9c-1a01-4abb-9c9d-e4a6e1d05dc1,2e8a76cf-98dd-4c06-9fde-92498779d90e,low,0.797,lost,email,3368.93,2026-06-17T14:27:51.175565+00:00,
3298e247-7ce9-4a0f-b23f-330471082f9a,3ee0826e-a1af-4b30-af68-38ce6dba912f,0c8ed8cf-4626-46e8-bf6c-620f40e0bbf1,low,0.857,recovered,email,678.05,2026-08-04T16:32:51.175565+00:00,2026-08-05T20:32:51.175565+00:00
3fd146c4-203a-4cf9-825e-f5857142949f,dd7208a9-798f-4daf-a926-146c5065d2af,d16a1da1-7c66-4eba-bcf8-1b08133268c9,medium,0.368,lost,sms,5402.94,2026-06-01T10:30:51.175565+00:00,
ecef61cb-23fd-41ed-9392-c4eaf2bcb30d,b824ad0c-17ba-433f-867d-a9c848e11cde,88c103c7-3a0c-4d02-a3af-08ab00151e56,low,0.826,recovered,whatsapp,3689.48,2026-06-28T04:59:51.175565+00:00,2026-06-29T08:59:51.175565+00:00
0930ada1-64c7-4690-b86e-ffbf1ab638fe,8771df58-239c-4303-890c-a1fa6d890303,bdc9175c-1d0f-4b8c-b8aa-21da1007b088,medium,0.464,lost,whatsapp,5711.56,2026-08-01T18:27:51.175565+00:00,
6688cd05-bb67-48c5-af90-b3203fd70b8d,90f0c4b6-6402-4124-a47c-39d6853e17a3,26fc7a13-f052-4c51-a14b-d5c688b23835,low,0.905,recovered,whatsapp,3078.29,2026-06-16T01:17:51.175565+00:00,2026-06-18T09:17:51.175565+00:00
adc43dfe-aeda-4eb6-b78e-bec62cdd6f23,0275f4eb-cb1f-477d-896b-e55e2cb0b3bb,56d6cd33-69e7-45a1-9f1b-ddee6fbbe5d5,low,0.743,recovered,email,892.85,2026-08-15T19:01:51.175565+00:00,2026-08-16T23:01:51.175565+00:00
e2103186-ec79-4a16-b35f-ce54a0d80f48,8d45662d-0d61-4287-931e-5e8ef5c339b1,edb4912c-25bc-43a8-808d-538ca6705fb7,medium,0.506,lost,sms,7898.66,2026-06-11T21:06:51.175565+00:00,
a2cbd0e7-5efa-46ca-8d43-e8e040bc99a0,d91ee8a7-d298-4820-8613-c4aebf7bf285,8605442c-c15c-417f-92a1-7af9a14a090a,low,0.758,lost,email,1991.82,2026-07-10T01:10:51.175565+00:00,
9e94610d-2fc2-4ff5-992b-c64bdf8afa78,e89bd9dc-2556-47dc-955b-8cc079d4dcaa,8c75688f-c868-4fd9-bb94-7bfed091a5f6,low,0.701,recovered,whatsapp,932.49,2026-06-12T19:16:51.175565+00:00,2026-06-15T15:16:51.175565+00:00
5f9339a8-4486-44a0-a650-a2d033ba65da,acf9d856-0cde-4907-8a8d-f4f1a463f135,faad16d5-3369-4fab-a466-3ca980272230,medium,0.526,recovered,sms,2021.39,2026-06-17T05:25:51.175565+00:00,2026-06-20T03:25:51.175565+00:00
ccb68ee1-1219-4981-9421-85587ff68c6d,2f2144b1-710f-468c-878c-4817bde969dd,25899b8d-ff4d-4ab6-b537-f07698f06715,medium,0.647,recovered,whatsapp,955.42,2026-05-25T18:40:51.175565+00:00,2026-05-27T01:40:51.175565+00:00
bcb76b74-d6f3-4a72-857c-1f326ad67597,dd9ca78a-170a-4648-977f-ce974f6ceaf8,ce386177-1ffe-469d-86eb-8c55b916f594,medium,0.585,lost,sms,3442.06,2026-07-14T12:59:51.175565+00:00,
903926e4-af43-40f9-98bd-1dcbc9eb24e8,1429ee01-0d35-44f3-8805-07dce4177a91,2dffc290-3d45-4c98-9574-50fa741a458f,low,0.775,recovered,email,1095.27,2026-06-02T01:33:51.175565+00:00,2026-06-04T12:33:51.175565+00:00
12e14735-2a14-4156-9f6b-b3207d97e1ae,cea02cd4-f7b3-4224-b818-dc9cff841709,01bcc263-50a6-4d50-90c4-e29b8980f3b1,high,0.256,lost,whatsapp,1034.85,2026-06-24T23:13:51.175565+00:00,
8d0aa913-c012-4f59-9872-9211a02411b9,90f0c4b6-6402-4124-a47c-39d6853e17a3,c38de375-bf38-4ff8-86ce-ab9125358ba0,low,0.868,recovered,whatsapp,1509.5,2026-07-14T04:02:51.175565+00:00,2026-07-17T02:02:51.175565+00:00
7bf44574-7011-4358-9b7a-0cb78c3009c4,19a487b4-5c53-4746-9849-770fda150e8a,c44228df-44b0-42d5-aa6b-d70b22218e9e,medium,0.553,recovered,email,1238.93,2026-06-09T18:32:51.175565+00:00,2026-06-10T12:32:51.175565+00:00
4dcaa339-e716-4c6b-86d0-baee2f38f585,98433b63-8d15-4d24-966d-836970bedb1d,e8f9bcfb-3b7f-4541-b176-e2d3b810d8a2,medium,0.591,lost,whatsapp,7276.95,2026-08-01T21:45:51.175565+00:00,
e6a35901-d3da-4dcb-aedc-a985c18cd09e,c7355be6-b989-45e3-97a4-69be2f288165,a8ec7b23-b084-47e0-b08e-5722562adacc,medium,0.642,recovered,whatsapp,4487.81,2026-07-26T01:05:51.175565+00:00,2026-07-29T00:05:51.175565+00:00
8d2ddeb7-1ae0-4905-a86b-731db1a4f5b3,9d559b34-17b3-4022-a5da-68be48cc0eca,6655706f-3095-4787-80fe-9430d8637dd1,medium,0.425,recovered,sms,5526.4,2026-07-15T16:42:51.175565+00:00,2026-07-18T04:42:51.175565+00:00
71f76c27-9655-4b55-8dfb-3f68ca31c9b0,79cb2263-9a4a-4adb-a378-57e136fc2e8a,0c8cf44f-c30a-408d-a74d-40d9fbe81793,medium,0.453,recovered,sms,2302.01,2026-08-18T20:12:51.175565+00:00,2026-08-19T11:12:51.175565+00:00
2097bd8b-092d-4f2b-9655-0954feaf3785,7756bc98-ad39-4661-8428-025240ee7756,9fe065b7-3c3d-40fc-ac6c-ff1bc2c57be6,low,0.778,recovered,whatsapp,593.63,2026-08-08T09:05:51.175565+00:00,2026-08-10T21:05:51.175565+00:00
11b63842-65fa-43b7-a5fc-08becb8a8191,66d0e35e-664e-49e8-bb51-02513c866f19,a98ab0c8-e408-4c43-93f1-2ac00669b9e7,medium,0.492,lost,email,1253.68,2026-08-07T05:58:51.175565+00:00,
51527f66-2643-476d-88f6-ae2b3910a832,6f5bc49b-cd3e-47e5-bd60-00f591ff281f,cdfbd967-bd68-4319-9822-2d3d776b1ea7,low,0.81,recovered,email,1827.1,2026-06-25T06:12:51.175565+00:00,2026-06-28T04:12:51.175565+00:00
7828fe65-17f4-47f2-9655-b27393e61e2f,46d0c4dc-cd8d-403e-8557-298b5d36038d,14f0c19d-7533-4381-9976-07519ee344d5,medium,0.516,recovered,whatsapp,2886.04,2026-08-03T08:07:51.175565+00:00,2026-08-05T16:07:51.175565+00:00
77e3b66b-8d9d-49db-9c89-8448f39995c4,9777723d-4ed9-4ac7-838b-ed27ce283026,329609d2-36ab-40e0-99ae-16476b3e3d4e,low,0.813,recovered,sms,499.0,2026-08-06T02:43:51.175565+00:00,2026-08-07T03:43:51.175565+00:00
6048b808-0c13-4efb-a663-050bfccdd027,acb984ff-29cd-4907-867c-41b19ff871a1,476bbd5f-2ba4-47da-83f6-a021ddc69b9b,high,0.324,recovered,whatsapp,4911.01,2026-07-19T10:04:51.175565+00:00,2026-07-22T02:04:51.175565+00:00
7e315262-f1ae-4b98-aee1-d462118efe50,a63ce567-486f-4d6d-820d-9a8207565394,077cd27c-08a3-4632-bfce-34206b98f4e5,low,0.85,recovered,email,1813.58,2026-07-23T21:18:51.175565+00:00,2026-07-25T18:18:51.175565+00:00
8d5d02e1-53b2-4b96-aa60-e2ae72b6e0ce,aaf0522a-1aac-4141-8372-533143b35b01,bc4dccea-84fb-425b-8510-0403f08a01d8,low,0.819,recovered,email,1337.89,2026-06-27T06:53:51.175565+00:00,2026-06-29T14:53:51.175565+00:00
cbd0ca3c-6f3d-4fe7-ac99-2eb855047dcb,87aa8c4c-e9a1-4487-b4ed-bb7faf30b3fa,5d30622c-4a92-404f-b4a5-899891e21e3d,low,0.774,lost,email,3993.16,2026-05-28T01:44:51.175565+00:00,
9fb550ea-0d4e-4970-8807-93b0fcdc56fe,8c0f0c1f-ba56-428d-8aaf-7a9ce9366744,fd995c21-aad8-4da2-88c8-11257fad87de,low,0.757,lost,email,1087.07,2026-08-07T01:24:51.175565+00:00,
c24993e6-39ca-4a4d-85f5-0c8b952d3e1c,d8064b41-f87f-424e-9f41-c07a1afa9fe7,14f85c25-f399-4924-8aba-4b2c878f6d20,medium,0.583,recovered,sms,1664.26,2026-08-13T04:19:51.175565+00:00,2026-08-15T14:19:51.175565+00:00
465c21e8-bc64-4fda-b019-36e8bdb4a773,9e9c3856-603a-4274-9181-79195400d040,80b866d3-e621-47ef-aad7-4e007297d2c1,low,0.659,lost,sms,5145.41,2026-07-29T15:45:51.175565+00:00,
4b95411a-562e-4291-87cb-5c37c5696ef4,62e711cb-6de1-42df-adfa-5bab75409f21,b76fa4a7-6cf9-4784-b24e-4e2ec2a71185,high,0.25,recovered,email,12891.79,2026-07-17T23:27:51.175565+00:00,2026-07-20T08:27:51.175565+00:00
befeecb1-35b9-47e7-a7aa-bebf55f17b66,395c842b-151c-41fc-9404-9736b3eb8bed,d64eafdd-f90b-4ba2-923b-bf156f406a73,low,0.809,recovered,email,499.0,2026-05-26T12:19:51.175565+00:00,2026-05-26T19:19:51.175565+00:00
4f2343af-c819-447f-976d-43181f370e39,4dcd5723-349a-445c-b3ac-7fb3d8ac78b2,b7f189ff-2bfd-4cb6-b0da-014b070d8e83,low,0.744,recovered,whatsapp,5856.49,2026-08-15T02:49:51.175565+00:00,2026-08-16T14:49:51.175565+00:00
a0bd7dfb-c9c7-4fae-8568-05e857c26155,7077203d-b7ca-4433-956b-c88c0ff030dc,4020876f-85cb-46f1-8187-8a4596d1df14,medium,0.593,lost,whatsapp,959.45,2026-07-02T02:18:51.175565+00:00,
06e61700-98e2-4192-aa45-24dd028e86ae,8dbc28a2-4fa4-4465-8abb-f6c4324cdc0b,1f9ea9e1-3da6-482a-b956-a6748aac7b81,low,0.694,lost,sms,6564.71,2026-08-05T20:49:51.175565+00:00,
3ed3d143-a291-4123-8cc8-9f9d0f08f23d,973e7428-7f27-4b4d-8823-5f04dc578a7a,b414a883-1b62-4b57-876f-c14d45210fb8,low,0.766,lost,sms,4338.65,2026-06-19T17:19:51.175565+00:00,
3d3d41d4-71a4-4096-bab2-8db25bba5e71,217cf56d-5d6b-49f9-b2e1-68ec5113c99a,2fd3f52a-3a09-4ca6-b330-27e8110e41f2,medium,0.417,lost,sms,4916.89,2026-07-26T05:49:51.175565+00:00,
39d0d6d5-f5b1-4deb-87d4-33383ee6311a,fe960438-7cb3-411b-9f0a-40761a02320d,e8dae7b8-ad12-4c7a-a265-66cb96c34102,medium,0.57,recovered,sms,6219.42,2026-06-23T17:26:51.175565+00:00,2026-06-25T17:26:51.175565+00:00
a75cba30-1ef0-4e61-8fc3-a8219df16dcb,793329fd-cb55-4f1d-b55d-c1bfa84bd043,ebf21d37-26e0-41dc-a9e2-8f14aeaf9904,low,0.771,recovered,whatsapp,1652.48,2026-06-08T16:52:51.175565+00:00,2026-06-11T12:52:51.175565+00:00
43deb0b1-adf7-42e6-8e38-744ec562f8c6,17b9834d-d76e-4407-9c6a-6eada0a8c648,a2e6f449-9504-4de8-9e75-f5435787bbe5,medium,0.528,recovered,email,3015.12,2026-06-16T01:23:51.175565+00:00,2026-06-17T04:23:51.175565+00:00
9b9bed38-08ea-446a-85bd-105eaaf2d837,e71fbd3f-b21c-4185-98b9-700df40c84f9,07aae573-f820-4f20-8ff2-27c1f2319c74,medium,0.502,recovered,whatsapp,5372.2,2026-05-28T00:46:51.175565+00:00,2026-05-30T06:46:51.175565+00:00
f7051d3f-25d7-4f22-a76a-b460a580c0b1,cfb094a2-ddde-400a-9895-344f8f55f09b,e319e273-f854-4f54-a2eb-c1284fdd8631,medium,0.544,lost,sms,4061.04,2026-06-30T21:47:51.175565+00:00,
023adaf1-8b62-4397-985f-a8034e4f322b,b586abb7-e081-41c9-9eec-a4614c52bc82,ad960de6-29f1-4a76-83ea-1a86b026f5a0,medium,0.577,lost,email,3461.42,2026-07-28T07:30:51.175565+00:00,
f5c63124-ac8d-411c-8baf-361c2082eeba,5ee9b949-9b56-45bc-b6f3-c3ea84049140,19e3aa26-4080-4e1a-a56d-08ad1a928c8b,medium,0.501,recovered,sms,7820.99,2026-06-27T23:02:51.175565+00:00,2026-06-29T13:02:51.175565+00:00
82152a6d-cd5c-4b8c-bb6b-34cdda8ea013,6c03e7ac-0a96-4468-b2ee-1d64985f5550,036ed92a-dab0-4047-a746-0ffc0a17d8a6,medium,0.576,recovered,email,2996.37,2026-06-28T22:17:51.175565+00:00,2026-06-30T19:17:51.175565+00:00
633b087f-9263-4e9e-b636-4b390a34f2da,316e761c-1fe0-4f5c-9fe8-1072339b0799,f1e53a8f-fe49-4825-82b4-c1ccec067d95,high,0.292,lost,voice_call,1875.2,2026-07-22T01:23:51.175565+00:00,
78be10f1-5c73-4054-8274-32d28e1e25cd,b478a109-98e8-4b06-b405-7ec349c21978,1497dac7-ad86-496f-9577-8364b271618d,low,0.816,recovered,sms,5649.98,2026-05-25T03:56:51.175565+00:00,2026-05-26T10:56:51.175565+00:00
c35460ea-de5d-4aac-bbd5-ffb21bdd1f0b,1ad29b43-a12c-4332-9ee7-d00d2d48a3b5,77df7c3e-52d2-4ab4-a77a-d8ce6b49f772,low,0.756,recovered,sms,1039.64,2026-07-11T00:55:51.175565+00:00,2026-07-12T10:55:51.175565+00:00
c3ecee0a-f255-4489-a8ac-7be7422a67bb,39af8fe6-522d-43f0-b928-305f2c7a610e,2a9c68cb-e1dd-4597-9eba-41fbf73865ff,low,0.749,recovered,whatsapp,3041.42,2026-07-04T23:22:51.175565+00:00,2026-07-06T02:22:51.175565+00:00
b528bcff-6806-4e71-8720-e8d4b9179809,0f877af9-9d84-4d97-9252-2bf7eeb669a0,f408c3b1-1a4f-4da2-bbbe-6c95ac93cd10,medium,0.635,recovered,whatsapp,1183.61,2026-07-07T15:19:51.175565+00:00,2026-07-07T23:19:51.175565+00:00
b21c5918-ba29-4814-9c50-19aaedddfb36,8d565c3f-84a2-4ede-92f6-f6b0fc395bd0,4aa59b71-8203-4bfe-b5e5-ffc17204f50b,low,0.686,recovered,email,1760.94,2026-06-04T09:08:51.175565+00:00,2026-06-04T14:08:51.175565+00:00
e95fc2fd-9cc6-41cf-bac5-207648c59375,3bc4db41-0d9c-43ad-94c0-162f2a812580,cd67eb90-b991-4759-948a-8ea39ad3331d,low,0.803,recovered,email,908.76,2026-07-21T09:18:51.175565+00:00,2026-07-24T02:18:51.175565+00:00
597ca804-2f87-4024-b978-d56e9f2a283d,edc04411-83c8-472d-a7b6-090a21e89afa,9e34f026-a06b-4de5-942b-558110707b33,low,0.945,recovered,email,1752.31,2026-07-07T03:26:51.175565+00:00,2026-07-07T22:26:51.175565+00:00
12412bb3-af7f-4a14-9035-a4f91dc72b56,908e2959-31c7-441b-8ddb-7e2c3d63f1f1,c0f895d7-dbf1-40f5-8f3d-08686c9b7604,low,0.675,lost,whatsapp,1680.7,2026-06-20T20:44:51.175565+00:00,
ca210062-fd3b-4f82-a430-311a8eedbd2a,101768aa-49f6-45a4-9142-5e6dc98997e2,af04c224-ec0a-44e6-a467-f6f5c41bd0cf,low,0.713,recovered,sms,1486.46,2026-08-09T05:11:51.175565+00:00,2026-08-12T05:11:51.175565+00:00
3ed2483e-1ef9-4928-adda-6d02f1732a0f,a9a938ea-3adc-4159-9c7f-7970bf1d870c,e5592b61-5a8a-4fcc-a56e-ef672db453b7,low,0.691,recovered,email,2868.74,2026-05-28T11:53:51.175565+00:00,2026-05-28T21:53:51.175565+00:00
2ab35c25-4fdc-4ba1-8629-3afb0f7dcbd3,7442c32a-cff1-4714-a126-ddb035bcfb0e,9b30aee8-117c-4fa3-848e-bb2ab958b527,low,0.749,lost,voice_call,898.85,2026-06-27T00:19:51.175565+00:00,
c58c165d-c52b-4715-8400-8aae5c063963,bc03cdae-d6db-4cf5-bdd5-6dde97e9f1a5,fb612ea6-38f6-4389-a609-31b7d8625936,medium,0.487,lost,sms,1477.58,2026-05-28T19:05:51.175565+00:00,
996abb78-66b3-4643-8be1-1725f38571e1,fc3d535b-5b0b-4af0-a84c-33c414862017,4142650d-27a3-431c-8818-dd138f7f7010,medium,0.614,recovered,whatsapp,6868.49,2026-08-17T00:00:51.175565+00:00,2026-08-18T13:00:51.175565+00:00
8585bc54-56c7-4405-bd5b-4c04dd0d9639,edc38003-97f7-4c48-acc9-a9b94573ee3e,0ab8724e-1714-4607-844d-ae42fd8e0514,medium,0.579,recovered,whatsapp,1376.73,2026-06-19T05:37:51.175565+00:00,2026-06-19T23:37:51.175565+00:00
b5e3f675-3fc7-4184-af84-9c72fcdc373c,cd144c8e-1b17-4baa-9941-6363b3f68b93,e72cf00f-21a6-46c9-8039-0b84dafd6ea8,low,0.72,recovered,email,2178.77,2026-06-06T19:32:51.175565+00:00,2026-06-09T17:32:51.175565+00:00
e3c0e72d-4c5f-4405-9119-ab5d8b806150,4103eef8-bff4-4c07-a93b-c2e8b910e05a,fd8471f4-26ff-4f5c-b1c3-f8560fd5200c,medium,0.376,lost,whatsapp,2067.84,2026-05-30T04:42:51.175565+00:00,
b40b1c28-cfc5-4bb1-bccd-f01903869dcd,0f5e5bec-92de-4792-895e-b247c62342d5,28fbc58a-f934-49d8-badc-3aba9c2d8bcd,medium,0.548,recovered,email,2986.38,2026-07-12T07:14:51.175565+00:00,2026-07-12T23:14:51.175565+00:00
3175c036-cbac-49ee-8cc1-f83ac4a9554e,d58c8ac8-f6ac-439c-af27-1fe31010c458,8530216d-c443-4201-9b7c-282ea7e9f618,medium,0.642,recovered,whatsapp,4447.84,2026-07-31T09:18:51.175565+00:00,2026-08-02T06:18:51.175565+00:00
e3821ee7-c919-4560-817a-78b8646cba58,579cccbb-47b9-4243-b32e-c4199036a4ae,124b9133-bfa2-432f-8dde-0a9eb7fa0979,medium,0.561,lost,sms,3914.88,2026-07-17T06:47:51.175565+00:00,
37a26879-510c-4b25-b973-3d634fd0b7b5,633161a7-c1cb-45c5-b7c5-03cfac8a3471,a04be323-282e-44b6-b758-23d4fa579161,medium,0.489,recovered,sms,4103.26,2026-07-13T17:08:51.175565+00:00,2026-07-14T14:08:51.175565+00:00
ea2aaa21-d424-464e-b1e2-17803befa51c,16fe8b27-5a1a-421e-a808-8dc24ee94444,03551eb3-0abe-4c5c-a638-0406900c6f06,low,0.67,recovered,email,5926.32,2026-08-13T11:02:51.175565+00:00,2026-08-14T09:02:51.175565+00:00
479285ff-cb02-4c05-9877-7ac8d85e6665,81b7f426-9be7-4414-a3db-261f2f07cb22,45423829-085f-43a7-b949-5769add6b643,low,0.805,recovered,sms,5272.95,2026-06-26T07:22:51.175565+00:00,2026-06-28T19:22:51.175565+00:00
f07c8001-ca7a-434e-95ee-9f123cb95e3a,fb56a7c5-91db-4d2e-ae7b-b4b2765ee9ac,18851a33-7877-4ce2-a991-d4f1005f4129,low,0.677,recovered,whatsapp,3012.82,2026-07-22T08:24:51.175565+00:00,2026-07-24T12:24:51.175565+00:00
13b5c595-d92a-41de-945f-316805b026dd,ae556d6a-91a2-474e-a297-7e14f8b3cd3a,8fa42b6b-39c5-4a54-9517-ea57e3269311,low,0.752,lost,whatsapp,1340.22,2026-08-08T02:39:51.175565+00:00,
94200567-19c9-4c65-85b1-c8e2c5acb142,d4e4999c-7185-4501-81b0-21a607e847a5,1a947d92-44d1-4525-97ce-18b842cdedf9,medium,0.522,lost,whatsapp,677.38,2026-06-16T04:56:51.175565+00:00,
69602f17-8eb5-4347-a51b-c698c3ca7ebe,069c7655-152f-42b9-aed8-7862d98f181e,922c9e30-96d3-4e56-88d6-0bb6b7ba0485,high,0.253,lost,whatsapp,2648.4,2026-07-08T09:49:51.175565+00:00,
30046fe9-875d-4664-8277-78bd6cedc20a,3b22ae1f-fd6c-4be7-8e96-d6eecf5f5250,1fb2836b-54ae-403f-a5cc-68ed6c71025d,medium,0.622,recovered,whatsapp,1490.56,2026-07-20T15:08:51.175565+00:00,2026-07-20T19:08:51.175565+00:00
b57341d2-cb69-4af7-8b90-4286d034ae82,69b1eec8-c0e3-4602-860b-672ec774cec1,f5869db7-4af1-4f8c-b951-02c3a624fb85,medium,0.54,link_opened,email,4025.46,2026-08-22T07:51:51.175565+00:00,
233ef1f4-1acc-4e80-8911-060e7e4958aa,a9494f4b-800b-4fbe-b6cb-1f18ff15e55b,7f7e46bb-5517-4195-a100-eee888b98d60,medium,0.537,lost,email,571.68,2026-06-30T02:50:51.175565+00:00,
97ce4bd2-dd33-4ba6-808e-cf8f86a0c7f7,575539f5-4d61-458d-9c48-0d00257b565c,680ced7e-e2ce-4db7-87dc-ee974794321a,low,0.782,lost,whatsapp,1586.56,2026-05-28T04:29:51.175565+00:00,
6246bead-6458-4ad6-93f4-95810e342710,5aee5eed-a40a-4457-b1ba-40eef05405bf,608843fa-6c52-4ffe-88ba-319799806393,low,0.96,recovered,whatsapp,910.14,2026-07-11T17:37:51.175565+00:00,2026-07-13T19:37:51.175565+00:00
1d03c29f-2ee3-4925-aabd-7c564d6c5165,874d01b6-db36-423e-b4c1-d443b5805ba8,6e0b021e-8a99-4533-8718-cd2923bf6f62,medium,0.567,lost,email,3380.29,2026-07-09T12:40:51.175565+00:00,
4eb845ef-0498-4f61-90e7-127c71469959,17b9834d-d76e-4407-9c6a-6eada0a8c648,e82afedf-6782-42ca-a676-a30c7155a07a,medium,0.466,recovered,whatsapp,7110.01,2026-08-10T08:41:51.175565+00:00,2026-08-12T02:41:51.175565+00:00
025de2ac-c167-44c7-aaf7-260f0c735249,b84d75f3-2eb2-4210-88ab-fe2a88069da7,a887bb4b-d4ee-4a54-98a8-2f373cb6329c,medium,0.509,lost,sms,3194.72,2026-07-01T17:38:51.175565+00:00,
775823d1-54eb-4eed-8b13-7c02edf4d986,5b402c87-cfce-43c2-95b5-0f7c51787714,15d38721-4297-4520-b97e-d00de836c978,medium,0.64,recovered,sms,830.32,2026-06-13T20:23:51.175565+00:00,2026-06-14T14:23:51.175565+00:00
8de7f111-bbbe-44d8-9e4c-943dfaaed980,cf1942c6-e8a3-4595-939e-c129cc48b748,0f49f336-f1d2-4834-a023-c16ad920aee6,low,0.824,recovered,sms,6060.47,2026-06-07T06:42:51.175565+00:00,2026-06-08T15:42:51.175565+00:00
5183d4df-d454-41ae-af16-52ab54cfa97d,135c1be8-b61e-4f08-ac59-7a706e30b0ea,58db5681-d361-4ca7-a363-d2883cc2568c,low,0.669,recovered,whatsapp,5839.05,2026-06-02T16:01:51.175565+00:00,2026-06-04T14:01:51.175565+00:00
81c223f5-2b63-4179-bdaa-fbbda9303045,6fbffe42-ebb3-462b-ac72-022d6b825def,98fa9112-a264-413a-9bd9-3a227beeb502,medium,0.497,lost,email,10398.95,2026-07-24T12:13:51.175565+00:00,
bf417b6f-e480-4390-91cf-24b1474a7352,3add5289-a38c-4fed-81a7-558ea7c28b09,8848f5d8-e534-4ac5-b16a-987b9287d868,low,0.704,recovered,email,826.7,2026-07-14T22:50:51.175565+00:00,2026-07-17T01:50:51.175565+00:00
782cf54f-8a13-4f3f-a958-ca57c18c7d44,28f376fb-9952-4b73-8b0a-576a06a05172,8a7e95d1-544e-4788-8aa5-87b9b31c98c5,low,0.775,recovered,sms,1484.51,2026-07-15T15:18:51.175565+00:00,2026-07-17T12:18:51.175565+00:00
7962a768-026d-45df-9496-28ef6d9cafc3,5b402c87-cfce-43c2-95b5-0f7c51787714,54c44d63-42f5-4587-9e22-ad322727e5fd,medium,0.495,lost,whatsapp,7363.05,2026-08-01T02:02:51.175565+00:00,
48c46446-b20e-4400-90a6-8dca339851e5,531d8476-7f72-41c3-b057-578b4d147e5d,5f40285a-b76b-4161-8d29-e282493d0958,low,0.888,recovered,sms,2176.21,2026-08-02T10:46:51.175565+00:00,2026-08-05T00:46:51.175565+00:00
e3f86f73-974f-4a68-acdb-6afa64a0665e,d824012f-2368-4615-824d-a2e4e23c0d81,9da835eb-2218-4513-bdaa-f00f22b859df,medium,0.485,recovered,email,2561.28,2026-05-28T05:30:51.175565+00:00,2026-05-30T12:30:51.175565+00:00
f2a1f770-b2a5-467e-8515-6660b87c8c21,f0a20ffb-04c0-4d4f-b353-ba311cc140e5,79958fe2-cccd-40c3-84ee-ed52de52a011,low,0.702,recovered,whatsapp,19706.08,2026-08-03T05:37:51.175565+00:00,2026-08-05T22:37:51.175565+00:00
3bdc6c2c-708f-405a-86a7-b1cc4c09b01b,e77ceffb-adcd-4d24-a03c-0a02e4735103,6207c86a-4521-4c15-a4d6-20eb90b3576a,medium,0.581,recovered,email,3380.57,2026-07-05T00:21:51.175565+00:00,2026-07-06T15:21:51.175565+00:00
ae7e4672-03b7-4429-9384-2c9b51b06796,08e3a865-57f7-4fb2-9296-1880f489c635,48b048f7-e78e-48e5-9790-ad989ba0fd09,low,0.823,link_opened,sms,1227.05,2026-08-20T23:58:51.175565+00:00,
aa3f326a-b000-4b1d-8459-06d13c22c516,89f93482-8f5e-4a67-a2d9-5ab6aa9bdf52,5742ab62-9dcd-4b48-b3a2-6391096ade0b,low,0.683,recovered,sms,3627.16,2026-08-13T12:09:51.175565+00:00,2026-08-14T03:09:51.175565+00:00
026ae684-bf21-44a0-957c-608f2ecc8064,2e194b4a-f60b-44f6-a02a-fb0964e3e5f3,8440048e-bb48-4b65-9cfe-212ec9d4838c,medium,0.503,lost,whatsapp,2222.83,2026-07-01T17:37:51.175565+00:00,
0546c863-53a6-44ef-a506-f252f43625c7,636f0e90-570c-464b-a68b-ed26c873c95f,caa3b602-eb19-4bdd-a3b5-b78219a2dddc,medium,0.555,lost,whatsapp,788.76,2026-07-29T12:38:51.175565+00:00,
1002fbdb-272a-4213-8313-df76629349b4,c8f9327a-74d6-41a2-89cb-ad8fda3fff52,8b93af6d-0e7e-44b9-8fed-9e1d5aeeca49,low,0.78,lost,sms,3881.97,2026-06-10T01:34:51.175565+00:00,
123ec472-cf16-4da2-9eb8-ef68140074cb,2cc4244d-d81d-42f2-a79c-b6e1290d9068,4ad243c8-612a-4516-8434-99f3090fc893,medium,0.515,lost,whatsapp,504.37,2026-06-05T15:12:51.175565+00:00,
12895d8f-72b4-470e-b714-cb7292734ff5,08a538b0-7bda-402a-8450-f57dd2949e5b,1e4bbc5d-a6b5-4d8b-8ceb-e8846c21ce75,medium,0.614,lost,sms,1363.76,2026-06-03T10:49:51.175565+00:00,
b362f3c0-4b0c-403b-ae05-918a70440988,22707a16-b663-46f0-84cd-d5d39343fb11,94b80f3e-b78a-4d77-8229-edc50bfec3a9,high,0.322,lost,voice_call,12663.36,2026-06-15T00:25:51.175565+00:00,
8171c0ae-d882-431d-abb2-2b5cd826719d,970b3301-0dff-46be-9d32-6c8cf31e0a22,14145ee9-52e4-4f32-9223-a89d9d89bf7b,low,0.837,recovered,whatsapp,1102.99,2026-07-03T02:13:51.175565+00:00,2026-07-04T07:13:51.175565+00:00
646d9fb0-62aa-4272-951d-da3a251c50f1,69043bfc-4402-4907-b3a9-4573c8c55edc,603b7168-3dc0-4932-a40e-ed086f3f8320,low,0.699,lost,email,2040.93,2026-07-15T00:54:51.175565+00:00,
79c6f043-bfee-44c2-abac-ac3374f67cae,1d106b06-1538-4d2b-9acf-be70160123a7,6d68d56e-512f-4af8-bcbb-93fd1fed7769,medium,0.616,recovered,email,4778.98,2026-08-15T10:44:51.175565+00:00,2026-08-17T17:44:51.175565+00:00
da566fd1-7efd-4f7f-8812-ef4bc0786aae,a1f0f250-4f76-4144-9c6b-84b85cfcb1f9,4d39ff52-7fb0-457f-86d0-5cbb2b0c7774,medium,0.5,lost,email,2097.62,2026-07-25T00:19:51.175565+00:00,
197ee611-c57c-47e9-9c9a-98ff4485d137,5e7388ba-e682-4d06-8e66-78cee89a5304,593adf51-c7ab-4b22-992f-af4f89fb47cc,medium,0.408,recovered,email,2494.23,2026-06-15T16:26:51.175565+00:00,2026-06-16T19:26:51.175565+00:00
a1b85188-56e7-45f3-9e40-35a344d79833,cddcd744-60f8-42cd-a9fb-0c35a7d0bc4a,3eb0a026-a52d-43a2-85df-da93df8c334e,low,0.847,recovered,voice_call,2188.28,2026-06-22T10:45:51.175565+00:00,2026-06-25T01:45:51.175565+00:00
173cd79c-8b1f-4cab-bd55-7dd19e65977c,1a6266fa-82dd-417a-89b5-ee28c5f046d8,0e823a5b-112a-47d8-8883-044beaa55fc0,low,0.663,recovered,email,2495.39,2026-07-20T16:52:51.175565+00:00,2026-07-22T21:52:51.175565+00:00
fe54a674-c095-409b-b0e6-8488fecf0373,d366c0ad-2ee4-445d-8ca7-c964b328db84,23433198-407b-45ba-87c2-fd8b34404b73,low,0.768,lost,email,2430.91,2026-07-18T19:38:51.175565+00:00,
5ad734fe-1f5d-4cb9-a8f7-2bf87296804a,36b16d3b-0378-4e8a-ad5f-3b624c856be1,86ac574a-610b-46ce-b1e7-2a36dce1b344,low,0.754,recovered,whatsapp,5841.16,2026-06-28T05:31:51.175565+00:00,2026-06-30T06:31:51.175565+00:00
db31f7ee-9985-4e64-9076-95bd8aed2c2b,33b8e9f6-b308-4b79-8c3c-463a352e3c6f,156a8b2b-1890-41b1-acd1-da1460055ae7,medium,0.505,recovered,whatsapp,4038.65,2026-08-14T02:13:51.175565+00:00,2026-08-14T18:13:51.175565+00:00
56386576-afca-4f78-bcd1-326594170d50,41711bdc-1edc-4cd7-a857-b552f6572c7f,52b36676-6e2f-464e-a5ac-f8db8071b068,high,0.226,lost,whatsapp,1989.3,2026-06-03T09:06:51.175565+00:00,
6f523c93-5ece-48f8-a02a-340249ba5338,ea13bc8b-5d81-494b-aee4-1efaea397359,c0c017ed-5684-4f74-908e-1053737c5c4e,low,0.949,pending,whatsapp,1383.35,2026-08-22T18:52:51.175565+00:00,
aac68206-8dfa-4d4d-b75b-70c7064c9d71,7cba1ae1-606d-4b4b-ae30-c8f668c34467,49aa65ef-e2b5-43fb-93e2-ef9527c22d59,low,0.772,recovered,email,1654.58,2026-06-08T06:21:51.175565+00:00,2026-06-08T20:21:51.175565+00:00
169b7b3a-469d-4c37-848d-98ebd9f32ad9,27ad82ae-b1cf-4586-8323-4e0637841ef8,17d6d029-bb51-4359-a64f-efccb4493b6e,medium,0.548,lost,whatsapp,2840.88,2026-07-16T05:39:51.175565+00:00,
242d3f7a-1224-4188-ab9a-7c44a41ffe10,f82e0b81-e323-4be2-bfa4-f41abe14c661,49753403-a9c8-4b43-8c6d-ead1fb5ad4d4,medium,0.63,lost,whatsapp,4257.88,2026-08-18T21:23:51.175565+00:00,
1f38ee35-8b18-4abe-a397-cd2cc06ed54a,f1fca5d4-9cfd-455e-a1b7-77426202ab71,52241d71-584a-4049-abe9-7fc1d11468cc,medium,0.633,recovered,whatsapp,4331.72,2026-08-12T15:42:51.175565+00:00,2026-08-14T04:42:51.175565+00:00
2d6cf9c3-c365-441b-8e50-1f5ed634bdfb,ca72d7d5-b924-4424-bd9f-f547881e2422,a1435afe-4a28-47e8-99a4-c80387cee7cd,medium,0.476,lost,whatsapp,10739.89,2026-06-28T10:11:51.175565+00:00,
a7f08cbe-50c5-4e73-812f-f1a4702de3b5,8059c437-fb5c-476c-87d7-a0e69efe7262,4453488c-1310-4cbe-ac2d-0307a89a2c60,low,0.747,recovered,whatsapp,5059.87,2026-07-17T20:15:51.175565+00:00,2026-07-19T10:15:51.175565+00:00
7f36d4c4-939c-4c29-a6a2-ed62c7300847,03b0a2ae-14ff-4bc2-975b-2dff6e4420b1,2d841e8c-8ea5-43e5-bb5a-132a2f64538e,low,0.685,recovered,email,631.75,2026-06-26T17:11:51.175565+00:00,2026-06-29T00:11:51.175565+00:00
8a14bcd9-9e5d-4fba-823d-a369e85b93cc,a66ac3f1-d81c-4180-b8c3-34a190e4d9d7,ee47176d-e16d-4233-9945-9a5c79748a60,medium,0.605,recovered,whatsapp,8548.11,2026-06-25T10:51:51.175565+00:00,2026-06-26T01:51:51.175565+00:00
0b4f830a-c050-459a-99c3-3110a8796041,85081c15-5f27-49a3-bff3-a010059c8896,ad882280-c71f-44e1-b6b1-9d9ac8ae6318,low,0.785,recovered,email,11978.72,2026-06-23T09:23:51.175565+00:00,2026-06-25T16:23:51.175565+00:00
8dbee944-5d6b-434c-bcd5-21c20cad8372,cbc3a1ca-7236-4a2e-9e55-9d417fdf49e0,ef126e0e-c270-4988-b78e-fc30ec0a1c1d,medium,0.563,recovered,whatsapp,5875.17,2026-06-04T10:19:51.175565+00:00,2026-06-06T23:19:51.175565+00:00
df60f567-0b72-48a1-9019-2ee36da645c9,c3754075-76f2-4af8-b580-fff71f786608,75a1262b-8ad9-4629-8918-ee00b0731567,low,0.7,recovered,whatsapp,3491.61,2026-05-27T06:36:51.175565+00:00,2026-05-27T16:36:51.175565+00:00
eef5ad3c-8dc4-4084-b243-8d5cc36e2c54,04525a96-34f9-4bf4-b016-a04f3eac90af,cbb2622c-5ee5-46a8-a4f0-2d698ea3e3b2,high,0.34,lost,email,10351.78,2026-08-17T04:11:51.175565+00:00,
4cf225da-d59f-44aa-a60f-bb2e4e777943,5a432671-39ab-4223-bca7-3c1fa04c395f,eb623238-d3aa-490c-a919-316f5c394404,medium,0.452,recovered,email,3412.78,2026-06-16T12:33:51.175565+00:00,2026-06-18T19:33:51.175565+00:00
1e6f0e71-8669-4dcd-b507-8cb6db53f141,5ca5f2bd-d44f-4280-bcae-80a3bc1c2af8,47d512be-238c-4486-acf0-973864b906e9,medium,0.407,lost,email,1377.15,2026-08-13T13:37:51.175565+00:00,
3892f4f8-882e-4fd0-9567-206b400ccd8c,4701fe8d-e1d9-428f-8463-0e375abb3315,4f8553f0-453c-4edf-97d1-e0fea41dcb8b,medium,0.373,lost,email,1821.22,2026-07-19T17:26:51.175565+00:00,
988b4b9f-76b4-40b7-9e4d-efb2d48d84af,5e023359-bebc-4c3b-94b6-2814932e0e88,87c75a2c-6cf9-471d-97ea-b0db1874daf4,low,0.848,recovered,whatsapp,4884.49,2026-05-26T16:37:51.175565+00:00,2026-05-28T09:37:51.175565+00:00
10efa1e7-32b4-4749-867c-c8944d9ad974,a5c5fe31-6c68-46f8-bf68-a384f08e8292,82ef5ab0-583f-479c-8996-52c419ec80b1,low,0.653,recovered,whatsapp,2040.93,2026-06-22T21:29:51.175565+00:00,2026-06-24T20:29:51.175565+00:00
e774d392-03a0-4af7-9928-811cec3b0713,4dc6efce-7eb7-4413-a190-7d5f56334e95,f63f64a4-b337-44dc-a7d2-192404a979ec,medium,0.468,lost,email,4332.66,2026-07-19T17:42:51.175565+00:00,
7ec3c8dd-d65e-49ec-b53e-287b6192b92d,daca3fed-af95-4997-9dd8-6671da169038,3ade7905-6935-4cf2-b9a8-c02c3588934e,medium,0.598,recovered,sms,743.03,2026-07-31T07:51:51.175565+00:00,2026-07-31T21:51:51.175565+00:00
257d68c5-6e4d-47fa-97c4-10c3f790e4b7,96c141b4-ea00-4c8e-adbd-7e37b285a1be,ee72e57e-fdbe-487b-8856-d008107d4bdf,low,0.849,recovered,email,499.58,2026-07-27T00:53:51.175565+00:00,2026-07-29T12:53:51.175565+00:00
b12046bb-b915-43cb-ae79-e74cd215dd9e,fdce02cd-a345-41fa-8461-a814834cbb08,cdb0eb22-904e-4296-96d4-5d726b46add9,medium,0.534,lost,whatsapp,1859.28,2026-08-05T13:58:51.175565+00:00,
b5a7ae87-5e30-4b68-aa20-f639ded43c44,a08ddb49-90f6-434d-b6fa-24c433830269,fee24291-63cb-42ee-8416-f96f4e067454,medium,0.361,recovered,email,2692.72,2026-07-06T17:32:51.175565+00:00,2026-07-07T20:32:51.175565+00:00
f13d8f1a-b90f-4690-8028-167e246d0909,6d2044b1-9b4a-4334-ad50-33df539388f8,87eb8eb5-e98e-4509-b778-29c508b7fbfb,high,0.078,lost,whatsapp,14813.98,2026-08-08T22:20:51.175565+00:00,
202bbb80-d9be-4561-a2e5-6d228935b7a6,cdd2b79b-7a34-4976-98c9-88cfb2464723,47c2a001-d010-4e3b-917b-86ddcf8c0bcb,low,0.837,lost,email,4522.1,2026-07-20T22:14:51.175565+00:00,
e683e51a-40a2-4933-a67b-5d401172b48e,ac315769-6a72-46e1-8e3e-afde75cee7e7,2079e6e7-69c6-4c86-b65e-d43034d1a6ab,medium,0.595,recovered,email,789.61,2026-05-29T09:03:51.175565+00:00,2026-05-31T23:03:51.175565+00:00
8f7b5698-ee2d-4659-89de-1127b78085fc,c39ec6e5-e7e7-43a1-9579-921bee306df5,20d2cbae-b786-4924-b1f1-c5e70d7618b7,medium,0.623,lost,sms,7280.22,2026-06-10T13:01:51.175565+00:00,
a3ecb996-0e2d-41b9-893f-8d85b97754e9,d3e58c41-8088-4bc6-b27e-4d884815aadd,ef754f64-e153-4825-b322-54df6f9b37ad,medium,0.422,lost,email,2495.06,2026-06-16T14:11:51.175565+00:00,
f8037873-1d65-493b-b10a-b83fe46e6236,53e2dc30-9cae-4092-943a-dd97a180708b,cc8795fb-1951-4497-b008-e334ee34fb89,low,0.881,recovered,whatsapp,5502.61,2026-06-22T22:40:51.175565+00:00,2026-06-23T21:40:51.175565+00:00
bc5ebf7d-cd30-4a0d-b3fc-65f6554f7908,43b7bc1d-035e-4334-a2ab-12748d0e58bb,de10daed-02b1-49bc-ac3f-85e297b0ac1e,high,0.301,lost,whatsapp,1550.33,2026-06-29T18:08:51.175565+00:00,
e099011b-b6c4-43ee-90ee-59e5b65bb7e9,321a1a79-0099-4ae8-a566-aab56a3b0b67,e78d87a1-64db-490d-9458-6727103465fa,low,0.732,recovered,voice_call,7037.74,2026-08-12T20:57:51.175565+00:00,2026-08-14T14:57:51.175565+00:00
d3feba9b-56f2-4574-9432-0bea4417ec4b,ec28d8e6-c0be-4c35-9536-879f86d7b428,fe4ff3da-d0c8-4267-8480-2afb8353ed2a,medium,0.542,recovered,email,2008.77,2026-06-07T05:24:51.175565+00:00,2026-06-09T00:24:51.175565+00:00
f529b800-9523-4e47-9ac0-48e3223a9e13,00f80807-1fe5-4dcb-af61-a87a49262144,978f8dab-2d83-4b34-b87f-677811cc05a2,low,0.778,recovered,email,1051.56,2026-06-09T18:28:51.175565+00:00,2026-06-11T00:28:51.175565+00:00
599612ae-8980-4dc8-8cd4-6acbf0f13f87,076ce3da-dc93-4809-8d12-32425c3b3b71,37a98970-ce0e-430f-a783-1db666e23df5,low,0.653,lost,email,2861.77,2026-08-03T14:12:51.175565+00:00,
28cca673-6d4c-468c-b076-050e762b332f,1c58bf6c-6d0c-4e66-a8ba-34a29a2fbbb5,ed67a218-3e22-43f7-af53-ab853d5e034b,high,0.07,lost,whatsapp,27743.39,2026-05-31T08:54:51.175565+00:00,
db3232d6-c8f1-4e0c-b620-36e10a93d49a,67086ccf-f330-4bbf-9868-ab86e31ba6d2,a060d239-4de2-4d2f-9ed8-c66fa4a2f416,low,0.669,recovered,email,4362.86,2026-06-18T17:51:51.175565+00:00,2026-06-21T05:51:51.175565+00:00
3b2aae17-8bd8-4a65-bf10-8b1a60adcaa0,5ed32786-a683-45ce-8222-b5fa647d36ad,65c690db-9946-4a25-a58d-38e37feba610,low,0.691,recovered,whatsapp,3674.3,2026-07-12T19:07:51.175565+00:00,2026-07-14T19:07:51.175565+00:00
df83479b-ec34-478b-aa24-27074dc9cd03,0e136076-0e64-451e-a9cf-6ce5e11068e9,064591db-7688-49a5-bb57-e16b46de6383,low,0.87,recovered,sms,1193.88,2026-06-11T00:54:51.175565+00:00,2026-06-12T11:54:51.175565+00:00
bae08def-1fd2-4456-bd07-4d0fd9390989,65fecf16-28ae-47c5-bde7-9acac46b2de8,0586db33-08fa-447b-844c-11080301d725,medium,0.47,lost,email,886.15,2026-07-05T09:42:51.175565+00:00,
4c8d72fb-69fe-4ef0-981f-bfe4b5645d7f,a4b51051-a553-4db9-9768-fa1ba2123697,78116c4f-5fc5-4893-a291-a00a538f75ce,low,0.894,payment_attempted,sms,1078.09,2026-08-22T08:57:51.175565+00:00,
4173d0ba-d417-48cd-bf3d-9993cd815167,9d84ac3e-21a7-40b0-8566-03a0f81ea38d,70a7e221-3285-412d-a31d-b59b1a3007c5,low,0.749,recovered,sms,1260.11,2026-06-19T17:40:51.175565+00:00,2026-06-19T23:40:51.175565+00:00
b286fd52-fb63-45e3-88e9-704fc1ad4d5e,02c39ac5-bddd-44ac-87a3-6c5a5a7f3057,08e81538-f5d3-4d1f-9cba-489b65c6e0b4,medium,0.473,recovered,sms,1050.64,2026-08-10T12:37:51.175565+00:00,2026-08-13T02:37:51.175565+00:00
5e4f8fcb-ef90-4726-a17c-2aa50e165b53,e22a6e0f-e65d-46a4-8d88-abfbf8394129,38a68c81-4e9d-40a4-b4ae-346ebde136b3,low,0.74,lost,email,1638.05,2026-07-04T13:09:51.175565+00:00,
4a08efe7-276b-408f-aaef-cd50a9fc53e7,103757c1-08fa-42ac-a2bd-e9d18736fbe3,1f75dd61-b79c-41c4-86b5-5a43013f2c12,high,0.323,lost,whatsapp,8686.66,2026-06-14T02:59:51.175565+00:00,
f50cd0f2-2494-45ec-8c1a-f7fe1be61a6d,61f50399-7860-4e76-9dde-3d4399bdf64b,eb753261-6c40-4f30-854f-390b838896f3,low,0.748,lost,email,2749.62,2026-06-06T02:03:51.175565+00:00,
295b53c0-9847-4fc6-b195-636c8eb94280,d9e055f6-9f79-43c1-b25b-df1d0a07ba16,dd54081c-d53e-4836-9531-3584530f692b,medium,0.548,recovered,voice_call,1407.0,2026-07-24T04:59:51.175565+00:00,2026-07-27T00:59:51.175565+00:00
163b15cb-583f-46f0-a44f-37c619d8daaf,0047be22-e472-4461-a744-ccbc708fb2e1,fe5197e1-7e58-4db5-a890-2be1727d56cb,low,0.74,lost,whatsapp,10463.91,2026-07-27T08:54:51.175565+00:00,
a61c2822-0e53-43ee-8b4d-1fbebaebe4a3,5a411548-f24b-4518-9874-775c30b305d7,63835d45-0a4b-4019-b21d-e6ddd0ca88dd,medium,0.522,recovered,email,3085.22,2026-08-01T21:22:51.175565+00:00,2026-08-04T15:22:51.175565+00:00
3254e520-52cd-43be-b619-7306f3d4b6c8,214d8ded-3428-4a42-93e8-9ab896fc7409,e04b7aad-4b34-4655-96cf-e112d04fd8e6,medium,0.563,recovered,email,2194.43,2026-07-28T02:00:51.175565+00:00,2026-07-29T02:00:51.175565+00:00
795d5ca2-85ea-4a46-bb8f-22c96321f10b,b45805b7-f970-4da3-87de-8a045b58fc41,91398e11-495f-41f7-a37f-9b3cd2186a76,medium,0.495,recovered,sms,1642.48,2026-07-15T18:57:51.175565+00:00,2026-07-17T08:57:51.175565+00:00
b9bc97d5-fb22-4eff-b897-ec3ba383a8de,8446ad64-7f59-49f6-b86e-5cb8783fc291,afced840-b85e-4461-95d2-79fd4c6643e2,medium,0.487,recovered,sms,1138.68,2026-08-11T13:26:51.175565+00:00,2026-08-13T00:26:51.175565+00:00
a1f5bc8e-6c4d-461d-9854-a673526162bc,532e1ba4-774e-4d2d-8df0-81ce5f87e0f5,cbaa3a9b-fb36-4505-b5ed-b7cacadb72d9,high,0.094,lost,voice_call,25884.39,2026-07-06T19:23:51.175565+00:00,
4d31b44c-34e0-4a94-b315-fc69c12f3d14,092a0f44-b2b0-4bf9-a4f7-9ed5fabff634,33036eeb-ac6b-423a-87be-2b70f84252bb,high,0.229,lost,whatsapp,2955.71,2026-07-28T20:33:51.175565+00:00,
f852071c-00aa-4149-a1dd-be574a6e7a80,52fe7fe7-e790-49fd-9e17-00877b1b40b3,7ef93d7f-291f-4ec4-980e-552829f5aeed,medium,0.382,recovered,email,1374.82,2026-07-21T02:19:51.175565+00:00,2026-07-22T23:19:51.175565+00:00
140b1530-32b1-4f8c-ad0a-c1422f64605e,cf64320f-81bb-431f-b333-e036eeeb4f79,2a7498b2-df21-4ec4-87fd-8c2ed4d45815,medium,0.621,recovered,sms,1141.62,2026-07-15T23:07:51.175565+00:00,2026-07-16T15:07:51.175565+00:00
a2b8a9ad-8dd6-451e-a6ff-cb4c47aab654,c901400b-8a6d-4f83-bbf1-588e709489cf,50c4ed76-5274-44c3-9c09-079f9819d61d,medium,0.647,lost,email,4532.72,2026-07-26T17:53:51.175565+00:00,
00fceef2-a893-4792-8a84-61c0ce61a890,a6411cb5-c7ca-4f64-b098-072c2fcd0d16,5f9e0e68-c6a6-4490-a64f-6d521e017523,medium,0.575,recovered,sms,1688.69,2026-06-07T18:26:51.175565+00:00,2026-06-08T02:26:51.175565+00:00
d926b03e-b382-4ec5-be39-4e3cd987601d,640c86bc-dc94-4f35-b8c1-b04708982a1e,5a0136c0-c01d-47be-af11-415aac662cf3,low,0.774,recovered,voice_call,1473.23,2026-07-29T17:53:51.175565+00:00,2026-07-31T21:53:51.175565+00:00
eb1ec1a0-d6dd-48ed-ab6c-4028141666fe,5da54187-7ecd-40bf-b97a-2427998dd33f,60e6fd04-68f0-4ba0-b7c4-bcec1b32acf9,medium,0.425,recovered,whatsapp,15754.11,2026-07-09T09:13:51.175565+00:00,2026-07-10T03:13:51.175565+00:00
37fd027e-6bf9-4460-87db-ddde028762fa,bda90f61-efe5-4617-a8ab-a5cd10499d77,ce0a3c8f-ce48-406e-a83f-26a77671b322,medium,0.627,lost,whatsapp,1590.39,2026-08-01T00:49:51.175565+00:00,
fb29397d-ce74-43e6-bf50-7233947e8799,3bbb2e39-775b-41de-94d2-8c483fcd8cfb,64bcb0ce-2c4c-4abf-a50f-d94ed255a86e,low,0.653,lost,email,980.99,2026-07-21T13:03:51.175565+00:00,
51c32f98-2c2c-4a82-9a8c-1c435b497972,18069659-62a1-489c-8420-2e99cee6077a,f471ff40-46a1-48e3-aef2-9588bfd2f02d,low,0.737,recovered,whatsapp,3075.25,2026-08-08T19:14:51.175565+00:00,2026-08-09T05:14:51.175565+00:00
8805513f-0f63-44bc-968c-e4658db526b5,773f2a17-bca5-4dce-9bad-6fc371e68955,29560da7-7013-4ae3-a89e-17cafe63ed90,medium,0.473,lost,email,2974.67,2026-08-09T10:06:51.175565+00:00,
c14c1257-6f7d-4e40-a437-b66d920ed66e,00474aa3-969c-4fe3-b525-f8676327bb34,dc3e74eb-f694-4023-954b-7ecb65c71f6e,medium,0.526,lost,voice_call,7513.17,2026-06-11T19:59:51.175565+00:00,
e1de6471-9c86-4592-a048-1bf43e902fc9,1a4b66f2-4d8a-4747-8899-4f1abe905f39,e2eafd69-83fe-460c-94fc-e723e688824a,medium,0.386,recovered,whatsapp,1843.48,2026-06-20T07:43:51.175565+00:00,2026-06-21T22:43:51.175565+00:00
b56c7446-ec13-4c7f-8bac-c6efa1889548,324f5b8d-8f8e-4070-90f3-f8d7b06738f2,2c67fd21-6eea-41df-94ee-232f1b5d9ca3,medium,0.451,recovered,email,2612.33,2026-06-14T13:38:51.175565+00:00,2026-06-16T03:38:51.175565+00:00
4cc28aef-4c72-46b8-a8fc-acb15578c551,e3703539-9818-4753-95f4-f5a0d0156780,74d0eeb5-1dc9-4714-8e74-86f035329c1f,low,0.903,recovered,email,915.35,2026-06-24T01:13:51.175565+00:00,2026-06-25T02:13:51.175565+00:00
cdb2bb98-49b4-4629-9e0e-b2f47f10e8a2,665261a2-b6b2-41f6-9dab-37353b6b1427,4627f0bd-963a-400e-9e4b-a0192a598f6f,medium,0.565,lost,email,4468.7,2026-07-17T18:13:51.175565+00:00,
94f9a88a-ec3e-4e61-9839-8360c8e0d68a,cea9808a-f21e-438a-8181-b80d848de892,1c31fb93-1503-4119-b33d-3c8ec3ccf0f2,medium,0.388,lost,whatsapp,5312.42,2026-07-02T10:08:51.175565+00:00,
f7996886-2616-4fcb-bc9f-cd69d36792f5,8e4c7692-2b47-476a-ab4e-f9cf0df0abac,f132c187-1cad-4718-be97-40d451db6f83,medium,0.634,lost,email,2341.02,2026-08-17T13:14:51.175565+00:00,
39ec79cc-5f2a-4c6c-8b46-4f2c3a17e56c,7b389b64-9c25-4168-9eeb-a7a58414831c,cd79d720-f277-4bb5-962c-2c88a89f506f,high,0.317,lost,whatsapp,32214.42,2026-06-19T14:06:51.175565+00:00,
89699ef4-be0b-4b02-a268-7b142a04a3ca,dfc46cb3-3cc3-43b9-a8a1-f7c5ec36d804,0548603b-05e8-4dfa-a4f0-ba5eb819399f,low,0.891,recovered,email,2015.74,2026-08-13T12:17:51.175565+00:00,2026-08-14T23:17:51.175565+00:00
fd54d5f4-2283-453c-b6ea-852b98ee36b2,5b558902-0e84-4503-9bb9-706b88d9733d,1179e0ff-75b1-4225-add5-bac3b244d0bc,low,0.687,recovered,whatsapp,1832.34,2026-07-03T13:36:51.175565+00:00,2026-07-06T07:36:51.175565+00:00
5befe6f8-d989-432d-8952-ebda23775d44,6c34a2f5-f4a9-4440-8906-f0f8d6db6fbd,a717d55b-e078-4276-8a57-72e1d4883a70,medium,0.621,contacted,email,2248.86,2026-08-22T07:54:51.175565+00:00,
5084a563-97f5-473a-a38b-226bee10bfe3,ef297f91-4d61-4ab4-9fb9-2be442e981e0,ce8f6b9e-53a4-45df-8873-662f99ac5f24,low,0.685,recovered,email,699.61,2026-05-25T15:51:51.175565+00:00,2026-05-27T08:51:51.175565+00:00
7427315a-6c3e-411e-a091-078acf5d51e5,0a039125-2d33-4ad7-a43e-95953dec316a,549cc537-9f46-40fc-8789-0b69b1682209,low,0.817,recovered,sms,924.45,2026-07-08T10:19:51.175565+00:00,2026-07-09T07:19:51.175565+00:00
8437ed52-ec78-461c-80da-b5a42771d0b3,525f348d-2aa5-4e29-8632-386cf1a67a00,880d6dd2-f6e6-4a9a-8294-e7e834874f7d,medium,0.588,lost,email,2762.97,2026-08-07T08:06:51.175565+00:00,
bed2c3a6-62b7-4e16-a5af-2c26ea1e6d0e,96c1a3c0-5527-4acc-8429-7f80df2ff867,d2378eb7-a940-4d37-865e-d76f31c611cf,low,0.703,recovered,email,4629.65,2026-07-23T18:59:51.175565+00:00,2026-07-25T15:59:51.175565+00:00
e6c91381-fe10-4453-9be3-b356acbb7889,e8a99881-2f16-411f-8606-4244ae8a507d,0137e88a-3fbc-4ee1-96ef-913528419e3f,low,0.653,lost,email,4630.46,2026-08-17T21:15:51.175565+00:00,
2bff6816-ccd3-49ef-b34e-931bf52e8316,3c39403e-dcdd-44de-bdcc-4ce30ab24f66,75169fc2-d989-40c4-8b31-a574e1cfd1ab,low,0.707,recovered,sms,4521.45,2026-06-20T13:13:51.175565+00:00,2026-06-23T08:13:51.175565+00:00
16423137-eb0b-4ab7-ab41-9ad8b4476ed5,750042f2-f7a5-4144-b40a-889a2d44ca03,f5a67fa8-58dd-4fb3-b255-a87658286100,medium,0.648,lost,sms,2193.01,2026-06-13T23:05:51.175565+00:00,
d59dce50-6f56-49cd-951d-3add577201e2,99057681-3fc4-4267-a01f-36f50bbb0b2e,8a38ac8c-ef57-417d-b776-a201c05a6e40,medium,0.452,recovered,email,8390.94,2026-06-14T00:32:51.175565+00:00,2026-06-15T13:32:51.175565+00:00
b385824f-a121-41bf-87d1-30d67ef5fc1a,77a72913-d602-4f39-83ca-f37af9335a00,b74d348c-1f22-4c00-9be5-a5c6986dbbf4,medium,0.598,lost,email,1824.47,2026-07-18T02:33:51.175565+00:00,
89f36f7f-b5e5-494e-b527-0ffe52cf8553,a67ec5c7-b6c6-4ba8-8a39-1c6b2f005e4c,c07d065d-8c02-47aa-a16a-3ef2920a75cb,medium,0.603,recovered,email,3179.9,2026-07-26T17:12:51.175565+00:00,2026-07-27T06:12:51.175565+00:00
75d5a154-e322-407c-a092-33b9330889bd,3080205d-52e1-4536-b58c-0c79e9156753,dde10a65-e88e-4f53-ac3c-432bdc048dc4,low,0.813,recovered,whatsapp,4411.91,2026-07-06T23:44:51.175565+00:00,2026-07-08T17:44:51.175565+00:00
f05b5a73-a172-42a6-ab65-98e88f58ef52,7ecdf270-69e4-4182-a31d-096369dd1571,ad5e83bd-4ff8-41b4-bb33-32cb35c241b5,low,0.754,recovered,email,2887.62,2026-06-03T07:35:51.175565+00:00,2026-06-04T21:35:51.175565+00:00
234ba900-6dfb-47ba-9f03-500992a3a5c9,f3013187-45e8-4d52-a1e9-88cd7df9d86d,3429eb50-8b4e-46ee-9a67-d3f44d5025b7,low,0.712,recovered,whatsapp,2619.85,2026-08-04T18:06:51.175565+00:00,2026-08-05T14:06:51.175565+00:00
2b297b32-393f-4ff7-ac01-9cdbbd0d84dd,0b45efad-787d-4f93-94d5-455378706808,7c7e7097-3dcf-4a3e-b2b2-bdb98c71ee07,low,0.843,recovered,email,2285.18,2026-07-20T22:24:51.175565+00:00,2026-07-21T14:24:51.175565+00:00
fd090e0e-2598-4c0f-b498-03ae326958c2,379c989a-2b34-47a7-b162-2ec49d1a6b57,16f7ffb1-7146-4f4e-b2ce-5065f68ba59e,low,0.909,recovered,whatsapp,2210.03,2026-06-19T15:26:51.175565+00:00,2026-06-20T00:26:51.175565+00:00
24995176-7ecb-456b-a233-ed777d6e6093,ca6345ae-2427-40a7-a61a-3c322a57a10a,883ea97d-81ae-41a9-81de-cd05c55afb80,low,0.842,lost,sms,3950.51,2026-07-08T06:03:51.175565+00:00,
5b9195e7-e130-4942-b984-6a363052bf23,92013dac-e89f-4ce3-933d-5ac56453a8e7,3982c730-ffb0-4d10-ba5e-5cd38b795820,high,0.156,recovered,voice_call,29972.77,2026-06-19T00:17:51.175565+00:00,2026-06-20T04:17:51.175565+00:00
579336a8-4550-4f0f-a466-98857dff49cc,590a8818-991d-42a0-8164-7d7f510a4058,c12d4569-d61c-4d1d-977d-d148584bbd74,low,0.698,recovered,email,2962.4,2026-06-05T21:42:51.175565+00:00,2026-06-06T22:42:51.175565+00:00
f0bccbea-f7ee-4015-83a0-dc5fb69d2b39,5bd18e3f-b0a0-4791-acfd-d8460bf9f92c,ee5d895a-c099-4511-9fb6-a4466142c123,medium,0.387,lost,email,2753.27,2026-06-26T15:44:51.175565+00:00,
e03301ab-0172-49a5-94b0-0d2891053079,d9f61031-ddea-47d0-aed0-7502de88a7a4,5b58906a-3d8c-4e08-9499-68133d226035,low,0.865,recovered,sms,499.0,2026-07-14T03:40:51.175565+00:00,2026-07-15T19:40:51.175565+00:00
ca6fd010-9879-4a44-b271-347d37499600,358d481b-45cb-4c11-a65a-1c7691678951,aede5d85-7d32-41ff-95e2-26245f66bb4b,low,0.662,lost,email,3586.97,2026-06-14T15:53:51.175565+00:00,
bf1f8b7c-6dff-4513-80ca-18cbb648e279,34ab7b3b-0964-408e-8a83-042d63b0f23b,37c37704-dbe8-453c-9c2c-9c844cbdf2d2,low,0.862,recovered,email,762.44,2026-05-27T18:00:51.175565+00:00,2026-05-30T00:00:51.175565+00:00
17878d93-a843-4853-85c3-5bebebff8fcc,d9dc5ce8-cf71-44b0-89bb-e1b1c1efd8a3,bfc59b84-cfe4-4698-ad49-079caa15142f,medium,0.602,lost,email,4313.98,2026-08-03T21:53:51.175565+00:00,
13c5a520-277d-4439-a9f7-eb16686d23d1,dc220838-9d7c-49e9-9c14-98fbd46ec673,f58e0016-6067-4763-af82-1833c53f226c,low,0.78,recovered,sms,5569.32,2026-08-09T11:43:51.175565+00:00,2026-08-09T17:43:51.175565+00:00
12868b7f-893a-4995-9606-5ffd20e75e61,cde6212b-e174-4005-87a1-8fb52288972d,9a0f0e60-e5ea-4f04-9803-abfd67766504,low,0.784,lost,sms,1856.13,2026-05-30T09:09:51.175565+00:00,
501ddb35-31de-41c6-bc26-e8989fbb9bc8,341c8198-a5c2-4111-8c80-054fff7de10f,9362c40b-543d-4efc-b8db-3387f6f6758d,low,0.823,recovered,whatsapp,2722.93,2026-07-09T03:06:51.175565+00:00,2026-07-11T12:06:51.175565+00:00
1b71e7d0-7c32-49d4-b7b1-538bdef6cd02,5bde7380-b497-41e2-9db9-6234ab3f5900,0f48545f-6d1d-46b1-ad32-245ddc1f0937,medium,0.644,recovered,whatsapp,1151.05,2026-07-26T03:31:51.175565+00:00,2026-07-28T12:31:51.175565+00:00
cd97fa4c-b08a-4c7c-b5db-b80af4328f0c,dbd14cc1-07fb-4658-a070-4800c1328010,fc295903-41bd-474d-bad1-29058f45c178,medium,0.47,lost,sms,1755.33,2026-07-08T03:09:51.175565+00:00,
bbd16408-8f74-4668-bc31-bb3172c327db,7fef149a-c18c-4561-a4cb-ac4bad86742d,76e2bcb9-39fc-4869-b0c6-3a047ce8f2c2,medium,0.375,lost,email,2753.24,2026-06-04T04:25:51.175565+00:00,
15ee4890-cbcf-4a63-8516-04e2063fe4f4,fafc1c2b-b451-4f9c-bcb0-7a81a2cf519d,e9696f3b-bbda-4b20-bafc-8f324de3bde6,low,0.798,link_opened,whatsapp,2216.47,2026-08-22T06:07:51.175565+00:00,
e7c3ce60-da40-4b15-89e4-780b8780bea2,263faaa6-95b6-4dbe-9f36-664d4b8fe97e,20e83464-f8b8-43c8-8846-059be57b86e3,high,0.27,lost,voice_call,4475.67,2026-07-19T01:56:51.175565+00:00,
4e1c39c0-eae3-4ad3-bb2a-c78ad8960cbf,de9b09b3-8fb4-4fff-91f2-7a445e674278,94b43a9a-c5be-4a20-b9ee-acbce4652fee,low,0.743,lost,sms,3815.41,2026-06-20T04:48:51.175565+00:00,
4d73ca36-f454-4f93-a3b7-f53edfad9c8a,a797cdba-d9f8-4bc9-990e-ab9151aaad0b,8ae7943a-8a75-4ebd-a86f-e799189f28e0,medium,0.617,payment_attempted,sms,6044.48,2026-08-21T02:14:51.175565+00:00,
96f9f169-5e4b-400c-86a3-571577836c17,1533c0a0-b578-4653-aca2-a8a48c747f98,58d40017-2839-42ea-b6e6-4da0b4e8f243,low,0.673,recovered,whatsapp,1373.05,2026-06-19T01:44:51.175565+00:00,2026-06-19T13:44:51.175565+00:00
0f8f8f96-6ba0-4ffe-ab05-b87c4732f8bd,af59cce1-5e9f-4fee-9dd8-329d47ecbd25,e68fbc31-f910-484d-b238-0e15f7769aa8,low,0.784,recovered,email,561.34,2026-06-08T04:40:51.175565+00:00,2026-06-09T13:40:51.175565+00:00
c2f1b7f5-3151-4b8d-b3d7-7309e8c48eb3,84f1cbf8-919d-4a85-99d0-6d272ae154ae,7821fa5a-2af7-4229-959d-f263e933d71d,medium,0.606,recovered,sms,2424.59,2026-07-20T22:47:51.175565+00:00,2026-07-21T23:47:51.175565+00:00
4f4ec1c9-a83d-400d-a116-d678e21b64c3,b05f84fb-425b-48b2-9dea-3c3820ef419d,bf8a0686-546f-46c5-a578-39a46f3848f4,low,0.764,recovered,sms,6213.43,2026-06-18T07:04:51.175565+00:00,2026-06-18T11:04:51.175565+00:00
85ad021a-fc04-4e6b-a917-e0579878fcd0,0caa5f6c-85c0-4dd6-8886-778d5d9326ae,2574d280-0b7a-4143-809f-cbfb8fc3f7e5,medium,0.612,recovered,email,3974.21,2026-08-05T18:44:51.175565+00:00,2026-08-07T03:44:51.175565+00:00
26737b2e-ddb9-4c6c-8313-5cef482e2c8b,746af016-e22a-4214-89f2-f1d1220675c5,91dc0d6b-6663-49f1-a6e8-3e34edf9c110,low,0.725,recovered,email,1346.45,2026-07-02T09:43:51.175565+00:00,2026-07-03T08:43:51.175565+00:00
1b484559-cc3d-4257-b3d0-c03343db284d,a58d942b-e0e3-4ec5-8897-038f37a26259,1b2f5101-cb0d-4c02-87a8-3db37c1c3b85,low,0.744,lost,sms,1752.54,2026-06-17T02:30:51.175565+00:00,
6891010e-8604-418f-853c-2ef9078397da,50263039-3f20-49f2-8bb0-3861c4b32247,6915f7ec-ba46-407e-a2bb-5aeca842aaf5,medium,0.429,lost,whatsapp,4744.77,2026-07-31T05:06:51.175565+00:00,
0a995c7f-c5d6-49bc-9f57-cbe354a20112,edc38003-97f7-4c48-acc9-a9b94573ee3e,512895a3-f8ba-4564-96a9-c926e3e9f177,medium,0.505,recovered,email,3901.21,2026-07-29T21:57:51.175565+00:00,2026-08-01T10:57:51.175565+00:00
957cfe4e-85d6-4230-862a-dbd3280016bd,56bd126d-030c-48f9-b577-2dd41e19bf43,1007a2b6-8a90-496d-83c1-60aabbb5b18a,medium,0.425,recovered,whatsapp,1181.76,2026-06-01T04:26:51.175565+00:00,2026-06-02T05:26:51.175565+00:00
f7a90859-b69b-4e1b-9325-81715bbb9bdb,9de9db2a-c644-4696-ba2b-350d78f4663a,1d760d3a-915b-4f73-9b0d-6041e6d30945,medium,0.522,lost,whatsapp,1446.09,2026-07-09T02:43:51.175565+00:00,
a6da6273-bac7-4a1f-8777-41cc1ab6df14,732d2451-7d5d-46b0-8382-c1e755778879,9d036bb5-1b08-4b0a-af04-680177787b56,low,0.894,pending,sms,3719.41,2026-08-20T10:04:51.175565+00:00,
23c63cf9-02bb-4b95-938b-39617c8bbd06,f0eaf270-dac2-4b18-9c2a-7800ae8d699c,20d700aa-e325-4842-9701-8b9385261070,medium,0.623,recovered,email,2965.04,2026-07-09T10:46:51.175565+00:00,2026-07-10T19:46:51.175565+00:00
d745ebf1-439a-430f-b18a-a260bd8bc066,272c7910-244a-457e-8117-32953a0345f2,add8f115-2494-4247-aa7a-592f4b7410cd,medium,0.634,recovered,email,3404.84,2026-07-03T12:12:51.175565+00:00,2026-07-05T21:12:51.175565+00:00
02e02f1e-3cca-42a5-b79f-aecec89a9166,9454793f-3e8a-4743-b22d-76626b2d8728,37f28eab-26d8-4743-b62c-ca65d57f8b27,high,0.285,lost,whatsapp,2179.46,2026-06-11T05:00:51.175565+00:00,
1d80a10c-db18-48ce-b1b7-084ed4b499cc,5e31445d-ab75-43b4-adf7-e43186874ce6,91dcbe16-26a4-46f5-b2ff-850dd67ac25e,low,0.721,recovered,email,524.33,2026-07-23T12:19:51.175565+00:00,2026-07-25T21:19:51.175565+00:00
2289d4a6-219e-4192-b0d3-1ea90b4cfc87,75e203cc-df64-4a8b-88a4-7f035a24ca84,3d05ea52-ebe2-458e-8950-1540884873b8,medium,0.538,lost,voice_call,2365.96,2026-07-16T23:46:51.175565+00:00,
c14cf0f3-7ad0-4dae-832d-af40cff5e122,f0463bbd-4151-4fa8-a635-a19e20389ee3,2390940a-d09a-49cd-abc8-31c688197de5,low,0.703,recovered,email,1142.71,2026-06-18T16:18:51.175565+00:00,2026-06-21T07:18:51.175565+00:00
a076f336-6b4a-41e8-a1ff-25c61ea12c48,6cca3e2d-5f41-4144-9c00-4e3ebc1ca586,a254e575-b055-42f9-a60b-7f34ded7dd93,low,0.819,recovered,whatsapp,1119.11,2026-06-27T12:44:51.175565+00:00,2026-06-28T11:44:51.175565+00:00
42b40289-3928-414f-9eeb-bb011d58dcbf,9d569199-78be-42d4-aeb4-1f5329179281,74c515ad-0c8d-4bb3-812e-0ad4ebf9f2c3,medium,0.595,recovered,sms,2542.82,2026-08-13T18:37:51.175565+00:00,2026-08-16T13:37:51.175565+00:00
5621ddba-f5fb-4e8d-82a4-a9eae9ab3ee9,1b4c89e7-ef7e-4693-920a-71bbe829604e,c6c47891-5c05-4dfe-a300-f39a10b520a2,medium,0.61,lost,email,1067.43,2026-06-23T07:06:51.175565+00:00,
6ab71c97-bc86-43ab-a351-25fa344a6446,420c01cd-7ed1-4729-8dab-155752e60011,5ecf5c61-acb8-4784-a1d2-41be927309f5,low,0.852,recovered,email,4147.08,2026-07-22T15:41:51.175565+00:00,2026-07-23T17:41:51.175565+00:00
db58faae-d157-459e-92fb-aafb3d408269,dd15edce-49db-487a-ac25-807234283141,c942a9e1-b7eb-43b7-96b8-0b7ff02a0e1b,low,0.743,recovered,sms,5241.36,2026-05-25T13:40:51.175565+00:00,2026-05-28T07:40:51.175565+00:00
94695041-1966-4d86-a38c-9dcc525e6868,fa49c1e9-649b-4f54-87c9-7d6689942bb5,f21671f3-c9b3-45b9-85ef-0ad3085de12d,medium,0.495,lost,sms,4162.81,2026-06-27T03:50:51.175565+00:00,
c26d6dfb-6f2b-4332-b899-de111bb7643d,62e711cb-6de1-42df-adfa-5bab75409f21,887eecde-ec02-486e-b8a1-c3655a87dd71,medium,0.401,recovered,sms,1714.12,2026-08-10T11:28:51.175565+00:00,2026-08-10T17:28:51.175565+00:00
268a48e0-e2be-49bf-b3fe-29f1e06c0dc1,8d3e7167-1937-4370-8859-e2b4c68e33e6,69dce6b9-69c6-4d9f-90f3-67d9d45704d1,low,0.865,recovered,email,2903.86,2026-08-14T03:09:51.175565+00:00,2026-08-16T14:09:51.175565+00:00
2f325ed5-7e68-489d-b4dd-43cc8eb1b9b0,2550aac4-9b69-4cbb-a580-e07c2892e9e5,6d388b0a-d332-45cd-b460-29731d971213,high,0.214,payment_attempted,voice_call,13862.19,2026-08-23T00:59:51.175565+00:00,
1f850ec8-28a8-44e2-ab61-16bbd99b7c8a,d4145103-2795-419e-ae27-69ea489dff72,2c3850dc-1cbe-4aa6-945c-7275e51a39da,medium,0.458,recovered,whatsapp,4418.68,2026-07-22T16:21:51.175565+00:00,2026-07-25T06:21:51.175565+00:00
6c92b2b3-d9f0-4a99-abb8-c18886d1ae27,ded54399-993f-40ac-9aa0-832fc37afdeb,7d176d41-7a8b-4190-afed-c3f4ea7df9fb,medium,0.613,recovered,email,1719.17,2026-06-20T22:26:51.175565+00:00,2026-06-22T05:26:51.175565+00:00
dbc39a8a-7919-48fd-babc-a758183424df,2c52cb73-f6c3-4df0-b47a-34231c5e2d76,4f16ec1e-5716-47d9-999e-692bd7ee6bb9,medium,0.571,recovered,whatsapp,1382.67,2026-06-29T05:51:51.175565+00:00,2026-06-30T12:51:51.175565+00:00
6a55dc2b-f8ef-48dc-8869-ffc41f03fecd,edab210d-ac32-4518-aa59-9cba5098d42a,fa9fb388-237d-4a54-a013-d849b20240ab,low,0.869,recovered,sms,5859.26,2026-06-21T13:32:51.175565+00:00,2026-06-24T02:32:51.175565+00:00
3e0cbef9-c5f8-4685-929a-17a2b02a44f2,309a8ecd-9a76-4769-8f63-3838cb05e874,0295d1a2-38ab-4a0f-886b-6b4a6823c6cc,low,0.744,recovered,email,1065.71,2026-06-13T15:30:51.175565+00:00,2026-06-16T13:30:51.175565+00:00
6add2888-951a-42a9-a978-71b783521967,f5de0fe6-70c7-4d2d-98d8-97d0d2d9b69b,fb6e39d1-f49d-48fe-abd1-1267085a51f8,medium,0.619,recovered,email,2562.29,2026-07-26T14:31:51.175565+00:00,2026-07-27T04:31:51.175565+00:00
a753880b-0ca7-45a0-93d8-70bc94912c45,5a02fc90-19d6-48ca-9705-437ffd645f21,90682896-868d-4580-860f-de470d9f6019,low,0.905,recovered,whatsapp,2699.15,2026-05-30T02:37:51.175565+00:00,2026-06-01T19:37:51.175565+00:00
1e70844b-8d80-489a-a4f3-a12586f02503,3b75e295-a743-4b5a-8ad9-4997ddc2365c,e73f097b-60ad-4cbd-9dec-8e97edc69d4c,low,0.898,recovered,whatsapp,1347.67,2026-06-11T10:04:51.175565+00:00,2026-06-13T08:04:51.175565+00:00
5292fc39-de77-48ee-a9c0-0a0f64415901,63b8c6c4-3fe4-45e3-9ab6-7e189889a231,262714a1-67b6-4dbf-b795-e1f4bf38ef5c,low,0.662,recovered,whatsapp,2754.08,2026-07-21T10:42:51.175565+00:00,2026-07-22T11:42:51.175565+00:00
4cd2ac4a-63e0-4b88-a1d7-a38ccd452110,9e1cf6ac-9e29-4f66-adf9-1d7a775fd786,22f7585f-e4ef-4094-9861-4d3e95109844,low,0.765,lost,email,499.0,2026-06-07T18:23:51.175565+00:00,
7f85e0c2-c220-45a0-9921-28db293adc8f,3f7dcc58-c2c1-4c5f-9015-9cd4a45c8d98,33fa7b0d-6335-4488-9c4d-ac821834103d,medium,0.374,recovered,sms,6721.03,2026-06-13T09:57:51.175565+00:00,2026-06-13T21:57:51.175565+00:00
f5767c55-ac34-4995-b192-9dd6fa578e6c,e10c2d71-8620-429f-9b50-863def509d4b,86a1bdcc-13c3-4a6c-8b3a-aadc87c0bcb8,low,0.809,recovered,whatsapp,5785.55,2026-07-04T04:35:51.175565+00:00,2026-07-06T23:35:51.175565+00:00
c28ef530-0ca8-4c99-b3d8-00769a6e0225,ac68a5d1-a7e7-4784-85e2-ec3555f075ba,ec730c49-16b1-492b-9a42-78ada4a266e7,low,0.912,recovered,whatsapp,1654.85,2026-06-21T12:41:51.175565+00:00,2026-06-22T04:41:51.175565+00:00
607aca6b-3c54-45a3-809d-131c1987ded1,24edb6d5-ad47-4782-8fcf-bc1fa01861f7,80bfd6ab-4b06-4360-a758-9dcc26749ca2,medium,0.516,lost,email,1924.38,2026-06-27T19:03:51.175565+00:00,
c7fa146b-438f-4622-ab6c-508efe4fb04a,d34d7501-17aa-4dcf-92b4-2b0361537bd7,c11094f4-63b6-469c-ae3a-6276bcd87843,low,0.808,recovered,email,1698.27,2026-07-26T21:01:51.175565+00:00,2026-07-29T18:01:51.175565+00:00
d1d92136-caa4-4e25-bd82-86206be5a8bc,5da54187-7ecd-40bf-b97a-2427998dd33f,cc898289-e086-4cca-aef6-4b913091eef1,medium,0.419,lost,whatsapp,3730.71,2026-06-28T07:39:51.175565+00:00,
562eb5fd-4c21-4bd5-a3c1-ab08fff1310e,98bff9d6-cee8-43f9-9b51-bfdf63c48008,e3aee7a9-6678-47bf-b13d-324d0d7ba1b4,low,0.691,recovered,sms,1543.28,2026-06-20T06:32:51.175565+00:00,2026-06-20T11:32:51.175565+00:00
7c84a39f-cf33-47cc-a211-71c9e2e76d0a,bc375c16-50f7-4829-9ba7-cfd16cf82311,f01e48a1-cb25-40f0-8636-3b26e5536670,low,0.691,recovered,email,546.49,2026-07-25T23:20:51.175565+00:00,2026-07-27T07:20:51.175565+00:00
2fd6af28-fba6-4033-839e-055e478aeb5e,27deac0c-dd5c-47de-bbb4-45be146c081a,882bcc5f-4ab0-4084-960b-f074e30dd8c9,medium,0.642,recovered,email,8394.52,2026-07-28T17:41:51.175565+00:00,2026-07-30T22:41:51.175565+00:00
0c37150d-46e5-4b5a-84bf-932dd8f1ea65,fbea7ed3-9c59-490e-8559-fdc411a33a1c,8db07890-8c87-4460-91d9-73ab795a7ef1,low,0.66,recovered,whatsapp,499.0,2026-06-18T08:41:51.175565+00:00,2026-06-19T09:41:51.175565+00:00
205dc14b-6f2d-4f0b-8bec-158f921c136d,980d7799-b5d8-4153-8690-15f89d9aac72,503484d7-ebcc-40bb-8621-049a8a76b338,medium,0.547,recovered,whatsapp,2171.55,2026-07-17T20:45:51.175565+00:00,2026-07-19T10:45:51.175565+00:00
a7d59b5b-3ee4-4d31-9aa6-593bba818ed0,46e7be49-4d16-4e18-83ce-59812e2d8034,f370e7cd-caee-4638-8e19-138a82112e1a,low,0.664,recovered,email,3407.33,2026-06-16T06:56:51.175565+00:00,2026-06-16T10:56:51.175565+00:00
765c7010-61da-4f8b-806a-e0a92caa174d,cea02cd4-f7b3-4224-b818-dc9cff841709,ad42d11c-d905-4a66-8f9d-0a3ea03660b1,high,0.14,lost,whatsapp,19689.81,2026-07-20T13:01:51.175565+00:00,
3b22b238-0582-448d-88fe-f8f9b577b281,66fda573-3428-41dc-bad8-e33bbb38d243,e6dde147-cb4f-42b8-affd-d36a8932d7f9,medium,0.644,contacted,whatsapp,2670.22,2026-08-20T23:10:51.175565+00:00,
d7cce783-c694-4108-bdd7-3805c6211666,9bc7d75c-77b2-40cd-af4e-28040fa7df10,8467da67-327c-4fee-82b8-3fb03855c606,medium,0.593,lost,whatsapp,2414.55,2026-07-19T01:08:51.175565+00:00,
355783c1-3595-4b35-b961-f824e3c3d381,a7a80859-741b-41d1-b7d6-58d39cebac05,531ce4b3-ba31-450d-87eb-adf2c269a2e5,low,0.883,recovered,whatsapp,5040.05,2026-07-01T14:53:51.175565+00:00,2026-07-02T11:53:51.175565+00:00
0dfd6ecf-cb16-471a-b794-c7ab1aa02188,b3dc0f4d-cefe-4c42-beac-1b5bd76cea60,5e6487f3-3bab-4ab1-9f19-f124c1710cd2,low,0.785,recovered,whatsapp,1040.76,2026-06-09T06:59:51.175565+00:00,2026-06-09T14:59:51.175565+00:00
96851e07-d42f-42a7-9943-994147ca8ad4,67fa45b0-f820-465c-817d-c9c10320ef4e,9fcb0410-bc79-40a0-a000-39a9e2ab0666,low,0.741,recovered,email,4857.68,2026-06-27T03:12:51.175565+00:00,2026-06-29T11:12:51.175565+00:00
7d69f39a-0d44-45a1-af5f-5fd9d25089a1,cdfcdc50-d19d-4eb4-a811-f9e453712fa0,653e2bfc-ac82-4730-b90e-a21cfa384969,medium,0.451,lost,whatsapp,6644.68,2026-07-06T09:52:51.175565+00:00,
d5514025-4749-4117-967e-e1520552149f,4655458d-a61c-42f3-bd45-c308b2cbdfcc,e5640be1-4f98-402d-bde5-1716675ef14f,medium,0.581,lost,sms,2061.52,2026-07-16T08:45:51.175565+00:00,
5119f9f3-3bbe-4cff-ab17-aff964c36080,794e689e-05b3-42be-9dce-2bf30d59e671,d6afced2-b9b7-443d-8c86-b7495fb49414,medium,0.613,recovered,email,2685.54,2026-07-18T03:04:51.175565+00:00,2026-07-18T19:04:51.175565+00:00
f2eac721-d986-42a8-9b44-5231373c6623,586ce530-a343-44b4-8866-181a05947978,998530d1-7949-4f16-89b7-c45303a45383,low,0.871,recovered,email,3317.74,2026-06-28T00:57:51.175565+00:00,2026-06-29T06:57:51.175565+00:00
67970432-7c1b-4e1e-a3af-c1b9ea6634ab,740408f5-ff5f-4333-bb41-3ec7a4c66508,6a0794d8-d790-4da6-980a-6ef96468082e,medium,0.582,recovered,email,3570.92,2026-06-28T17:07:51.175565+00:00,2026-06-29T08:07:51.175565+00:00
40cfa70d-1891-4c89-a7da-14f9e35d4405,51878bea-a449-4d92-bd31-9f77b7740c9c,015711f4-6226-495e-80ca-1168efc9d7ea,low,0.757,lost,whatsapp,3319.14,2026-07-22T22:15:51.175565+00:00,
333d224b-2dbe-4f4b-910e-459e923f724e,d639b56d-2f01-4ef1-9700-46ca9dc48a51,010cd045-520f-4801-9f1d-44ba3b675498,medium,0.616,recovered,sms,3468.2,2026-07-28T02:07:51.175565+00:00,2026-07-28T17:07:51.175565+00:00
9ebc0ac9-7f60-43f2-b24b-9344497540c8,d195d5c2-b8bd-40d3-874f-956ad7999c5d,2dd73f80-6cb7-4402-9ccd-f714842468c3,medium,0.594,recovered,email,565.84,2026-08-09T23:38:51.175565+00:00,2026-08-12T10:38:51.175565+00:00
c9c39c87-4771-4222-ab74-4788b935a3c0,647ddd50-58f5-484b-8c91-ff55c5993013,8227bc9c-28be-4005-b7b6-e7354ddd76e0,medium,0.602,recovered,sms,2639.36,2026-07-12T21:36:51.175565+00:00,2026-07-13T19:36:51.175565+00:00
599e94df-6189-4b9d-890c-17df35c2668f,318fdcb0-d50e-4c11-bd94-eecee9eccfb4,7bf19cb3-d1b8-40c9-b8ad-515b2b8eb7ed,low,0.695,recovered,sms,5368.66,2026-06-14T15:03:51.175565+00:00,2026-06-16T00:03:51.175565+00:00
bc601e50-1b37-44cc-85a1-571eef1645a0,b9bce5de-3b6b-4f33-b622-1da5b19ff332,a848c5c1-dfbe-4cea-a6cb-cb61d9304b6e,medium,0.548,recovered,sms,4445.39,2026-07-29T05:39:51.175565+00:00,2026-07-31T19:39:51.175565+00:00
00cd8d9b-3ed5-47e9-8dd4-f28c286be027,e6f990bf-dc22-4990-aef0-3becf3eead33,1ddb19d1-260a-468a-af85-d97a84704ba2,medium,0.623,recovered,sms,1902.49,2026-06-21T00:17:51.175565+00:00,2026-06-23T07:17:51.175565+00:00
1a4863ca-cac0-4f1a-8ba0-79cc8240f891,6d1d26b6-bab8-49d7-82ed-767f17336686,8bb24e04-4a2b-43f7-a13c-70ac2fd693a0,low,0.883,recovered,whatsapp,5701.82,2026-06-06T06:00:51.175565+00:00,2026-06-08T23:00:51.175565+00:00
490668c6-91ea-45dc-a852-6b71a86caad1,43406a4a-2d72-402c-823e-27800a77e5bb,d981c4b3-e092-47c1-9a6c-f680e19aedde,low,0.902,recovered,email,1676.0,2026-07-07T06:24:51.175565+00:00,2026-07-09T18:24:51.175565+00:00
10b1cde9-e61b-4407-bab4-ecfe704d8eee,7c6b182e-1d4c-4016-bdfa-181ea8922de0,4a517ad1-b787-4c14-af9e-95824f7a84aa,medium,0.639,recovered,email,995.96,2026-07-06T23:35:51.175565+00:00,2026-07-09T16:35:51.175565+00:00
953e0fc0-29e2-4b8e-80b9-058f500a17fb,3a941f06-4356-44d7-8127-f6d3607fd633,9cf94287-eca0-461d-becf-7e726c151c08,medium,0.49,recovered,email,2814.48,2026-07-27T12:05:51.175565+00:00,2026-07-29T19:05:51.175565+00:00
78d67fa7-fc00-44ca-b39c-3e96bdbb4c13,bee104c6-7a88-43ee-a063-3e3e31556622,8811c933-5e77-47d9-ac98-c65da1fc9299,low,0.892,recovered,sms,1047.97,2026-07-27T03:53:51.175565+00:00,2026-07-28T10:53:51.175565+00:00
4b0a301c-9051-44c6-a2c3-84ffcc0617f1,0aac0ac5-96ea-477b-a6b4-a6cc033a57d5,8e60944b-0e9c-4ffd-949d-f99624ac8865,high,0.264,lost,email,2332.07,2026-08-12T04:02:51.175565+00:00,
5a307566-db6b-49bd-aec7-2f7d0528e442,bbb68cc4-da14-4d02-9070-fd8ba15ae597,a8c391ca-44ce-408f-af9b-2b8cbd6d4249,medium,0.517,lost,whatsapp,1321.21,2026-07-21T05:06:51.175565+00:00,
cd2504dd-bc74-4f1c-a7b6-46d4ed7f5a90,eb49df56-06dc-4f2d-8ba3-572e8c92724e,80855d9f-ff48-48d2-b423-8f9b85cc713a,low,0.834,recovered,email,8103.84,2026-06-26T13:28:51.175565+00:00,2026-06-27T08:28:51.175565+00:00
dc2e6759-45bd-41be-b638-d0e3764061b4,2b372e49-ab77-41ba-a378-5e8166917ffc,fbbc6291-4443-4755-8fa9-8955c4a6c4b3,low,0.685,recovered,voice_call,4744.06,2026-08-15T21:01:51.175565+00:00,2026-08-16T22:01:51.175565+00:00
76040f67-612f-424e-a083-b9c5c6d2af5c,ade1b9aa-1930-4d49-82a5-6d96c919db5b,6867e772-67a9-445c-8551-eda0117f1daf,low,0.899,recovered,whatsapp,958.98,2026-08-05T07:35:51.175565+00:00,2026-08-06T23:35:51.175565+00:00
c2d30944-cfbc-4737-a12f-04708a572885,51fde861-2e4c-4d85-980d-f3afa035adb0,bd57569d-3f41-4140-bdfb-db68565962e0,low,0.866,recovered,voice_call,1536.05,2026-07-25T03:39:51.175565+00:00,2026-07-27T08:39:51.175565+00:00
c507ff6e-3e7b-4ea3-8faa-5b8ae4b7cef5,78437a7f-e8d5-4c22-b9e0-68a1443671d3,ac56de19-9df5-4bfd-a0eb-5fffb12c0838,low,0.864,recovered,whatsapp,831.96,2026-05-25T20:32:51.175565+00:00,2026-05-27T01:32:51.175565+00:00
01054cb1-8a15-4d56-ba6e-150ff78a4750,1fb7a68c-d17f-4214-a785-0e1cf066e489,0fb45bee-7ffa-456b-8731-6d9736e7e333,low,0.904,recovered,whatsapp,4575.23,2026-06-28T15:41:51.175565+00:00,2026-07-01T03:41:51.175565+00:00
e9b65aaf-5015-4dec-8fa5-85de249e9a63,9e4d5035-d17e-422e-a94e-67008a12afcb,2fe8b7a3-4b6c-456f-aa1f-9b079027a684,low,0.803,recovered,email,824.74,2026-08-16T05:11:51.175565+00:00,2026-08-16T14:11:51.175565+00:00
fd2c9d0b-2d78-4818-af63-a5ef0b5744d0,45b99aed-d8a1-45ae-9a4c-88bde0fba80b,f6a566bd-5f8a-46b5-97f9-641a7cb29b7b,medium,0.516,recovered,email,1571.91,2026-05-31T12:27:51.175565+00:00,2026-06-01T07:27:51.175565+00:00
a782203c-85ea-4954-9c11-969b46562898,fdf98dbb-03d4-4cab-bfa4-132d5cd9d585,006e5098-116f-4d62-9d88-8fb64956bcc4,low,0.764,recovered,whatsapp,10732.36,2026-05-30T22:31:51.175565+00:00,2026-06-02T15:31:51.175565+00:00
e24a61f0-2eb1-4eb7-b2ee-a4d2a84344c8,403022e3-07f0-4db0-9833-716de8def9dc,c943faed-e88f-49c2-9ad3-c29739901b23,low,0.721,recovered,email,1374.24,2026-05-30T01:48:51.175565+00:00,2026-06-01T03:48:51.175565+00:00
d9d2a6c2-2fbe-4778-81f3-a2c34ccadabe,7466d506-24c2-48a4-a05e-21b4cdea9576,311b108e-e2d8-412d-aff2-066d518433dd,medium,0.443,recovered,email,3145.42,2026-07-25T05:17:51.175565+00:00,2026-07-26T05:17:51.175565+00:00
b4848be3-61f6-471b-a60d-499e943a1977,0805ae00-3cfa-46b7-a907-f9c2a9ae2816,157e775a-805d-42e7-91e0-5509c0fed83e,medium,0.613,contacted,whatsapp,2310.5,2026-08-21T16:10:51.175565+00:00,
587a54d8-7970-4641-85a7-9856011be2ad,d8958cd1-3a6c-4cb3-b1ae-08522ba9b348,9560e0a5-aa53-432b-990e-6281f2aa8e95,low,0.843,recovered,email,1860.67,2026-06-10T19:13:51.175565+00:00,2026-06-11T22:13:51.175565+00:00
e6cc5741-68a5-485e-9b3a-82a9f6026f4f,be762d13-86fb-4779-84c6-ecc584c95f5b,d1e1df22-d5c0-420a-ac64-4a71105cdc5a,low,0.72,recovered,whatsapp,1777.65,2026-07-21T04:42:51.175565+00:00,2026-07-23T18:42:51.175565+00:00
49012769-40dc-4901-9c2b-b847e0ff8370,e0709474-c82a-4edb-bb54-35469080266a,a773704f-fb81-4fec-896e-8a6fac7957d4,low,0.674,lost,email,1523.31,2026-06-16T04:10:51.175565+00:00,
66a818c2-e8bd-4c09-ab3f-182a3265bfbc,09b0926e-f700-49b7-ae11-08b5c68990b3,43f32ea1-ffd2-40f2-a97e-ee61fe582ad0,low,0.698,payment_attempted,email,6123.77,2026-08-22T07:27:51.175565+00:00,
38c62c23-0d3f-4667-b3b6-69efe87d0a1a,5e0f956b-13c8-4407-80eb-4d4236190ca0,923d267e-a83e-47cf-8ace-ff7b9c414597,low,0.719,recovered,whatsapp,891.51,2026-08-08T21:02:51.175565+00:00,2026-08-11T09:02:51.175565+00:00
de7c41c3-7534-401c-866f-003f1c1f83d2,8763db6e-ad7f-48ad-9746-02372932787f,74f13c8a-39d0-4d85-b621-f2dc2f1b0378,low,0.831,recovered,sms,905.53,2026-06-04T18:05:51.175565+00:00,2026-06-06T06:05:51.175565+00:00
16ef496b-5582-4c78-9bf1-f8fcff342cb7,a21833a9-fc73-402f-aaf6-00d968ec203c,9bc97973-94ca-4182-bef3-c27932730db7,low,0.705,recovered,email,499.0,2026-07-20T15:18:51.175565+00:00,2026-07-22T16:18:51.175565+00:00
5ec99438-6884-4d06-85c7-585fbd049b9a,2987491a-d653-44dd-8171-43760309ab08,8401ad51-1fc0-492c-ac70-7d4ac159bb89,low,0.653,recovered,email,2043.74,2026-06-06T11:58:51.175565+00:00,2026-06-08T02:58:51.175565+00:00
37aa0e47-f103-4600-9dfc-4aa282599f9f,452990db-7a83-4689-a9eb-bafd070d2c52,eb5f4439-7d2f-4438-b156-b40de65fbb3c,medium,0.581,recovered,sms,1654.97,2026-08-13T00:07:51.175565+00:00,2026-08-13T18:07:51.175565+00:00
feb53ca0-7e83-46cc-81d5-3d12852d4c19,d741fbe0-9b01-4fdd-aa54-d259b174c32d,f08cff2e-7215-4711-8df6-de8b896dd6df,high,0.287,lost,whatsapp,4774.99,2026-06-12T00:22:51.175565+00:00,
407155cc-9e49-47c3-8508-19b685abbcd2,e30523fb-914b-4647-add3-ea406f31933c,b13264cb-3926-4f66-84f6-533880a512cf,low,0.736,recovered,whatsapp,537.99,2026-06-16T00:51:51.175565+00:00,2026-06-17T12:51:51.175565+00:00
1b005de7-0bcb-4f69-ad37-0b290145971e,646e0027-7d77-43f6-afd7-2eca12c40b76,c656b91e-457c-4979-8caf-0b09f81947e1,medium,0.587,contacted,email,8415.02,2026-08-21T05:36:51.175565+00:00,
236ce0b0-77f5-469b-afe8-fe36b5a17995,ffec5683-d540-480f-a3f3-b0ea059b0659,64eaa664-4154-4f81-8177-da4b1c8140d5,medium,0.627,lost,whatsapp,3020.02,2026-06-09T05:10:51.175565+00:00,
2e36918d-0d4a-40e5-9611-715cb51787f7,48f1bfa5-aebb-4a99-bb7a-ab141e56b3c0,3f800df1-6157-4e3e-8879-8a064058f716,low,0.745,lost,email,6750.07,2026-06-15T06:50:51.175565+00:00,
74ae4515-eeb8-4e65-a5f0-dfbe3de46e1b,40de5408-7fab-480a-b468-b8632de5052c,7411d480-0a98-43d9-8797-2357506139af,medium,0.595,recovered,email,3692.37,2026-07-24T02:35:51.175565+00:00,2026-07-27T02:35:51.175565+00:00
79ddce19-92d5-44d1-bb85-99bcb9a5f19e,906c9a82-da07-452d-acdf-5e237d51b55e,fb13301b-a098-41ea-90a7-a8f504f79c7d,medium,0.496,lost,whatsapp,1017.5,2026-07-31T19:51:51.175565+00:00,
66c9cf31-2bd7-479e-98d8-091602eb21ed,012c20e2-2ff7-4dc7-98dd-8ff164296fab,e5fa80c8-45b6-4b49-8aea-ba7dedbe530b,low,0.662,recovered,sms,670.98,2026-05-27T12:37:51.175565+00:00,2026-05-29T01:37:51.175565+00:00
ce97b60c-b6e8-41a3-807a-28dc8aa0697d,dde52b1b-d5b7-41b3-a6ef-20f93c8ad05d,40aaf3c3-fa73-433f-9224-7df3ff07039f,low,0.784,recovered,sms,2871.17,2026-06-13T17:38:51.175565+00:00,2026-06-15T01:38:51.175565+00:00
d7dc5f8c-23c5-4354-8511-117a3e470b48,688f123e-baab-4d94-b305-4438c747b7e4,240f4137-5c5c-44db-91b7-2531b941c082,low,0.759,recovered,voice_call,21238.24,2026-08-11T09:53:51.175565+00:00,2026-08-12T10:53:51.175565+00:00
a1bbf3cf-d099-4d51-b670-6eb8b29d6e49,99aa01d1-48df-43a4-b94d-f26fde1d3663,81306ac8-0dd3-4ae7-980e-6cdfa6f18054,medium,0.45,lost,email,9984.75,2026-08-10T14:12:51.175565+00:00,
052d4c47-f00c-462d-8cf6-1812e6e954d6,48b4af19-856e-41a9-83fc-68823e829ddd,52253289-8771-4648-8095-b4f20a141f64,medium,0.472,recovered,email,3038.41,2026-07-05T21:41:51.175565+00:00,2026-07-07T02:41:51.175565+00:00
ae9d2fa3-7a21-46e2-b534-4ebb173fb26d,78b83fe0-99ed-4811-b7a9-cdd48abc7e45,2c55734f-8ec5-4525-a549-0e26f21a035a,low,0.801,recovered,sms,4194.66,2026-06-30T04:48:51.175565+00:00,2026-07-02T08:48:51.175565+00:00
d7fcede9-badc-4630-bfaf-4654ce0995c0,f248908c-667b-47c0-841f-04dc858905d0,f6ea903b-7a69-4518-b613-7f44c0d584d8,low,0.723,recovered,whatsapp,3777.61,2026-05-29T01:24:51.175565+00:00,2026-06-01T01:24:51.175565+00:00
029b2af9-74bb-4d44-b94e-d7e962413846,156a3b5a-d5f1-42da-b98c-fbe0f711abdf,083011ec-bba6-401c-9b36-5adc131639ab,low,0.689,recovered,whatsapp,9121.72,2026-06-12T08:53:51.175565+00:00,2026-06-13T14:53:51.175565+00:00
559228aa-c904-4cae-b990-b1ac3ef4d0b3,f2b7a574-0239-4367-bc78-0c1dca2a635a,22e4414c-79c1-4e31-8353-5e60a74b5ce1,medium,0.52,lost,whatsapp,14807.41,2026-07-29T05:23:51.175565+00:00,
1bf5deb0-0f7b-44b3-9ae0-3b1b06f27f08,f3ba19ec-cd0c-4759-b3ce-55c525b73428,13b423f0-914d-46c8-95da-7117e0376ff7,low,0.736,recovered,email,9962.9,2026-07-13T07:36:51.175565+00:00,2026-07-15T05:36:51.175565+00:00
0cab3d80-aa11-4788-afde-d27e8a6eaac4,915bfc1f-0096-4fa0-a504-128a845cd8a5,b085c601-e7c6-4cfd-9a67-cdc610665a9d,medium,0.387,recovered,email,847.77,2026-07-18T10:54:51.175565+00:00,2026-07-20T00:54:51.175565+00:00
477f3448-78ba-4707-93d8-33d58b29a5ae,5f8eeeef-0171-437d-aa7c-e2252b93d802,b621cc6a-3457-4084-bff8-0b67b467ce35,medium,0.532,recovered,whatsapp,2430.89,2026-05-30T06:31:51.175565+00:00,2026-06-01T05:31:51.175565+00:00
8e86fbb0-1b80-4928-b18c-20a945d5b0f9,55d0defd-e890-428e-847f-fd57c021c130,5d6e4615-7d46-4d83-b463-eeca7f766500,medium,0.525,lost,email,2698.49,2026-08-02T03:16:51.175565+00:00,
4d63af4c-433f-44f7-a699-514f51e2d694,f4b73fb2-13d5-4ee3-90e7-d8d8f3498b99,0836c5a9-6295-4449-b8b4-66d16752fe56,low,0.82,recovered,whatsapp,1500.68,2026-08-17T06:42:51.175565+00:00,2026-08-18T16:42:51.175565+00:00
eb307f2e-e91d-4823-8d29-4481c42c74ed,3b623cdf-c17b-4762-8ef9-d038ba82e89c,e2489839-cbfb-4d6a-9de7-5e3584e5d4e5,low,0.832,recovered,sms,1833.65,2026-06-02T14:54:51.175565+00:00,2026-06-04T11:54:51.175565+00:00
94f2001a-5f96-4619-963a-3a2e67c16ffe,f2fe9b8e-7d2f-4c0f-a0e4-85a2b0ca4786,6cfddfd5-6b7f-4420-835f-6b1389bc9941,low,0.732,recovered,whatsapp,2780.79,2026-06-21T10:45:51.175565+00:00,2026-06-22T06:45:51.175565+00:00
e8c3df6e-a50b-4cf1-8fb5-af4ccba2bf29,49a17249-96d7-4afe-a2aa-241c6cce091f,fa054f9e-260f-47cf-9951-99e520063643,low,0.913,recovered,voice_call,3293.68,2026-05-30T07:49:51.175565+00:00,2026-05-30T17:49:51.175565+00:00
daeaddd6-0195-49fe-9c88-faaf35fe1019,53e2dc30-9cae-4092-943a-dd97a180708b,b1061267-63dd-41e9-8888-5e88831fa567,low,0.85,recovered,whatsapp,2066.07,2026-07-06T01:10:51.175565+00:00,2026-07-07T01:10:51.175565+00:00
b8233974-055d-4333-9a39-02d314e79937,17da7376-54c9-4f08-a2f7-30a083721fd4,1a921013-01d5-4715-b920-f1396793abad,medium,0.39,lost,email,1027.34,2026-06-06T20:28:51.175565+00:00,
100a82e2-2484-43f7-a390-dcf92860f98e,8b867374-f152-49e1-843f-21c535b69d0c,637beb63-606e-45bd-aa53-346732a7dbaf,low,0.942,recovered,sms,1583.2,2026-06-15T17:52:51.175565+00:00,2026-06-16T13:52:51.175565+00:00
cec8e4bb-73b4-41b2-adbd-3c6cea3caad3,be0ac68a-f2b5-4701-9202-583e3cf3b1bc,f60cddc0-cc49-44bf-86a7-4c991e46a4eb,high,0.145,lost,voice_call,26752.18,2026-07-24T23:25:51.175565+00:00,
c3907f2c-e141-40e8-b9d9-5405baa878f2,e4e3885d-a051-4d61-9e4e-032b3933fec5,94a136ec-203e-458a-a738-febe0c6f1fdb,high,0.177,lost,voice_call,5781.45,2026-05-27T18:27:51.175565+00:00,
ece649f9-1f4f-4c63-8069-622b4c29f6cb,e0a81379-8256-4028-a296-1d788df9cb38,7155139e-6bdb-4f9c-9314-553bf02fffa4,medium,0.643,recovered,sms,6260.94,2026-07-19T16:34:51.175565+00:00,2026-07-20T16:34:51.175565+00:00
ffa93a36-c9ea-440e-91d8-5d3c616c22b3,167f4e24-ebba-40e5-9a1b-cb9cdccabfd4,397ababd-a741-44d1-9ac8-41e1737cf73b,medium,0.472,lost,whatsapp,1701.66,2026-06-09T02:17:51.175565+00:00,
73edac52-9f17-4ab3-b92d-fc9c70af559c,77559033-6551-418e-9228-a316209c8253,b7ff57ef-b648-4be8-89f5-be32ee0c89bf,medium,0.358,lost,email,1333.98,2026-08-16T04:18:51.175565+00:00,
9e7ffffb-8112-4f0d-bddc-e07067e479e6,a78afac0-d2bc-4e82-ac28-4653874e6e06,86cdc06f-1a8c-4f4c-809e-e32a050fff31,low,0.768,lost,email,5324.13,2026-07-30T14:34:51.175565+00:00,
3c69a9bd-1714-4aab-ac3a-b533359b6866,56e7c1a1-e5cc-4b4d-b08e-42875f30cd59,140c7ebf-d749-4b0a-bf98-38ed6db61580,low,0.938,recovered,whatsapp,3379.83,2026-06-03T13:11:51.175565+00:00,2026-06-03T21:11:51.175565+00:00
3a1319c3-1793-4589-8d6f-5ce1aa42941f,7cbb8088-47fc-410b-bed7-b8e280abfc7e,3624581b-71ac-4f99-b25d-6a9313fb45a3,medium,0.609,recovered,email,1828.03,2026-05-26T11:40:51.175565+00:00,2026-05-26T22:40:51.175565+00:00
bf7ff7b9-84f9-469d-8eda-0f082f664d54,58b24f35-3901-4756-a8e6-d93400dfae17,eb267739-7251-42d4-8795-93829045a24b,high,0.344,lost,whatsapp,1903.3,2026-08-02T10:19:51.175565+00:00,
694e051a-c8e2-4e9a-b748-a135eb5b66f1,2adad246-77ef-49a1-a9c3-78e453485489,e74f76b0-08b4-40be-9c8b-ad15f9ffdba4,medium,0.395,recovered,sms,2503.48,2026-08-01T11:27:51.175565+00:00,2026-08-01T16:27:51.175565+00:00
08df46c4-9fde-4298-89e8-5a981e05cae3,cbb6d73a-f188-43a1-b008-a13b5b67cb49,420dd4ef-7124-4193-aa9e-4cd368d50032,medium,0.515,lost,whatsapp,2917.45,2026-07-13T02:19:51.175565+00:00,
8039a3cb-8a24-496d-ae98-563e8adf2dc6,31c1cbe1-4bfd-434e-bb4e-91b187cc2018,aa33dd13-bd99-44f5-9d9e-33d97efc2889,high,0.285,lost,whatsapp,15604.09,2026-08-02T11:27:51.175565+00:00,
795e8238-dfa6-4dd0-8ddd-ce3c4e275853,2659febb-6f30-4369-840a-8f1c7c7c3aab,2b7fd874-6bd3-4bb9-8d5c-ad10b8d987da,low,0.778,recovered,whatsapp,1002.45,2026-07-31T23:43:51.175565+00:00,2026-08-03T05:43:51.175565+00:00
26da4384-5179-419b-a46c-df334a356458,452990db-7a83-4689-a9eb-bafd070d2c52,4dcb91a3-0fdb-435f-933e-8a7b98aa05fb,high,0.244,lost,voice_call,9921.45,2026-07-05T03:41:51.175565+00:00,
287ef0eb-ae95-4e8c-8a48-f46cdca9f149,4701fe8d-e1d9-428f-8463-0e375abb3315,77ec54e4-7c2d-4bbd-8541-5d7afb8c6761,medium,0.549,lost,sms,4012.66,2026-06-20T19:24:51.175565+00:00,
c4675a8d-e9d1-4b28-a23d-5677755063c3,08c8363d-d79c-4d45-9042-c10c2062f808,9cb295c1-626f-4932-a68b-1f7f3b774ea4,low,0.702,lost,sms,4900.18,2026-07-24T09:28:51.175565+00:00,
cd337ea8-b0c9-49a7-b4b7-9b4e483cb9b9,28314349-2d05-45db-91e0-cd238333d1b5,aee3d995-6999-43fc-b8ba-ffa2d7ae0125,medium,0.558,lost,email,8604.57,2026-06-15T03:41:51.175565+00:00,
52e247ba-b986-44be-aa63-0e8163b03d81,310fd491-929f-4269-b4b1-be4b4ed51d9e,98c4916e-5b52-4da4-9d84-86777aeeb860,low,0.672,recovered,email,9489.63,2026-05-29T18:58:51.175565+00:00,2026-05-30T02:58:51.175565+00:00
52fe8edd-52b6-46aa-b3c7-a1deee2417e0,84f49f10-8bb0-48c6-a360-d510cb9bcd82,e9489aa6-c9ac-4508-ae59-15352ccb3bb8,low,0.831,recovered,sms,2177.57,2026-06-19T08:06:51.175565+00:00,2026-06-22T01:06:51.175565+00:00
932b3764-b4a5-4778-a4f5-dad273b434c0,bea06389-017f-48cb-b8fd-8a86d5484100,019ae7e9-5bfc-4651-b265-135069067749,low,0.932,recovered,whatsapp,1868.26,2026-07-30T11:23:51.175565+00:00,2026-08-01T02:23:51.175565+00:00
334d8fd8-f5f9-4042-b9fa-cd2ccca4e024,a94a2eac-b98c-4135-9c33-14c7e54e4102,fd93b6b1-9397-450b-8007-ef2fe51af9e3,low,0.871,lost,email,3175.44,2026-07-15T15:01:51.175565+00:00,
4059f13c-dc7a-4f4d-a269-751c3ba4130b,3013579b-46b6-40f2-904f-552d41d013b8,38a62928-0ee0-4cb7-915d-0df1ca14c032,low,0.826,recovered,voice_call,884.76,2026-07-28T13:05:51.175565+00:00,2026-07-29T01:05:51.175565+00:00
11ef28fe-92c2-4303-a9b9-af6c59ee398f,e89bd9dc-2556-47dc-955b-8cc079d4dcaa,b6ea4942-6f1f-427d-8a82-395cc8223931,medium,0.561,lost,whatsapp,3115.24,2026-06-27T16:24:51.175565+00:00,
83a243a0-0245-4dc7-aaa6-eee3041a51a2,37e5ad4b-cced-413d-bbf7-ce12d806630f,37b65c8e-88fc-48e0-ad3b-4178d0ab4210,medium,0.638,recovered,whatsapp,3215.87,2026-06-22T00:21:51.175565+00:00,2026-06-24T19:21:51.175565+00:00
6e30f4f6-f6cc-437d-a455-0278cb692b45,d6a1ffe6-1ef5-44f1-9855-964c6e513c8c,e7171782-f08f-4bf2-be75-e2ced65f5bc8,medium,0.468,lost,email,5366.48,2026-08-10T08:53:51.175565+00:00,
7beac2b8-d7e7-40a1-aa55-46734d58a3d2,25e7b4aa-bef1-4a4b-8c2c-40d94197506d,0abf73f3-62cc-40cd-974e-bdcbffab3c5c,medium,0.641,lost,whatsapp,6388.16,2026-06-04T08:39:51.175565+00:00,
567b825a-8572-4719-b2ed-6b068efc1b68,bbf7e643-15d2-435b-907b-83f136d8d6e7,c45eed17-66e7-43a8-910a-1071758ce3bd,medium,0.532,lost,email,739.7,2026-05-29T07:47:51.175565+00:00,
7b8d7dc1-86dc-4ea8-9e9a-19c100a60716,6f82fa7a-b987-44ca-8f00-df282473231a,2fa1e7b3-697f-424b-87cc-b9529c899959,low,0.828,contacted,email,2385.55,2026-08-19T23:48:51.175565+00:00,
00eb0148-c48d-4845-a527-b1877fbdb647,836f759a-a6dc-453d-9d50-44cfe915b027,fc74d949-4823-486f-b665-d4199dec797e,low,0.866,lost,sms,1053.24,2026-05-28T08:07:51.175565+00:00,
122350e1-3316-422f-89f5-49fa67c6801e,baf766f9-8a33-41ca-9aed-c3007f2ec477,e6bae6de-e590-4b36-80e2-877cb30703da,medium,0.549,recovered,email,1957.99,2026-07-26T19:52:51.175565+00:00,2026-07-29T11:52:51.175565+00:00
83c6f859-609c-45da-ba46-dd24630b7b4d,214a499f-9bec-47ce-a0fe-d84e3aef3f6b,d4130ac6-34e9-4ebd-89f7-74832c64bda2,medium,0.582,lost,whatsapp,2350.39,2026-06-13T20:18:51.175565+00:00,
7846def0-903e-4ef9-89ea-ba707dd9677c,c4b424d8-f785-4c98-ac7b-d1f19df9a968,e97533a1-4900-4eec-b38d-40076b3ff553,medium,0.506,recovered,email,3838.25,2026-08-19T08:01:51.175565+00:00,2026-08-21T04:01:51.175565+00:00
7ea1f95a-2d2e-40bf-ae2b-ab55b586dd2d,fb7ec571-a9ea-4eb7-8b17-ee4f3243d889,d97773f0-4fcd-4e02-8c5c-17e0cb07ac6e,medium,0.483,lost,email,3796.92,2026-08-07T16:57:51.175565+00:00,
146b441b-a08c-4ae7-a401-82785f2af5c2,18c2941b-c0a1-4fc7-8fea-1a956c6a5b5b,d8877356-5023-433f-ab15-17267c17afa8,high,0.144,lost,whatsapp,3142.77,2026-07-11T22:06:51.175565+00:00,
48c016d4-cfc4-4ccc-9c3a-127080d548b3,defafaf9-7352-4f09-adac-4a93e31d864c,087e0068-ce72-4c0a-8fd1-c7b51ea78e89,medium,0.589,recovered,email,1151.43,2026-06-21T08:31:51.175565+00:00,2026-06-23T10:31:51.175565+00:00
60a59873-8be5-4d21-9dc9-d723fa45cd0a,0e24d225-17ec-4b4f-8fa9-96b641ab5840,914029d2-ab51-4e13-a94f-2a21618709bf,low,0.876,lost,whatsapp,499.0,2026-07-18T04:25:51.175565+00:00,
f53c6cf8-80d4-43c0-b1a6-2c99efe1de63,327781ac-2026-4231-b3d7-60124b3d34a8,43d54b20-f324-4b70-a050-e792cf610003,medium,0.611,recovered,email,7072.09,2026-08-12T17:39:51.175565+00:00,2026-08-12T23:39:51.175565+00:00
18aa336b-bd7a-41a3-a1a8-765b5dd06d21,e253ae92-d07b-4763-b5b4-de14ff702826,e57c8d86-3b7f-4a3e-98bf-b00cecc83b08,medium,0.446,recovered,email,1855.3,2026-06-28T01:45:51.175565+00:00,2026-06-29T22:45:51.175565+00:00
c5d4de10-0824-4a6d-a209-b3e35b307cac,5b387291-e36a-4df9-a30e-4def832d8943,cb4320bc-50d6-46fd-9dee-19f699a519ea,low,0.67,contacted,whatsapp,4947.52,2026-08-21T05:27:51.175565+00:00,
f216bef5-7121-460e-9953-34dc661fb205,41c1a11e-0fbf-491e-b916-74c1bd240a49,b7b3c8bf-b11a-4d46-91c7-f0806e97270c,high,0.321,lost,email,5303.18,2026-08-11T09:24:51.175565+00:00,
4ace223a-b9f1-4a2d-8902-c0d9a18cecc7,024c8ccf-c4e7-42cf-bc1e-5e49ea90c3f5,43922647-15aa-4cdc-a101-916cff491d24,low,0.679,recovered,whatsapp,2284.49,2026-06-16T12:37:51.175565+00:00,2026-06-17T12:37:51.175565+00:00
27ef47dc-98d9-41f8-9723-62505aa676e5,b93947cc-0784-49fc-a6dc-a54a1c0de226,3b93897e-78d1-4911-8b01-df5c3e40c866,low,0.884,recovered,sms,3166.75,2026-08-02T22:54:51.175565+00:00,2026-08-05T09:54:51.175565+00:00
5c6893df-11d3-4c1d-80b1-1c87e0ec52bc,2b083a21-f9fc-40c5-8d9b-1c2a12d4e26a,53524153-cfcb-4bf1-8944-32becf1c7ed7,low,0.806,recovered,email,4213.64,2026-07-21T09:08:51.175565+00:00,2026-07-22T17:08:51.175565+00:00
b7900a46-590e-474b-a099-a8ca8ce1b929,67d38837-f3f3-40b8-af49-8d8bf58db8c2,9e71e1e9-7e76-4094-a44f-f742d4916344,medium,0.628,lost,email,9756.45,2026-05-25T23:24:51.175565+00:00,
9ca7cf4c-c229-4fc5-8507-d17956f985b5,7c370db8-26cc-41b0-83be-c2e896e137e8,c18ed4ad-151f-45b4-bec8-cfe129bdd074,high,0.342,recovered,whatsapp,784.35,2026-07-28T05:51:51.175565+00:00,2026-07-30T16:51:51.175565+00:00
c3a48f5b-073c-4e3e-b6a0-a736904ba914,343ecad0-d97c-4ecf-9309-67a874d32567,5a78fa0a-c0e7-4e59-8947-e38bd1562d87,low,0.707,recovered,whatsapp,1859.98,2026-05-30T21:57:51.175565+00:00,2026-05-31T10:57:51.175565+00:00
38ce69c5-19d5-4ccb-af91-2a670b053e9e,48555a8f-cce4-40f4-9931-afde17ed5d4e,935e0653-42ad-4127-8d7c-fa332449f235,medium,0.53,recovered,whatsapp,15257.58,2026-05-25T02:37:51.175565+00:00,2026-05-27T08:37:51.175565+00:00
bd00a92a-f79c-4c49-a6c5-13cbbe21b819,3342178d-d8a7-46cd-8967-6de19610d34b,dbd7f718-cb7e-409a-8686-4b2cd9923f2d,low,0.772,recovered,sms,976.19,2026-08-16T12:30:51.175565+00:00,2026-08-18T20:30:51.175565+00:00
10bed3e6-5f73-4d7e-aff0-90763e13be48,77be10bd-3db0-4650-8c83-6c66a60e3db4,22d4488e-d159-48d0-ba01-7e36d0040b78,medium,0.359,recovered,sms,4058.24,2026-06-25T05:27:51.175565+00:00,2026-06-27T01:27:51.175565+00:00
e20fa4e6-d24d-43c9-9973-3b172d21ac1c,e3fd5198-8d01-4821-89eb-8b931a33b8d3,27140daa-3813-4390-956b-0434322e8b66,low,0.65,lost,email,1562.21,2026-07-16T15:57:51.175565+00:00,
36b50024-1241-4aa9-897e-9e766204d366,d66d7f32-e882-42b8-9a35-31a078447bab,a31a364d-af18-4b2b-a902-c8f33ce51bbd,medium,0.584,recovered,email,2017.7,2026-06-07T17:13:51.175565+00:00,2026-06-08T01:13:51.175565+00:00
67f41af3-594a-4670-bfca-1641e59f0d05,fe960438-7cb3-411b-9f0a-40761a02320d,1126f370-ab43-438c-beae-98ca9b133fb0,medium,0.508,recovered,sms,5838.75,2026-07-13T08:14:51.175565+00:00,2026-07-14T22:14:51.175565+00:00
563a78ab-cf79-4ee0-8457-86ce421dc911,0cbe9cfc-654c-4c53-8955-924ef96101db,d393a475-f383-4b5f-a3e0-db3b280cd95f,low,0.658,lost,whatsapp,1174.01,2026-06-10T02:14:51.175565+00:00,
a5ab5106-3e23-4133-973c-cc2f25a7a23c,82e65e13-edc3-4191-ad21-0268af18bce0,ec8dc6e1-baf4-48d6-a24b-7aad7dce8024,low,0.855,recovered,whatsapp,1972.16,2026-08-02T01:47:51.175565+00:00,2026-08-04T09:47:51.175565+00:00
f2f8511f-61ff-447f-bce4-249c49aa847e,c9c21ae8-8639-4b24-85a5-654762551cd3,759e066d-8fec-4f66-b5dc-18fd8342fcad,high,0.304,lost,email,3369.02,2026-05-30T12:42:51.175565+00:00,
3ec821b2-fb45-4f5b-b604-3a22f79c7b26,8e705968-9341-4fcf-baba-6fc3a4796d55,db7847a2-e479-4aeb-a295-6a9f214ab2b9,high,0.315,lost,whatsapp,1061.58,2026-06-20T06:45:51.175565+00:00,
68e56a41-1c64-4b1c-a081-d9909c0f7566,f1276aa0-10b0-44f2-9b15-87621d16dda0,b7a99da0-73a2-4416-a35a-96ede6031ca0,medium,0.624,recovered,whatsapp,4577.09,2026-07-08T18:11:51.175565+00:00,2026-07-11T04:11:51.175565+00:00
576d324d-511b-41d5-bb95-12af40fefda5,6df11e8a-76c4-4000-8f54-a7e2d7d67e8e,852f62e1-199e-4ce6-af58-d74afa53df84,medium,0.465,lost,whatsapp,1194.02,2026-08-15T10:47:51.175565+00:00,
d88583c1-b498-4c49-a47c-556fd076c9e0,a68842ba-ff59-4ed1-a649-a02d8ce91e10,9604e4ed-4b90-4c6d-97b4-db87f47363a2,low,0.711,recovered,sms,1348.65,2026-08-13T21:21:51.175565+00:00,2026-08-15T07:21:51.175565+00:00
9dd4b05e-2f88-41a7-9c4e-ebf24c742a4c,94ab74ba-67a3-482e-b597-65877b3102b6,53689b1d-8040-4b11-add0-1657ac567506,medium,0.562,lost,whatsapp,902.93,2026-06-28T20:28:51.175565+00:00,
adfebf6c-ff67-4680-bfe6-adc7f8418585,4f240731-9590-49ae-aed8-942a0dbf4f4f,c51a3df2-e708-4a82-9d04-a0ef471c84a6,low,0.96,recovered,sms,1039.37,2026-06-04T02:56:51.175565+00:00,2026-06-05T12:56:51.175565+00:00
ba9c99a0-788a-4323-82ff-48f564f3b6f4,cd8dcc6a-2ff6-44fd-b60b-05bf83377545,7343246b-5e9c-427d-9451-81cfa50477a3,low,0.68,lost,sms,3074.54,2026-08-03T17:59:51.175565+00:00,
d415eceb-0a57-43d9-b85a-25350e07640d,6b2076f5-2af2-4d52-92e1-65beeb84f5f7,01d07dd8-f470-4eb1-8177-f6f3ccf5a48c,medium,0.523,recovered,sms,752.91,2026-08-19T07:18:51.175565+00:00,2026-08-21T04:18:51.175565+00:00
01afc9b4-4c1c-4339-a285-b6a43ee83fef,05d48719-5ffe-48dd-8b1d-6398fea9583a,793445c1-f3fc-4363-9cf2-558cf0edc927,medium,0.378,recovered,email,10490.1,2026-05-30T06:47:51.175565+00:00,2026-06-01T19:47:51.175565+00:00
0c94d77f-c88d-4840-a783-d2d99c4f3b39,dc220838-9d7c-49e9-9c14-98fbd46ec673,9e213aa3-acd1-4836-9199-82d8c4ff795f,medium,0.443,lost,whatsapp,11880.32,2026-08-04T01:24:51.175565+00:00,
bde9bcbd-5c93-4680-989a-39d69ffe3b52,86dfca1d-9bc4-42d3-954b-630dad5449aa,51b8eaea-bf92-4db1-b026-c5730185d95b,low,0.786,recovered,email,9672.97,2026-08-15T05:08:51.175565+00:00,2026-08-17T03:08:51.175565+00:00
f902acf6-4035-42d7-850b-e0d0bd5e4871,09769796-f4cf-42c9-91b2-45ce197a7aba,772f14fb-dc18-4815-8252-580fb5451f16,medium,0.629,recovered,voice_call,2177.24,2026-06-16T23:14:51.175565+00:00,2026-06-18T21:14:51.175565+00:00
767537b8-906a-4fb5-a0f3-1a66f86d4059,ea7be217-4467-4db5-9556-afde2a8a1a55,1c2f2407-172e-42eb-aaac-f23301972794,medium,0.412,lost,whatsapp,7737.28,2026-06-09T21:13:51.175565+00:00,
8b8120c2-749f-4919-b472-a03c744ff999,691275f5-7dcc-4426-9b89-0f8eda13f7f3,2017121f-85a3-4334-a61d-366e3db03ed2,low,0.81,lost,sms,3724.01,2026-06-15T22:19:51.175565+00:00,
467c6c7e-8116-4222-bcdf-7c445277f2ab,c8b94961-11f2-487e-8903-759549543962,829cf7c9-afad-4287-9c37-8140ec1c3e1b,low,0.907,recovered,voice_call,3013.89,2026-08-11T21:00:51.175565+00:00,2026-08-14T20:00:51.175565+00:00
dc730deb-a9fd-4fca-89bb-d0d2f77f80b5,35933158-3791-45a5-90f6-d3c9f866171c,f911bec4-f462-4d4b-9211-f74aa06edc2a,low,0.828,pending,whatsapp,499.0,2026-08-20T11:29:51.175565+00:00,
22c8f042-9301-4998-9310-badb8ddfa240,9e38a836-b631-4d9e-8196-80dd604b54fe,de31fab3-8447-47fc-8d04-8b737b9fdc93,medium,0.538,lost,voice_call,17362.42,2026-08-13T22:58:51.175565+00:00,
96092dc3-1d93-43a8-b2ec-f8a524ea6a16,d1b932af-e45a-479e-8c65-b23874c5f42f,f4358d57-d76c-40aa-91a7-0b362437c37b,medium,0.624,lost,whatsapp,4159.28,2026-07-12T07:53:51.175565+00:00,
5658c795-7571-4b5f-880b-03d00e93b6a1,7330f14c-f536-400f-830d-4ceccbbe6cb9,16549446-474a-4ddb-bebb-57b1840d08ae,low,0.773,recovered,voice_call,710.88,2026-08-08T11:28:51.175565+00:00,2026-08-11T08:28:51.175565+00:00
4e243208-106b-44a1-9b5b-1ffce212afd9,4f240731-9590-49ae-aed8-942a0dbf4f4f,fbc1b338-69e8-40c9-a995-d765f1d38442,low,0.96,recovered,sms,895.33,2026-07-14T03:19:51.175565+00:00,2026-07-14T22:19:51.175565+00:00
8b31d105-608e-4f57-8be4-53386203422b,2e2ef079-7853-4bb1-aaf6-15a95044746f,f6473c20-bbcc-4e45-9792-ec0903523077,medium,0.391,lost,email,9735.34,2026-07-15T12:21:51.175565+00:00,
ebd67d59-2f06-4479-b41a-8e2d63dcf3f6,44a9e55c-643a-43cf-ac9e-7527dd19df8c,494b88a6-14d6-4bd2-b6d2-27e451b1e947,medium,0.507,lost,whatsapp,5234.98,2026-08-08T21:44:51.175565+00:00,
95c28c32-d841-41b1-8f4b-46243873bd79,9faf1a69-ee97-4b6a-a9a1-db6dcdd5be3d,f3bceb53-24d8-4c05-9011-f4c189e1a928,low,0.839,recovered,sms,1582.11,2026-08-05T06:29:51.175565+00:00,2026-08-06T13:29:51.175565+00:00
812ea6d1-ff5b-4d54-b6fa-6db9e07b055f,9dc0f748-cb99-4069-ba75-764b7d355351,92d6d6cd-964f-412f-bc8d-b2d9d7352dca,medium,0.581,lost,whatsapp,7741.35,2026-07-12T08:14:51.175565+00:00,
5960856c-8443-4708-9a1c-f15ce939a607,67853837-6481-4f6b-85b6-319ef48f6ffa,655505df-1802-4993-bacf-06c2fe2a8a9a,high,0.305,recovered,whatsapp,499.0,2026-08-03T20:14:51.175565+00:00,2026-08-04T02:14:51.175565+00:00
b1c31d8b-f7d7-467e-a7ea-5c6f78b161e2,3f6cab32-0a35-4ce5-8003-fc2cf02cf574,48981fb4-04e8-44ca-b391-22962310f282,low,0.665,recovered,whatsapp,1706.71,2026-07-01T11:49:51.175565+00:00,2026-07-02T14:49:51.175565+00:00
c79ec3e8-1b7b-4c47-9f3c-2e31dda4b292,64ed5fef-317b-4a69-87d7-ae9e4dc30879,bd286ab8-f86f-435b-8158-053492cf0a04,low,0.651,lost,email,1394.62,2026-07-03T12:05:51.175565+00:00,
ca0fe14b-984a-4d75-8f00-905d8300e938,5cc56b9a-8acf-413f-a670-f88723916710,17bec562-26a3-48e7-9cd6-a913271618a3,medium,0.513,lost,sms,763.05,2026-08-02T10:22:51.175565+00:00,
61f07d4f-631b-4e26-bad2-df5a2b915730,e279dfc1-7bd0-4f82-b1c2-fe4d9c263ba5,0832964a-1d8c-4bd9-aba1-ef08701ff27f,low,0.956,recovered,whatsapp,1885.88,2026-07-19T19:03:51.175565+00:00,2026-07-22T04:03:51.175565+00:00
1cbffb43-6bc0-44d6-9403-e9b619c0b072,17867bff-f427-4893-be82-0ba8c8a5ba87,c32359d5-757e-4aed-9793-970bfc75cdd9,medium,0.362,recovered,whatsapp,3976.93,2026-07-24T19:37:51.175565+00:00,2026-07-25T00:37:51.175565+00:00
0e1e917c-61a2-4a6d-abe9-3f0c61d3ee14,d41a0cb3-6f89-46e5-814c-cb7cb93563d4,dc40cec9-876f-456e-a576-547a2564f943,low,0.955,recovered,whatsapp,4579.55,2026-07-31T09:38:51.175565+00:00,2026-08-01T23:38:51.175565+00:00
38df5849-795a-49b2-a77f-a4579b7bfe79,a09837af-3e2d-45bc-97b7-c43c624bda7e,bc14b18c-d879-40e3-be4b-e47738a82f0d,medium,0.545,recovered,email,1109.19,2026-07-02T16:08:51.175565+00:00,2026-07-04T15:08:51.175565+00:00
edfdc8cc-d602-4c2b-8484-86912fc59355,b1d05c63-fb01-47c2-b89f-f63217ba5fa5,dab23b53-f5fe-4073-bf2b-2d42669cdb36,low,0.824,recovered,voice_call,4250.8,2026-06-17T22:21:51.175565+00:00,2026-06-18T22:21:51.175565+00:00
dac7943a-86b0-4697-96d6-54b205f1b6d9,a8fd86b4-e89b-41f6-8e2e-d466d87e2060,c247f8e7-37cb-4d67-84f1-f5354e003333,high,0.297,lost,voice_call,3445.98,2026-06-18T10:36:51.175565+00:00,
6a392285-0fa7-4765-8b6f-6e7a0048f5fd,c98a1004-e338-4ab9-a365-1cddce37e6d5,9af666ba-f44f-4825-9467-c33a17bfc6b5,low,0.688,lost,whatsapp,1519.07,2026-05-25T05:27:51.175565+00:00,
fd081059-f45d-4acc-b48f-939642a273d1,c279ee34-4f77-48af-a414-709c8fbc4baa,25565981-fd4d-48c2-ad6a-223681a16313,high,0.279,lost,voice_call,5180.9,2026-07-21T02:51:51.175565+00:00,
6ccab554-5361-4ad1-9631-9975798ec130,123c6f00-e5d8-4e85-afe7-09607d45c834,d6508387-42e8-454c-bfbc-d814eecea390,medium,0.568,recovered,whatsapp,7146.83,2026-06-04T12:06:51.175565+00:00,2026-06-05T21:06:51.175565+00:00
06dd54b5-f7e0-41c7-b71e-55b4e54ac83f,57b27110-1229-43ca-976e-de9c3da0c76c,c2c08d6d-6b69-4a38-8b18-65d4ffed7765,low,0.71,recovered,whatsapp,8018.41,2026-07-25T11:21:51.175565+00:00,2026-07-26T17:21:51.175565+00:00
9cb8c230-2e23-4058-b848-85bb710a52f2,8e0f3d7d-e38c-49e1-9812-0a12533d51b0,ff06c81c-fd4a-4d9a-ac37-ee6ad2068756,medium,0.35,recovered,sms,6042.92,2026-07-15T16:12:51.175565+00:00,2026-07-16T10:12:51.175565+00:00
c3ffd255-0a88-423b-9be2-46c35e44a4d9,bc82ae55-cdc7-44a3-a91e-c8f368990dae,3f408e12-07aa-4a6f-bbf5-52bfbe836f4c,low,0.708,recovered,email,3054.2,2026-06-04T02:27:51.175565+00:00,2026-06-06T00:27:51.175565+00:00
2a22c7c7-d408-4016-b688-8db5d13a5fa7,b1d85e2f-d2d4-47c6-9c75-1c2f379b519e,6a17517f-3078-44eb-9116-a897ab7e25d9,medium,0.418,recovered,voice_call,10779.9,2026-08-19T08:40:51.175565+00:00,2026-08-21T22:40:51.175565+00:00
de43b436-5811-4e76-8572-7796d3c79b2f,39aaec79-cc86-4f0f-b6d8-2a4fccd21a4f,d505dd9f-cfea-4e83-8e2d-4349ea15b732,low,0.661,lost,sms,965.93,2026-07-02T23:31:51.175565+00:00,
344a23c1-5f50-4f08-ba40-54ff61b4b9d2,c3add510-a368-40c3-98e0-a56013ea23d1,d9a790d7-f1ed-48a5-854a-ee7b04f7b0cb,medium,0.354,recovered,voice_call,13202.09,2026-07-05T10:13:51.175565+00:00,2026-07-06T05:13:51.175565+00:00
d969e90c-29b1-49e3-8ddf-f5bfbc81ba02,697fcf76-2588-4f12-9e06-e2fad9730794,635fcdba-49c5-49fe-bd36-e9d2c4f9c4dc,medium,0.511,recovered,email,499.66,2026-07-27T23:12:51.175565+00:00,2026-07-30T12:12:51.175565+00:00
a20c2b9e-1bd4-4912-ad0a-1e0efb95a9a2,22450258-014f-4c2e-b580-7505c16dff30,5993be6e-4f8d-4ec9-9627-f21f40399978,low,0.719,recovered,sms,3302.95,2026-06-13T12:15:51.175565+00:00,2026-06-16T00:15:51.175565+00:00
6b9d5192-18b8-4bab-afe6-923234605e40,bf9f2ed5-2b74-453e-91b8-dad45001f3ac,c57a64ca-83e7-4c33-bcb1-1f06add09bce,low,0.7,recovered,whatsapp,773.98,2026-06-11T06:04:51.175565+00:00,2026-06-14T00:04:51.175565+00:00
a71b2fe0-323f-4d9b-b201-b2ee5562a9de,943ebf17-9774-4890-9890-0f437d4cf7cb,4c2d64c5-e6dc-40b6-9f43-90657c4c29f5,medium,0.448,lost,whatsapp,10357.12,2026-07-07T14:02:51.175565+00:00,
4e04bdfc-014a-451b-bb76-c5e75cd798f0,84dba3bf-abe1-4061-9a21-6d76cdc1e92f,35737882-ba49-4fd0-94d6-0d04e914580c,low,0.943,recovered,email,2912.23,2026-06-27T02:00:51.175565+00:00,2026-06-28T08:00:51.175565+00:00
f86175b3-756b-45e9-8c16-eaca1b791d5f,28947078-6de2-4232-88ed-080588929293,dda7566a-a4d4-4dee-92ff-a323687f21a8,medium,0.446,recovered,email,4315.81,2026-08-15T09:01:51.175565+00:00,2026-08-16T15:01:51.175565+00:00
9b212e4d-8f8a-4a1d-9152-351face7b73e,3fc3f8d6-c335-4ce6-a831-50b0eabe1267,275aecfe-60f4-4cbb-bd72-acd8d9518d3a,low,0.821,lost,whatsapp,3285.12,2026-07-06T19:25:51.175565+00:00,
40fab1ca-e4eb-48af-8149-78d554215a97,bf6d9990-1430-4795-b3de-cd49206f6dc7,57202274-2c61-4a57-998a-7a54f6ab5097,medium,0.645,recovered,whatsapp,4112.49,2026-08-09T01:55:51.175565+00:00,2026-08-09T19:55:51.175565+00:00
e186a8ea-d230-4082-b4a0-2ab614b21ad4,ccb73f18-ae88-4e7b-8d52-d629103a5143,b1395dad-874c-40d8-9fbb-390fd16f69ac,medium,0.528,recovered,sms,2392.6,2026-08-18T07:22:51.175565+00:00,2026-08-20T21:22:51.175565+00:00
d2a3e73d-5c0d-4d72-afc5-6afe1b139829,8fc3f85e-34c4-400d-b836-54df08d32fbb,0b56a501-e859-41ea-8797-26d42d8311b1,medium,0.622,recovered,email,3004.88,2026-06-28T20:36:51.175565+00:00,2026-06-29T04:36:51.175565+00:00
8e83f700-2f31-4f98-ac92-0881a5ba0957,6f52e345-33c1-4de6-8992-b93f032bdc39,03655244-fdea-4268-a1f4-6549342c33c7,low,0.656,recovered,voice_call,3057.92,2026-06-24T04:40:51.175565+00:00,2026-06-25T22:40:51.175565+00:00
01876d3d-98a6-4975-aee4-c1a192f814b5,9b3579b0-41e1-47eb-8450-03e0e20e7159,dbbcde40-ff4b-45c1-b0a2-4dd9ded51c62,low,0.752,recovered,email,1497.55,2026-06-29T10:13:51.175565+00:00,2026-07-02T03:13:51.175565+00:00
91f1073e-cff8-4545-bea0-75f20b23b70c,96657a37-abca-4b76-b7ab-6f3b92e78cab,8ce0d81b-e120-4a64-a711-8900320f333b,low,0.709,recovered,email,774.95,2026-07-25T15:09:51.175565+00:00,2026-07-28T15:09:51.175565+00:00
a1c0cdfb-e5bf-49f5-b5ad-5c267fa73808,9024cdb0-a467-43f7-a793-5408b1c1e9fa,776ff82d-8329-443d-866e-186866f2e3ea,low,0.943,recovered,email,2345.45,2026-07-18T05:57:51.175565+00:00,2026-07-19T11:57:51.175565+00:00
c6a176c3-345d-4ed4-b53f-ace7958a1129,353086c0-5b0f-4bf9-b0b7-97ceb782eb0d,280c52af-f4a0-4a46-b0f0-3a777c51ed0f,low,0.857,recovered,email,1298.3,2026-07-10T10:40:51.175565+00:00,2026-07-11T07:40:51.175565+00:00
680fd104-c89f-452a-becc-f27e48604fab,88e8474b-fcfa-439d-918e-29a34e21d2dd,6b9cd6af-5d32-4270-9aff-496e54510c67,medium,0.443,lost,voice_call,1769.05,2026-06-06T19:33:51.175565+00:00,
5aa18a59-8d53-4188-9544-ff7dfd933d6a,9036bdda-421e-4fc8-8151-b4a1b58387d7,5267b1f9-f17d-40d9-8142-f8e97fe447a1,medium,0.512,recovered,whatsapp,2889.46,2026-08-16T17:03:51.175565+00:00,2026-08-18T16:03:51.175565+00:00
d01ae3bc-26c8-4d8f-8c1b-82c982978571,c0c7ceac-aaa4-453d-85be-2bd52924816d,f16c3279-19d4-487f-bb4e-bcf75e38a47b,high,0.326,recovered,whatsapp,6573.13,2026-06-18T13:13:51.175565+00:00,2026-06-20T12:13:51.175565+00:00
5c1f363a-39f8-4c11-886b-988fa3b1081a,9f0e41ff-f86c-4a9a-aa0a-e0a46597663c,2d8bbc4b-f93a-4688-92ff-a58bc1a7c3cf,low,0.843,recovered,whatsapp,2409.21,2026-06-02T07:05:51.175565+00:00,2026-06-04T17:05:51.175565+00:00
85652f01-4e9b-4228-b6fb-a7e16e0986f8,103757c1-08fa-42ac-a2bd-e9d18736fbe3,3cd695e5-1f2f-431b-b8fc-22e508298d7e,low,0.791,recovered,email,869.46,2026-06-03T16:22:51.175565+00:00,2026-06-05T12:22:51.175565+00:00
646aa687-e220-4ef6-a11a-badb0b9d02d1,18ba1d82-2c55-443f-8bdb-4d7e5075511f,169343c5-de27-4cdc-85e0-ce61a5725964,high,0.344,lost,whatsapp,1032.68,2026-07-12T15:48:51.175565+00:00,
ab20edb1-a313-4c81-a330-4504af1a04d2,8e225cf5-47fa-4483-b831-8fa7541739cb,e32336b9-9c66-4de7-8406-1bf8d2801d1f,medium,0.501,lost,whatsapp,8420.3,2026-07-03T05:27:51.175565+00:00,
c7838003-f85f-430b-8d7d-6a54c4149eb6,62a128a2-0d5a-4184-99b2-7aa82ff778c1,f931af05-7eeb-46ff-9c94-5499c559407b,medium,0.574,lost,whatsapp,3985.13,2026-08-10T17:43:51.175565+00:00,
9d7fadf8-65d0-4f1a-bd9f-929efb57e4d8,c05f9957-72d0-433f-880f-43b5d1d26b95,25772750-7e8d-4f85-8d3c-41fed66bb85c,low,0.819,recovered,whatsapp,2240.99,2026-07-29T00:21:51.175565+00:00,2026-07-31T23:21:51.175565+00:00
77729023-85c2-4391-8a40-b2b7a7584fa4,00cb688c-9b86-4a1d-866e-5e74e37618c7,8c7e5b6a-af5c-4d29-8cf9-d7cbd510b86a,low,0.681,recovered,email,909.07,2026-07-13T10:19:51.175565+00:00,2026-07-14T00:19:51.175565+00:00
a8629a5d-2843-4687-84e6-4cf6056285a5,68b2838f-e10d-4de8-ac43-3bbdb5086e65,e8bee47e-7682-4f4e-9a11-1a6c43dade00,low,0.682,recovered,sms,1271.49,2026-06-27T19:36:51.175565+00:00,2026-06-28T00:36:51.175565+00:00
2d93b742-61ca-474b-aac5-7b13449b5a21,08b87ad9-0c4c-439f-a857-184923b5145d,3580c50d-8c45-4a7b-aef6-6a73270e2c51,medium,0.554,recovered,email,7106.85,2026-08-11T10:07:51.175565+00:00,2026-08-13T07:07:51.175565+00:00
28adb208-7f04-49e2-a5ef-0782a380530a,d9707261-f778-4ea5-a117-1aa0d6211094,e5049841-c0db-4eb8-98ef-e1324611e207,low,0.719,recovered,email,2373.4,2026-08-18T23:18:51.175565+00:00,2026-08-21T15:18:51.175565+00:00
9658e3a9-cd21-4ff0-963b-50af9d4dc42b,98830728-9b44-4f76-a361-5c8595d6d580,9868cd7a-a99b-47f4-8d10-136db90939ad,low,0.786,lost,voice_call,1411.77,2026-08-06T16:23:51.175565+00:00,
2d621903-31b1-4601-81b4-b08583c3086f,6ce1d4ed-9e86-494c-b75a-c64c122bc624,44578bb4-7649-47e5-8172-66dbefa9a08c,low,0.726,recovered,whatsapp,3795.27,2026-08-18T20:24:51.175565+00:00,2026-08-19T02:24:51.175565+00:00
e1dbd6cb-a244-4024-88b5-9a0816cd581f,4c7aa008-4ad5-4f0e-93de-6383a118b337,c2384a1d-7625-45c7-ad57-134d98314558,medium,0.512,lost,email,1895.91,2026-07-21T08:47:51.175565+00:00,
c5bd0004-5e16-4cac-bfd5-7da5c80ebf85,f60377d9-f69d-4f01-b538-ed07424ff52c,3c3c8e79-f6ab-485b-aa44-224e50de564d,medium,0.453,lost,email,932.77,2026-06-05T18:06:51.175565+00:00,
e4230656-7ee6-4018-b7a2-3a820322547e,4e506f93-8454-4c43-bf69-8d2cb336001b,b0d915f8-c179-4cdf-9798-45f5cc1fd6d7,low,0.751,recovered,sms,1645.14,2026-07-29T02:09:51.175565+00:00,2026-07-31T11:09:51.175565+00:00
465e96bb-130c-43c5-bffc-dc04c73b5f25,e9638095-6e73-4c8e-b1b7-f0b5d39b5597,641267cc-66df-4d40-8939-e6fdd97f78b1,low,0.696,recovered,email,3939.77,2026-06-25T15:40:51.175565+00:00,2026-06-27T10:40:51.175565+00:00
bdfe79e4-0135-4ae4-9bbc-b40cd85dc806,48ea34b9-b5cb-4692-b358-638d9c83c19a,48af623a-1592-4f5c-886a-aab2ac567205,low,0.666,recovered,sms,4335.11,2026-08-08T07:06:51.175565+00:00,2026-08-11T03:06:51.175565+00:00
59e8a696-dbf3-473b-8c44-9024828b6d8f,0f9c01f4-6199-4b51-9e7d-70f1b7349b49,25bfdefc-a91f-4a2e-968e-e50b0a1a13ba,medium,0.64,recovered,sms,1273.97,2026-05-31T09:24:51.175565+00:00,2026-06-03T01:24:51.175565+00:00
9e259583-2aac-4837-a134-d1dc513492cf,1af5fee4-472c-42ac-b4df-897f923803b7,fed70780-d519-4288-980c-f19c97531145,low,0.896,recovered,sms,1160.05,2026-07-08T14:01:51.175565+00:00,2026-07-11T10:01:51.175565+00:00
12426415-312a-4bb0-b660-d5958a3ae07d,1c6726b8-ee9e-40d2-9542-374d3c7a7449,37bee6aa-edcd-4805-9801-c45bcfe22c23,low,0.704,recovered,sms,732.95,2026-06-18T01:03:51.175565+00:00,2026-06-19T01:03:51.175565+00:00
6045de12-c99c-4442-a6a4-70f8f12c2222,8e9d9e4d-ea3a-4bc4-85b2-f3997a1e1f83,7caf70d5-ef62-4e3c-9e99-7027b315aa69,medium,0.377,lost,whatsapp,3676.45,2026-08-17T10:44:51.175565+00:00,
eaa0ac42-5fa2-4587-a1f5-8a56b99f316e,44ee1b21-43eb-4a49-8cf0-b32e0b7b7e02,a780a0df-8fe1-46f5-b3a5-7379fb5b73e7,low,0.96,recovered,voice_call,905.16,2026-06-02T00:29:51.175565+00:00,2026-06-04T22:29:51.175565+00:00
e3ae4693-ccf6-4918-bb7f-41b02b02684e,09037766-1af0-4f68-984e-b790c34c7978,522fcc6e-9250-4c3c-8b6e-4d042cbe9ece,medium,0.573,lost,sms,3495.96,2026-06-04T15:38:51.175565+00:00,
b659e429-196c-4fc5-8062-ad4d0cfdfe4c,5fc9ea7a-c68a-41f1-b221-4161437fb504,ebfd89b5-7174-418a-8c69-9fba491b0f05,low,0.793,recovered,email,1601.63,2026-07-06T20:54:51.175565+00:00,2026-07-08T03:54:51.175565+00:00
226175f7-2da6-48b3-bd3e-216915bdd7ce,e1f3e379-36e2-45f5-9fd7-ff678c733c3b,db73c05b-dc64-41af-9dfa-9f65d2ba1f24,low,0.88,recovered,whatsapp,4169.89,2026-06-21T03:42:51.175565+00:00,2026-06-23T13:42:51.175565+00:00
f3579b20-c21b-4f8f-9bcc-fea0a919a995,0c18b0be-288e-480a-80f8-33fe7b83efd3,f63c6a65-5590-41bc-a8bc-3d32f3e36246,medium,0.531,lost,sms,5227.41,2026-05-30T09:06:51.175565+00:00,
c5f4fc58-d284-49cb-83d9-1b91b9d72110,f68c791f-1f27-4a28-b3de-558f6106ffb0,6d3242fb-8532-45e7-b48e-ce3d5ffd7aa5,medium,0.428,lost,whatsapp,1314.83,2026-08-16T05:34:51.175565+00:00,
a507f62b-f9a2-45f0-ba19-041a2b3088ae,e8c49f86-5133-4d8d-900e-234054fc7c3f,0ce7f3f1-273c-49c7-be6f-069b6893b9a5,medium,0.632,recovered,whatsapp,1072.07,2026-07-19T02:31:51.175565+00:00,2026-07-22T01:31:51.175565+00:00
66e04af0-ce25-4ea7-8750-21038c38ec3d,b48a882f-bf76-4d03-a5e9-40955450650d,6b35322a-364f-408e-b99e-28892952f4e3,medium,0.364,lost,whatsapp,841.03,2026-06-14T16:24:51.175565+00:00,
54411fcf-11c3-47bb-92bc-a7ad72f70c7f,cae47101-0abb-46ab-a964-4a596ab0dffa,86b9e2a7-c3fb-4da0-af7c-b714f9dc972c,low,0.727,recovered,whatsapp,1616.38,2026-05-30T00:43:51.175565+00:00,2026-05-31T23:43:51.175565+00:00
cbd644f6-9c5f-4d31-96b3-7bb1e13199e0,22e29894-84a0-4e2b-ac83-dd45f0898b95,8b52b9ab-8595-45fb-8067-1a30646ed450,medium,0.58,lost,email,6178.66,2026-07-30T15:37:51.175565+00:00,
09a8e1cf-1081-4a0b-aebe-96d79e7928a4,d0cbedb8-520f-4664-9167-01519e54e6e2,7f280007-8a27-4d01-84ad-e47ffcf881b1,medium,0.515,lost,sms,6408.43,2026-07-23T12:17:51.175565+00:00,
0a748d54-be9c-4b0a-8aed-d0f2650282c5,e1d1b78b-417b-4f83-a8ec-078a1c91b9e4,9c4ffe5d-e017-40a5-96f7-b42923ac9f4a,low,0.751,lost,whatsapp,3195.78,2026-06-22T07:09:51.175565+00:00,
bd5c56ca-ad36-4b38-aadf-0720bf6f88af,b195de6e-b4de-49a6-bee7-8b0067abba1e,8f3d9f26-fca5-4250-af74-6ed387e3281b,medium,0.41,recovered,email,2385.48,2026-06-16T02:33:51.175565+00:00,2026-06-16T08:33:51.175565+00:00
72d66c6e-b709-4f98-aa09-4bf41300a6a3,c4e4c447-edca-486e-9aba-235a416d2430,d9adf902-d810-4c48-8581-28ec69986a65,low,0.96,recovered,whatsapp,499.0,2026-08-01T06:33:51.175565+00:00,2026-08-02T21:33:51.175565+00:00
e46a133f-1417-4356-853d-da1d857a7a18,5efc3220-f7b6-4ae9-8eb2-d8c484657704,4b992986-e0b7-4a4c-8a82-d3caa2036b42,medium,0.521,recovered,sms,1954.32,2026-07-23T13:19:51.175565+00:00,2026-07-25T09:19:51.175565+00:00
acc8c4c9-6fad-4cb4-bdc3-6ae362f51acc,3585fab6-a71e-4d5e-81d5-f45b9d780d2a,d6e07f8a-9674-4bb6-abc1-e1be19d58bf5,medium,0.583,contacted,email,2389.22,2026-08-20T02:43:51.175565+00:00,
08fe9e79-0535-4aa1-b3d1-06dd68c0499e,f5854925-128b-4ab1-a9c1-ce35dec64f59,96cc8a10-6669-43d5-9541-8dc01a9192ed,low,0.841,recovered,sms,4955.61,2026-06-16T11:10:51.175565+00:00,2026-06-19T02:10:51.175565+00:00
d694c15e-37e3-4981-aab7-ab3fa7bfad99,c5de198e-a858-40f3-bdb7-ec097dbe4030,a90170d4-b78b-4e46-ab23-456ffbb4310c,low,0.77,recovered,sms,1482.5,2026-08-13T02:21:51.175565+00:00,2026-08-14T22:21:51.175565+00:00
c6450b6c-93ef-468a-86df-9ff29a1b2903,06039ba6-0c28-4868-ae63-976578064e9c,60717474-28d6-4712-b616-368f9e50e213,medium,0.618,recovered,whatsapp,1676.37,2026-07-04T23:12:51.175565+00:00,2026-07-06T12:12:51.175565+00:00
31151213-6616-4c14-b483-afa52d1f7eaf,d2e70d5c-720d-4a22-9dfe-31efc51b3876,ba7a876f-dc55-4ec9-bded-5ffcf98f101e,medium,0.463,recovered,sms,607.02,2026-05-31T17:59:51.175565+00:00,2026-06-03T07:59:51.175565+00:00
fa969783-c289-4cbb-88db-1bfc3b1c3d21,4bae17a5-b7d5-4656-8559-452e87f7ec87,dafd22c0-5ed6-4f13-85f1-1ccccd17d744,low,0.848,recovered,whatsapp,1062.45,2026-07-11T19:21:51.175565+00:00,2026-07-14T06:21:51.175565+00:00
e648ba7b-e1e4-49a0-ad11-58a3bf030084,6cbcff97-c795-4820-9299-353ca2eaa567,2cc0c1c8-7191-4ec2-ae38-01ae65ea867d,medium,0.598,recovered,email,5380.96,2026-06-15T16:38:51.175565+00:00,2026-06-16T13:38:51.175565+00:00
30001b5f-deac-4f66-a012-e43d090815ea,00508caa-5e7d-4d33-83dd-264d675cd36b,1592a5cf-b8cc-41dd-9f10-bac9deb7b63f,low,0.779,recovered,email,2270.23,2026-07-02T16:50:51.175565+00:00,2026-07-03T08:50:51.175565+00:00
5a403080-200a-4b55-b20a-1644d0333cc2,6604c806-0e6f-413d-99f5-d6ce57cba785,ad76960c-08db-4a10-9a09-ef009eb3d0fb,low,0.699,recovered,whatsapp,3396.31,2026-08-10T11:27:51.175565+00:00,2026-08-11T14:27:51.175565+00:00
23196c03-f626-4645-830e-668e2cb3ff7c,98d04db7-dcbf-4a25-a5e9-7efd96e411ca,de9eed37-0f39-4acc-8249-340ea3245b41,medium,0.639,recovered,email,3713.93,2026-08-05T12:38:51.175565+00:00,2026-08-06T17:38:51.175565+00:00
858e9411-c7b8-4c5a-92a6-6201329724d4,eb2a6cda-f07d-4b37-a3eb-1a81180b4f85,57613a1d-7bab-432d-990f-6173d8964ef0,low,0.693,recovered,whatsapp,7113.77,2026-06-07T03:37:51.175565+00:00,2026-06-08T08:37:51.175565+00:00
200f21e5-47c1-428d-95e9-4a181e7088b5,eb0dbfa1-81f3-4de0-bf29-da0f068f9e6b,1dd468dc-efc9-4fb2-9d32-7cb70b081409,medium,0.584,recovered,email,2243.4,2026-08-09T10:45:51.175565+00:00,2026-08-10T22:45:51.175565+00:00
20103c4f-61ef-4218-817b-9dd193840f0b,581a81f6-d73c-4c4d-8357-774e8f0c0334,417a02a3-bb77-49ce-9c85-6efbcad16976,medium,0.617,lost,email,7465.35,2026-08-08T11:46:51.175565+00:00,
31b9e81d-f988-4115-ab0d-113b0d034202,cb80c776-e86a-46c4-bfd1-b5478c705577,5bcdabd2-2f50-49c2-bde1-564274c685e5,low,0.884,recovered,email,2502.79,2026-06-17T19:14:51.175565+00:00,2026-06-20T00:14:51.175565+00:00
f35087ea-7dfe-4c83-b202-d46b994e30c2,c00990c0-5fff-4bfe-8144-a38e3d382aa3,9ee75148-8fb2-470d-9137-68d99cae9a99,medium,0.45,recovered,voice_call,1976.55,2026-08-16T23:37:51.175565+00:00,2026-08-19T14:37:51.175565+00:00
4f995353-e204-47ee-8af2-0895f2a13ac0,85e5ca12-f7ad-4ae1-828e-8cf98b1bbe57,2358bff2-a10f-4bc3-964a-7edd8853753e,low,0.665,recovered,sms,3631.08,2026-05-28T23:43:51.175565+00:00,2026-05-31T11:43:51.175565+00:00
c9b67786-d4b5-44e8-9e08-abdfaad929e7,82c1ba09-2065-42ca-86b0-52dc0b39a52a,bd19fc94-4305-4632-bd87-018130ffcaf1,medium,0.642,recovered,email,941.3,2026-08-12T11:10:51.175565+00:00,2026-08-14T04:10:51.175565+00:00
cd5c3ef1-8730-431b-9863-0f319a5903cc,02a22a75-58ae-4e7e-934a-b740081ba04c,6f25b5a3-a2cf-409b-9109-72a7bde4319b,medium,0.517,recovered,email,2228.37,2026-06-11T10:53:51.175565+00:00,2026-06-13T07:53:51.175565+00:00
284df61a-6167-4dcf-a5f6-bdbcee40e468,fe839e4a-a6de-4ae8-9a82-5df4fba590b1,18d61f86-732b-4111-a88a-c6679ceca684,medium,0.62,recovered,email,1720.16,2026-07-27T04:56:51.175565+00:00,2026-07-28T04:56:51.175565+00:00
48123fd1-1f6e-483b-b13d-14e061fd23b1,cc8bd6a1-f8ed-41d0-aab1-00ca36f0469e,55d32ba3-d208-4c8f-81a3-ba196c519920,low,0.802,recovered,whatsapp,641.34,2026-07-16T03:15:51.175565+00:00,2026-07-18T07:15:51.175565+00:00
37e50532-0ec0-4be5-933e-d2e41b509a80,c3ad3c50-4663-4501-8b63-31b7ba011b55,e22cd01d-2380-412e-8602-f606272abaf5,low,0.687,lost,email,5106.94,2026-05-30T09:20:51.175565+00:00,
4d275428-4b36-461b-92aa-9c6aa5130d63,569ac9be-61a9-4b6f-bbee-17c3bb6057a5,32db53d9-c1e9-4db6-a506-5926f87208a4,low,0.781,recovered,sms,1686.49,2026-05-28T11:24:51.175565+00:00,2026-05-31T02:24:51.175565+00:00
c18c5324-f7c8-4dbf-bf8c-ce2119eacdc7,2250ee82-ebbf-4721-911f-66e4af424c0a,201e2906-7bc3-4e70-a006-d7080acc4674,medium,0.638,recovered,sms,7431.85,2026-06-03T07:28:51.175565+00:00,2026-06-05T12:28:51.175565+00:00
609e2559-ef39-4c13-b8ee-19169cd3aab8,db416266-d548-4dfd-aa6d-9a884690ae4b,3f978fcf-eae0-4e72-8b29-6161605f7012,medium,0.465,lost,email,1262.35,2026-06-21T21:21:51.175565+00:00,
8a1c449d-b77d-4b8e-807d-3721de454053,3ee9b816-c3e0-418a-979e-eff06ad3a646,a96d863b-8040-47f2-a075-ae1f6d3cf803,medium,0.377,lost,email,6860.44,2026-08-03T09:22:51.175565+00:00,
918d973b-e033-46ae-bc6a-587f8bf0e74d,73dea4b6-b951-4a2c-84bb-1ee7a2cacf97,0e934fd5-ce23-4a50-bf5e-2eca2361dae4,low,0.871,recovered,sms,499.0,2026-05-31T12:08:51.175565+00:00,2026-06-01T16:08:51.175565+00:00
dddee118-5533-4a79-ae84-49b6e9fbce60,e8b303f0-4b13-484c-a4ea-af755798250e,1ffdc1b4-b05b-433a-a84b-ea07cb1409c1,low,0.891,recovered,sms,1798.88,2026-08-11T17:08:51.175565+00:00,2026-08-12T13:08:51.175565+00:00
f7f22c7b-b32b-481d-83d0-6a32c48726dc,2d96ec97-2a41-41f7-acf9-8626f5fe63b8,3b469b4f-0c7e-4eb7-91a1-3e46dce0757f,low,0.87,recovered,email,5703.55,2026-07-20T20:26:51.175565+00:00,2026-07-23T12:26:51.175565+00:00
f88c8545-fd99-4bdc-93f0-adc88ccb60f6,d393eac8-47e5-4182-9471-959cd3b52ee2,70a75ace-928d-40c1-b113-6842457177b3,high,0.335,recovered,whatsapp,5993.25,2026-07-08T10:09:51.175565+00:00,2026-07-10T06:09:51.175565+00:00
8045e642-faee-4511-b5be-05316c592d57,910480ad-b3cf-44ad-a628-cc18843d8a59,bf812659-92da-43d1-a525-7e096571e685,low,0.652,recovered,email,3166.76,2026-06-12T12:46:51.175565+00:00,2026-06-15T01:46:51.175565+00:00
631940b5-28b5-45e1-b88f-3bdb785bc56c,dda46993-6a99-48a9-8e2d-a34d162171f1,b363fcfd-be09-476d-ba0a-3055cfeff579,medium,0.545,lost,email,2782.51,2026-07-18T15:27:51.175565+00:00,
1661bee8-735c-41e8-b94c-a3bb75aefae9,f8a0e69c-69de-4def-9b56-91092c572b11,2060b9ce-87b5-4747-88f6-d5b1449d6f5d,low,0.713,recovered,email,1815.55,2026-06-11T19:24:51.175565+00:00,2026-06-12T02:24:51.175565+00:00
22731896-d6cf-4d2e-a3d1-2e1e5831b111,f6e33270-1276-4cbb-9c86-20eb003cede6,fb81043a-1786-425f-8a22-2f08782b6236,medium,0.562,lost,whatsapp,3637.98,2026-06-11T01:00:51.175565+00:00,
231216d1-f945-42e1-8873-773fb24a3f6e,05f8f337-dc31-4bd5-8118-633912d5234c,f50746c4-0107-411b-873b-6e910e0c9875,low,0.724,recovered,email,1033.17,2026-07-21T05:08:51.175565+00:00,2026-07-22T17:08:51.175565+00:00
0dc4c9dd-dcb7-4c49-a43d-fd94b80c1d52,03b0d3c9-ca7a-4f06-9903-869de5f6b6fe,10bd53a2-db3a-4f31-949f-8c89312b9d38,low,0.694,recovered,whatsapp,1403.94,2026-06-22T07:03:51.175565+00:00,2026-06-24T05:03:51.175565+00:00
58e27e22-eafd-4a0a-b1ea-8a01f623c557,58be8031-056c-4cae-9af1-2f8f32956462,2c790b4e-6c3b-4680-a9e0-97cdd47d3ef0,low,0.848,recovered,email,1590.94,2026-07-27T15:59:51.175565+00:00,2026-07-27T20:59:51.175565+00:00
2bac1b1c-b344-481b-9edd-29c1385ffaa5,ac2443d9-290b-4e5d-8cc7-65b686aa2c1d,bb276d9d-9185-4e95-bfff-273cf9525184,low,0.72,recovered,whatsapp,922.17,2026-08-16T04:30:51.175565+00:00,2026-08-17T17:30:51.175565+00:00
933a469c-e69a-443f-b0e8-d4961e9ca286,d4392b76-58e0-48a0-8b5b-b2c50524f14c,54af12ee-78a2-4ce4-87b1-1b12572aef88,low,0.898,recovered,sms,6406.73,2026-07-12T05:56:51.175565+00:00,2026-07-14T15:56:51.175565+00:00
c2f3da6a-9cbc-417c-bb5c-f7539c76e9f9,bf58174a-82f5-4ec7-8b89-0f27d1b58913,c4ec4259-25d8-4e9b-8d76-89f0c768deeb,medium,0.495,lost,sms,5533.19,2026-06-28T20:52:51.175565+00:00,
00198389-9eca-4b15-818d-25428af33142,409dd81b-8d74-46b0-b88e-f59ee2d3c551,6513160f-1f3a-49d6-bb4b-023af37b74b3,low,0.82,recovered,email,3650.56,2026-07-23T17:15:51.175565+00:00,2026-07-26T15:15:51.175565+00:00
69716b48-a726-46f5-8b57-3bf4f69eb4ae,4199c767-7e48-45a6-aaa9-0e34f8c07646,d5dae041-c1f0-431f-b05e-2c352284e288,high,0.218,lost,whatsapp,3492.41,2026-07-09T11:16:51.175565+00:00,
8485bf82-9d97-46ef-b567-feb0c9587064,ed72ee8c-510c-47d7-b8a3-e8d233716003,d8ec783e-409f-4d60-b4cf-a6667d66bf95,low,0.766,recovered,sms,2481.61,2026-06-08T01:14:51.175565+00:00,2026-06-10T14:14:51.175565+00:00
1d6fac56-1c4b-4cf7-b17a-4788c9c06228,bb230123-fa3f-49ac-a698-16f5054c1e58,f438653f-1e9a-47e5-bbcb-76fbd4415614,medium,0.585,recovered,email,533.93,2026-06-08T01:50:51.175565+00:00,2026-06-11T00:50:51.175565+00:00
e8682550-d12e-4f07-8db6-dda48eee7d8a,ccb833b3-03f1-4e55-9f85-ce3dc139f2ed,978e83d8-311a-4888-9da7-6d8b732892d0,medium,0.477,recovered,email,868.58,2026-07-11T01:53:51.175565+00:00,2026-07-13T11:53:51.175565+00:00
b32abc7f-eda1-4e0d-9ed5-07c7f8d93034,752b4773-5795-4e82-bbda-2040ca6c0f54,d3fe426a-8f2d-4c08-8c34-241fde3646e9,medium,0.38,recovered,whatsapp,501.76,2026-06-14T12:52:51.175565+00:00,2026-06-17T07:52:51.175565+00:00
20c5a489-742f-4dbb-9b00-64f866fb265d,ca123be8-3a84-445c-a618-8ba6a68af11b,5e39f4e8-e142-43d3-9e4f-d86b0e43e41f,low,0.9,recovered,email,1955.7,2026-07-19T17:22:51.175565+00:00,2026-07-21T01:22:51.175565+00:00
b1400e07-3233-47e2-b3b8-6645ec843ca5,6e3e3022-3d5d-41a2-9361-3cc7bbc70a76,f2b33887-dbe2-4074-b072-f95db7ce8c87,medium,0.482,recovered,email,881.71,2026-05-26T15:05:51.175565+00:00,2026-05-29T05:05:51.175565+00:00
ac1afe21-778e-444d-9aec-9d9cbddddf09,a98cb6ed-52f3-442d-9ade-9f1bb3c3f990,910fa51c-ed16-4758-817f-78b231aaa3c1,low,0.92,recovered,email,2549.51,2026-07-22T21:31:51.175565+00:00,2026-07-24T18:31:51.175565+00:00
d73e5d58-96ea-4295-a99c-5a12bd592509,3a964d31-8960-4bb9-bc92-91282b1c8def,dd173715-172d-4c33-ba1d-90f895a480fd,medium,0.564,lost,email,5224.44,2026-06-15T07:20:51.175565+00:00,
475d6474-d8f0-47b1-9d3e-a440d576f3a6,b9beb089-bd83-4972-8140-ed8594bef008,0c1503f9-70b5-493a-a9cf-a268bd95f65b,medium,0.501,lost,whatsapp,3194.73,2026-08-07T05:54:51.175565+00:00,
1aa4219d-78b1-41d9-91f3-a739d3bc9041,12580791-e2ac-4f8b-89b3-f6d678755690,06734156-93d6-416c-9594-34436eb43f51,medium,0.35,recovered,email,4588.41,2026-06-19T11:11:51.175565+00:00,2026-06-21T18:11:51.175565+00:00
d9e34884-ec82-4f7e-acad-489cfbff17be,83afee24-f820-4b30-8de0-bc7288ff699b,4ca5446f-c038-4467-9fbc-6ea751de3fc9,low,0.659,recovered,email,6985.17,2026-07-25T14:52:51.175565+00:00,2026-07-28T07:52:51.175565+00:00
81384e90-f282-4447-bf79-0ed44882c9d4,07391ec6-7492-4356-bb1d-8865ebf5bd72,762855f1-0239-43cb-a9ba-894f24b2ba6d,medium,0.405,recovered,sms,755.56,2026-07-13T18:54:51.175565+00:00,2026-07-15T23:54:51.175565+00:00
f55515e2-603d-46ec-925a-c0b97c2cc4c1,1e98c5bf-eb8f-48b1-87ac-b35de0ee1bf0,9569477c-7fb2-4ef7-8dec-fc90d92a1ca0,low,0.786,lost,whatsapp,1861.52,2026-07-12T03:32:51.175565+00:00,
e32fb4b1-e0be-48dc-918d-4796d32eab5c,f0d6cb9a-0c7b-46bf-88bd-c9634902316e,f7af5a60-c074-4129-b6b4-51f35d12a19b,medium,0.572,recovered,email,1386.75,2026-07-30T03:55:51.175565+00:00,2026-08-01T16:55:51.175565+00:00
8b7bae6e-c57c-4e48-923c-9fc5071c00ec,fba5c1cb-eda2-48d1-bd7d-b48664aa1609,8a5d4861-3da9-420f-8f50-f5fc10ea281e,medium,0.467,lost,email,3374.33,2026-07-13T17:25:51.175565+00:00,
1dbd6cf1-4324-4a4c-b878-1762b9b051d4,14483e69-aaa0-4025-a58a-be66f3fe54a7,44686f0c-036d-42d0-9b8e-7835db096f63,medium,0.518,recovered,sms,2150.83,2026-08-07T03:45:51.175565+00:00,2026-08-09T08:45:51.175565+00:00
cdfea243-ec73-4a1c-bd45-2d18d2f6c08e,f890384c-14b5-4e1d-88d9-b0f684d2bd7c,503bb662-7ea8-4c85-b04c-ebd762633e32,low,0.722,recovered,email,2147.73,2026-05-31T22:18:51.175565+00:00,2026-06-03T07:18:51.175565+00:00
59c23ac0-518b-455b-bd34-4d41c622b708,995376bd-4697-4b87-9f31-c4c7df186dd9,070f5f90-5830-4a25-95d9-fd1c467e8823,medium,0.391,recovered,email,4088.88,2026-06-15T00:44:51.175565+00:00,2026-06-16T18:44:51.175565+00:00
3e67ff8c-a338-4db4-9f28-66d70112f252,a6b36e6f-ab01-4c1e-bbd6-2e1cb41da921,d9372d1c-3d59-46d5-9a38-b98f5fcc73bf,low,0.773,recovered,voice_call,3948.63,2026-07-06T09:34:51.175565+00:00,2026-07-07T17:34:51.175565+00:00
9bc7b875-c9aa-4f3d-a510-10ba704dda5d,f9103fd5-7e6f-4aa4-a746-dd71807aeae0,83680c66-7271-49b6-8ec5-313c691c7d33,low,0.659,lost,voice_call,1361.0,2026-05-28T09:41:51.175565+00:00,
587ec5a8-4dcc-475a-8700-99c8f9851ffa,8a17bab3-172b-4a4f-878f-087ffcb4696a,71f1b7eb-4597-47f8-a097-3b5009a69f63,medium,0.42,lost,whatsapp,2742.33,2026-08-07T11:24:51.175565+00:00,
0b1ac425-4905-4c27-a14c-dd25062d4ed4,d8958cd1-3a6c-4cb3-b1ae-08522ba9b348,37f1a778-9a18-42cd-a49f-b404384befe6,low,0.786,recovered,sms,2882.57,2026-07-02T09:21:51.175565+00:00,2026-07-03T02:21:51.175565+00:00
8434190f-9177-435e-b062-8415888bdf79,6e4eba7f-e0b7-45ba-984d-efc891f20b6f,bceed12e-61d4-44c1-b2e8-f11856bc9f2d,medium,0.542,recovered,whatsapp,3849.95,2026-07-03T23:04:51.175565+00:00,2026-07-06T10:04:51.175565+00:00
62b08745-6f3c-4f45-bf7f-f23f1ce47552,1e99319c-13f5-4326-92b3-a28a862fd6b7,b8628412-3503-4292-b2cc-a11034033c94,medium,0.641,recovered,whatsapp,1585.71,2026-08-11T12:50:51.175565+00:00,2026-08-12T21:50:51.175565+00:00
0f476b4a-e431-4243-b287-3c80aa1da53c,34a0014f-2511-40fe-abe6-feda73de9204,acbd8734-f153-46a3-8bc9-bd7b7418c652,low,0.657,recovered,email,499.0,2026-08-07T05:01:51.175565+00:00,2026-08-09T23:01:51.175565+00:00
216e7586-96e6-481b-8378-322d1706864f,c5f6136e-89ac-4bfe-ac59-0c5ffb550c5a,460d7d87-7800-48f3-91b5-abf00f8595ea,medium,0.551,recovered,email,1848.99,2026-07-24T12:25:51.175565+00:00,2026-07-26T01:25:51.175565+00:00
8691a382-1328-447a-9ad5-a3127dfd3e99,66512a51-b438-40f0-b8ee-6a196a8386f2,1586734c-aaff-4ae5-a1c1-f42557082508,low,0.658,recovered,email,2051.35,2026-08-13T03:56:51.175565+00:00,2026-08-15T18:56:51.175565+00:00
292d90ea-1923-4998-9769-2cec439e74f6,16c96522-3433-4399-b930-b95c4888979e,721476a3-fc92-4c5d-8314-0a2ab5577846,high,0.32,lost,whatsapp,12817.49,2026-08-04T22:20:51.175565+00:00,
82d1d6f9-bcc2-420c-b8ef-3686d97dd944,e169ac25-5c2c-4b85-8e4e-81c78410b10e,616f6596-39be-4613-a4cd-4df0878783fd,medium,0.63,recovered,sms,1564.97,2026-06-28T14:18:51.175565+00:00,2026-06-28T18:18:51.175565+00:00
89e64a92-20fe-4169-a7f9-f769ac9d44a7,12baeab8-5941-41e0-9cdd-9ad278b65c2d,d9fa5aea-d1ba-4fb7-bc02-62bec1abffbc,medium,0.404,recovered,voice_call,12416.98,2026-06-12T07:58:51.175565+00:00,2026-06-13T21:58:51.175565+00:00
8d3b2b5d-6238-4f03-9c31-5c7fa4de2484,0e84175a-f1fa-4100-9a3b-9aab22f556d9,5e1ad58d-22ec-4fa4-b1c7-49fac79a414d,low,0.687,lost,whatsapp,696.77,2026-07-16T10:32:51.175565+00:00,
7052bd92-ac30-41d6-b22f-fd954a0aaa6a,7e503472-000c-4174-b8b2-3eb2c5065632,6b9efc6c-c4ed-4f2f-9962-e6ba13cc1473,medium,0.466,lost,sms,5205.38,2026-07-08T23:46:51.175565+00:00,
3c921ef8-eebc-4899-8f93-36da1579cc49,0f1e9449-f24a-4e1b-86f7-ec431b3accc0,410fa238-839a-49c0-9e22-b884aafeb561,low,0.829,recovered,whatsapp,2142.26,2026-08-10T20:09:51.175565+00:00,2026-08-12T18:09:51.175565+00:00
eeab32d0-7da3-41a4-84f9-639506caa98e,cf1fe167-89ee-4a6b-91db-d5b656f3e810,e2984e7c-6bf2-4ed9-b12d-e311a6829e82,low,0.685,lost,email,499.0,2026-06-15T08:00:51.175565+00:00,
e77bd38c-82ff-4f0b-854b-2a9f40cb3843,9eec637d-039c-400a-8c49-015ad3356ed8,94f0f4ba-8a2b-402a-9829-d2ab0b60fd2e,medium,0.634,contacted,whatsapp,4195.89,2026-08-20T15:08:51.175565+00:00,
bd5076ab-ce9c-4b06-9485-8d64330e58f4,88b61c29-49d3-47b3-89cf-37a3d54b73f0,a6087438-3788-46d5-8cac-91c330b8bb66,low,0.774,recovered,sms,1525.95,2026-07-13T17:39:51.175565+00:00,2026-07-15T19:39:51.175565+00:00
7f17aac6-643a-4c36-876a-f955490ef94d,87ddc5a8-4e5c-448b-8408-b06e8e61a578,5dbe9115-9c47-4fdf-aff3-fcbc1702bb7b,low,0.736,lost,email,678.13,2026-07-10T04:02:51.175565+00:00,
392f80a7-eb04-4f74-968b-dbda0548a532,6468a27c-e484-4b39-8e53-b316e70fbb80,00189b1e-ae8f-4053-958b-ca75f5ec21a0,medium,0.549,recovered,sms,1853.07,2026-06-26T21:00:51.175565+00:00,2026-06-29T05:00:51.175565+00:00
1ca37ed6-ffa3-433b-a017-b2046ba73e37,fc737712-1d9f-4572-80e3-88b7a9715a8e,73ca7bc6-a0c9-4b3e-a070-92eafa35efd3,low,0.764,recovered,email,614.2,2026-06-20T20:33:51.175565+00:00,2026-06-23T20:33:51.175565+00:00
bb3539fc-10d3-4827-a0da-71b3d016f087,33d73d05-f259-4590-ad59-f7f55ad7b988,9452bb16-263a-4888-a14d-40dea347fcd2,medium,0.413,recovered,whatsapp,13493.2,2026-06-15T17:22:51.175565+00:00,2026-06-16T06:22:51.175565+00:00
20ffbab3-52d5-4bb9-b3d6-0a2f596f9e3d,d3a68816-1680-4924-84aa-91a7f0485f6f,b47d9f23-fc4f-4ace-b60b-b432c853dbc0,low,0.782,lost,whatsapp,2097.93,2026-08-14T23:16:51.175565+00:00,
0824af98-ded8-41a2-99cb-9da5a1a5b719,1f49eecc-960e-46cc-9ff4-8fee0e44543e,33bf7b0c-0e50-46b9-b5cc-dfd12c4d2af4,low,0.96,recovered,whatsapp,1321.18,2026-07-07T19:15:51.175565+00:00,2026-07-09T07:15:51.175565+00:00
c977c65b-6087-42f9-912e-483351e32a43,a171da15-2815-49ae-bfd8-675c83544dc0,93971e93-566a-48b9-95ad-5fd39009125b,medium,0.465,lost,whatsapp,2706.27,2026-07-28T18:59:51.175565+00:00,
a5995973-a23c-4872-8425-7feacfc8e4f9,260da250-7587-4e75-8716-973bb17f1dc1,5693fcb8-f929-414b-aa4d-3801ce3b7d6a,low,0.861,recovered,email,6174.85,2026-07-24T16:27:51.175565+00:00,2026-07-27T09:27:51.175565+00:00
4d5c2d90-167e-4ee7-8066-565838707fbf,beaddd4b-3e94-463d-aa81-b29759204289,3844e022-3d2a-44f3-96c6-d6c7b7977f4a,medium,0.391,lost,email,2543.91,2026-06-01T13:38:51.175565+00:00,
c125097e-eb1f-407a-b313-b0eb031ab8e7,596f14d5-f35d-4e3e-8c22-0aaa5b817bdc,220de872-6eed-45ed-8189-b3d790e550a7,medium,0.634,recovered,email,3761.69,2026-08-14T15:07:51.175565+00:00,2026-08-14T20:07:51.175565+00:00
8c7b1999-acc5-4d17-800c-d0e87de3d2be,42da2335-e9ba-4780-bc4e-8a62b90d9150,b591eb9e-fe06-4b00-a9b6-032025ad3eae,medium,0.538,recovered,whatsapp,5045.65,2026-06-14T06:02:51.175565+00:00,2026-06-17T02:02:51.175565+00:00
89d45ba7-ca3a-40c7-a107-eeb21b035e01,0c5328d2-3f1c-476c-89a6-6f2142119410,cff54e98-b39e-4c94-bdcf-e0bd4a401ccf,medium,0.576,lost,sms,2202.94,2026-08-17T00:58:51.175565+00:00,
b093d109-4f54-464e-a6fe-b0e3d5473b96,b2178b62-a46d-475d-837a-8392a02ee92c,93c02989-34cc-485b-b42a-10ef411f80cb,low,0.695,lost,email,1050.07,2026-08-18T15:39:51.175565+00:00,
d4037baa-774a-4874-ab5b-1217af8b8da7,9b529b50-1289-47f7-920a-3dc9ff5740f9,7001fca7-0eb1-45b8-99b8-e15a75a03264,low,0.694,recovered,email,2112.35,2026-07-26T21:07:51.175565+00:00,2026-07-29T21:07:51.175565+00:00
328573a3-59a3-4f4e-b101-76398ee0a3f0,bf66678e-fe8d-4d94-ba37-82ace3cc092f,5be8aefb-59c6-4d2f-9c81-18f8cb5ab945,medium,0.613,recovered,whatsapp,3754.85,2026-07-15T00:19:51.175565+00:00,2026-07-17T08:19:51.175565+00:00
ad9ac666-6e62-4e7a-9a12-825d6b97a595,d172156e-1b02-4c41-b9d8-71d6e5f8b1f0,58de90fa-5280-4a13-981d-7e5062c97f57,low,0.8,recovered,email,2354.96,2026-06-18T04:09:51.175565+00:00,2026-06-18T14:09:51.175565+00:00
47c32866-e026-4e7e-b02a-a6665d0a7018,6cd178bb-3872-43f7-a4b8-3afb3d2cbba7,3911f849-631b-4a9b-a00c-f80658eb2862,medium,0.359,recovered,whatsapp,906.77,2026-06-06T08:39:51.175565+00:00,2026-06-09T04:39:51.175565+00:00
5c9c04f8-d8b9-419c-9a56-0b536e631208,2d203e84-3cfe-47ab-8d0e-ff1aeda74f6e,16b67d21-749d-4bdc-824f-1891d464f27a,low,0.76,lost,email,1005.84,2026-06-18T04:23:51.175565+00:00,
be1203e4-5fc8-43c3-ba6c-cbd0a0334cb4,11292161-1da1-4c76-8e5e-6aeebb78088f,b7b2c814-3ca9-4452-9dc3-6cb4cf8d2736,medium,0.538,lost,whatsapp,24921.34,2026-07-21T00:48:51.175565+00:00,
575304cc-eca4-4db8-8b41-15b4f58064e1,1d3dd161-7479-4182-b9ab-25531000f109,ae1fae79-ef18-4e7e-9fec-001ba4e41c36,low,0.805,recovered,email,4182.8,2026-06-09T06:48:51.175565+00:00,2026-06-11T07:48:51.175565+00:00
92215236-68ab-45cb-b71b-073b0a817d37,d5d1912e-cda1-4f68-83d8-2fa5689b5552,29ea8164-9f48-47af-9b0c-7db70b7746e9,low,0.904,lost,whatsapp,1031.17,2026-06-21T22:10:51.175565+00:00,
cede6f45-e3f5-4904-9fcd-ce9d3c9e85aa,41499234-d649-434d-adeb-414423b9c7de,ea54d9b9-2a05-409c-b2a1-009c00d68324,low,0.918,recovered,sms,855.85,2026-07-08T02:10:51.175565+00:00,2026-07-09T09:10:51.175565+00:00
756ac1a7-e21a-46b5-963d-65cc02ba6896,9418d719-a481-4a8b-8e95-d0759d111866,09be7e69-7265-48a6-bcab-88a31e3cdb54,high,0.27,link_opened,whatsapp,5771.94,2026-08-21T21:11:51.175565+00:00,
fd17c63d-b7a1-45bf-888e-9b37e0bb4d98,0a5ad9b5-3680-4ea1-b086-dd1accac1035,d06a0b4a-835d-41c2-9d51-c0fb8587cd8a,low,0.957,recovered,whatsapp,3049.46,2026-06-16T18:57:51.175565+00:00,2026-06-17T05:57:51.175565+00:00
bc35f96f-12e8-472f-9130-dfd105d794b7,29e945d4-4882-47c2-92e9-377c11509b04,af76edc6-7963-4d54-ac11-ce7c609fa297,low,0.688,recovered,whatsapp,1687.15,2026-05-30T06:41:51.175565+00:00,2026-06-01T19:41:51.175565+00:00
fd4acfee-1306-4672-a20c-98df4cb9b8de,4e19ca2c-1f5c-42cb-9784-6fde555f17cc,3818000f-2765-4e5c-bbef-fe6be69ac61f,medium,0.62,recovered,email,5410.7,2026-08-11T08:36:51.175565+00:00,2026-08-14T00:36:51.175565+00:00
2e04f0d7-6578-40dc-897f-4f7950837d52,d2bb61fd-6fbd-4809-93e8-43395e7b27f7,20676a9d-97f3-4075-9261-77ec722e0309,low,0.767,lost,whatsapp,499.0,2026-07-23T18:45:51.175565+00:00,
a90290b4-df86-4bbc-a8a6-af6861e719f0,9bb84d74-1d1f-47e6-b515-80e9623a48cf,1c252f3c-3b1b-434a-8769-c0a174bc55b5,high,0.314,lost,whatsapp,1083.89,2026-07-01T22:01:51.175565+00:00,
5bcb2884-92f9-49e3-b259-62f8fed824a9,a4bd3d7c-6c78-493a-871e-85068376490a,dc3e0d92-fdfa-4bd3-91cf-8cf2a0cd5b52,medium,0.561,recovered,whatsapp,1226.32,2026-08-18T00:43:51.175565+00:00,2026-08-19T07:43:51.175565+00:00
51b9ac3b-b30d-4cf3-a267-100fdf9beaa6,8323b82d-53dc-4cd9-a3fe-bebad630dfb0,5e5a2396-8877-4f5b-9ec8-6fa5c8a46f95,medium,0.617,recovered,voice_call,3233.74,2026-06-20T22:51:51.175565+00:00,2026-06-22T10:51:51.175565+00:00
10a40cd4-8572-4ba0-aeff-d00d2ff10b6c,521a8596-758e-4b27-84fc-13070ad5ea0e,ff6c090c-8557-446d-a175-2e1517cb8190,medium,0.52,recovered,email,10840.64,2026-08-06T01:48:51.175565+00:00,2026-08-08T20:48:51.175565+00:00
5d21c480-358d-4ea4-8208-fe31eb99e987,48945f94-5b2f-4f79-8b8b-631e584653af,f120170e-7a1e-4b48-b66b-6e84b070cb0c,low,0.773,recovered,sms,499.0,2026-07-01T14:17:51.175565+00:00,2026-07-02T07:17:51.175565+00:00
8c46c365-f83a-4a7a-8df7-450e12569d7e,0bcddcdc-67ad-4eb6-9259-a778e160c043,29296f98-798d-4e19-a96e-0d8c537864a6,low,0.837,recovered,sms,2642.16,2026-07-10T21:19:51.175565+00:00,2026-07-12T05:19:51.175565+00:00
a99ec025-28ff-472b-992a-db604a576baf,7322db8c-a330-4e58-85cd-91934278ad64,abf5f3c6-ab20-4282-9661-4e6569a8504d,low,0.763,recovered,email,5246.71,2026-07-19T05:01:51.175565+00:00,2026-07-19T17:01:51.175565+00:00
9da62999-4664-49b7-9fc8-86c639b5a1d9,bac96eea-eda8-4782-b120-cb2fe4d33a02,569ba051-e26a-49d3-bd34-4ed65001bc6c,medium,0.634,recovered,sms,2704.3,2026-08-17T14:43:51.175565+00:00,2026-08-18T20:43:51.175565+00:00
8f8b51e9-1220-41d9-b846-9304013508e3,1d19c5f8-e1e7-4d1f-b5de-0153bc82a880,2942992c-f576-43e0-b16e-ac7be1ca4caf,medium,0.456,recovered,whatsapp,1155.31,2026-08-03T12:52:51.175565+00:00,2026-08-05T23:52:51.175565+00:00
2209f793-b585-4d7e-afaa-8ba17217d4dd,b401c8b0-819e-4e06-8f1d-8119495bd316,4e4190cf-8d71-4329-ab1e-8808a53ea3b1,medium,0.562,recovered,sms,706.81,2026-07-05T02:42:51.175565+00:00,2026-07-08T01:42:51.175565+00:00
3a79e5a0-b658-4c45-bfed-493a4ad91b3d,217cf56d-5d6b-49f9-b2e1-68ec5113c99a,472260b5-11ff-4283-a29c-335e22285114,medium,0.588,recovered,whatsapp,5080.93,2026-06-28T13:46:51.175565+00:00,2026-07-01T01:46:51.175565+00:00
83d0baaa-13be-48d8-858f-d7817cacef37,758e57ef-4fa7-472f-acf7-24b81b829d71,dc57aa5d-6391-4188-ad52-a2a536527409,low,0.765,link_opened,sms,6205.45,2026-08-19T22:26:51.175565+00:00,
731c0cd8-feaa-4999-b693-b530e2edd9d1,dd01cae1-50ca-4a0a-a7e0-3112d86f9921,c44ab1e9-2304-4124-bd44-7b2258b25576,medium,0.613,lost,whatsapp,4615.6,2026-07-19T01:53:51.175565+00:00,
b5ab0e5b-b90d-44d1-b243-933608ef1f2a,e3cf3c09-5f29-4fe8-97db-918e38ea558f,2ed463b0-cb40-4490-a6be-1c2b4fa1c9eb,low,0.786,recovered,whatsapp,2356.53,2026-06-02T19:22:51.175565+00:00,2026-06-05T06:22:51.175565+00:00
728e1922-bd67-4b12-ba5a-8a43336d1a07,18ba1d82-2c55-443f-8bdb-4d7e5075511f,9abf25ce-3a83-424f-b583-26d2ae1ca61b,medium,0.537,lost,whatsapp,4486.7,2026-05-26T01:55:51.175565+00:00,
fd101aed-0555-4f19-b072-fdf034e73650,fe806676-76bf-4650-8592-e5cdf740577f,b2259720-13b7-418c-a7f2-254c90ff4ade,medium,0.613,lost,voice_call,5088.39,2026-08-04T11:03:51.175565+00:00,
fed54bc3-c49a-46fc-87d7-5f16eb542a4e,a5d08279-5faa-40e8-9ee0-65fb886dd9e6,73e55d3a-83eb-4b47-aa61-286525c1b9d1,low,0.805,recovered,email,1937.35,2026-07-09T19:22:51.175565+00:00,2026-07-10T08:22:51.175565+00:00
19245130-2e84-4f6e-978e-dd3e40a7571f,b938f465-f515-4eab-9d3e-33db2a7987cb,f9cbbed6-23cf-434c-9a47-c90a25b51985,low,0.771,recovered,email,1750.72,2026-08-19T15:05:51.175565+00:00,2026-08-22T09:05:51.175565+00:00
bd43a44a-4cee-4420-82ea-0ebcf218fb08,8f15a8d3-9955-4f86-aed5-85e7889ca953,6c1acc97-ffc7-4116-b50a-b1dd9342aac6,medium,0.63,lost,email,1483.23,2026-07-11T16:23:51.175565+00:00,
8852d019-afbf-41b5-acbf-a58eeda87a61,66654977-27c7-490f-9b1d-8f77cbcf3539,803ce0d9-4484-4e3c-87ad-17741319ae59,high,0.252,recovered,whatsapp,5662.95,2026-08-09T10:43:51.175565+00:00,2026-08-10T20:43:51.175565+00:00
cad04951-c98a-400b-a4b0-97f638923c22,3dc9c1ac-54e0-4d87-83aa-d115418f2a4d,e2d37bef-9243-4140-9f2b-2613aad648b7,medium,0.593,recovered,email,5749.9,2026-06-20T02:08:51.175565+00:00,2026-06-22T17:08:51.175565+00:00
dd0a2622-9323-42c8-b03a-ba5b200bc2de,ea9a206a-c2a4-450d-b220-3839d07eb0d1,a80e22b4-48db-4352-ab8e-e04bc33a0975,medium,0.47,lost,email,1593.62,2026-08-08T09:59:51.175565+00:00,
16a3ddd9-1ef2-46ee-b143-72adcf7583a7,2d4f9985-8a5c-4f3c-8175-a379981c77d6,85977841-b987-4abc-9ca5-9e9ad4f53bca,low,0.705,lost,whatsapp,6715.3,2026-06-15T12:11:51.175565+00:00,
0de32975-6b8e-4a31-95f7-f8f4d71534cd,7ec703b8-8812-4723-8ae8-b157cd372b5b,67d22487-7a8c-4c0d-a877-99d44f34093c,medium,0.422,recovered,sms,4007.39,2026-06-28T07:53:51.175565+00:00,2026-06-30T10:53:51.175565+00:00
9ad4c654-c8ef-4e16-bcca-4445bcabe1bc,2e194b4a-f60b-44f6-a02a-fb0964e3e5f3,e0c639ad-e7de-453c-b628-e8042248d5f7,medium,0.564,lost,voice_call,2881.84,2026-08-03T07:08:51.175565+00:00,
5c16650e-4770-4956-a032-989ea2dfedd4,d4f28634-7058-4dae-bf1c-bf9e4a24d590,5c418825-d5f1-4577-9000-c8f95d9302f4,medium,0.584,recovered,email,11270.71,2026-06-29T00:20:51.175565+00:00,2026-07-01T10:20:51.175565+00:00
66834fb7-0e62-462c-8d38-fbe083f23973,e750d486-377c-46d3-bdcd-18adc9e22b2b,770d484a-6a46-4114-83e2-60ba2ec7e574,low,0.657,recovered,sms,3005.02,2026-07-11T17:51:51.175565+00:00,2026-07-13T13:51:51.175565+00:00
440ba3c0-1314-444d-a65c-a9501019122b,02cfd3ca-f330-4489-aee9-2140ba842480,0ae255c6-dd17-48ed-b9cd-b76762ae71af,low,0.863,recovered,sms,2057.16,2026-08-09T17:27:51.175565+00:00,2026-08-10T01:27:51.175565+00:00
90b308d2-efe1-4398-a76b-5f2208460bc5,50fb7987-125b-4118-9163-8fa9436d1bf3,32bfa29f-15c7-42b1-b1fe-58ced006e1cd,medium,0.528,payment_attempted,whatsapp,1968.07,2026-08-20T04:02:51.175565+00:00,
6ff0decc-63a2-44e0-bcbb-c66287d877b5,a90a6f01-4746-4bee-8d78-49fd2890cb0d,a0031815-c867-4bbe-8356-176b36cf0d10,medium,0.525,lost,email,4266.91,2026-06-26T13:04:51.175565+00:00,
b9fe2392-b6ef-422d-b725-463a13a3cc91,11ceef54-331c-4922-9f1b-95a9b715b818,ec4edc76-a200-4d7e-a78d-32f3a50afaff,low,0.66,recovered,whatsapp,1130.34,2026-07-24T19:56:51.175565+00:00,2026-07-27T15:56:51.175565+00:00
a05fe1a5-d325-4ed7-9363-d92ebe657521,362bbac2-74e4-42c8-8b2c-41865ce43ac4,65d3d334-56b7-4f16-9f74-d2c43e222050,high,0.16,lost,whatsapp,15665.51,2026-07-31T18:37:51.175565+00:00,
b4d5764f-9584-4e37-bbbe-5bf3f6fa7082,b5f8c98c-3cd5-4dd3-bda2-275e7fec9dc0,7b9fa55b-3065-4ef3-9e4e-2495de46299d,high,0.343,lost,email,4454.31,2026-06-14T01:25:51.175565+00:00,
f6c2f59b-629a-4fb0-883e-ca8732d97204,a9636703-f412-4551-8f7a-a778168027f8,7d7aef0b-c744-43f4-b35b-5bf1ba50023c,medium,0.64,recovered,whatsapp,5876.58,2026-07-02T17:17:51.175565+00:00,2026-07-03T03:17:51.175565+00:00
f2671776-5852-482e-b53a-5938688b7aef,fde49688-dca4-4748-9502-4d5e20046cfa,6722944d-25cb-49f6-be0d-035cf36d43d9,high,0.291,lost,voice_call,5051.61,2026-07-26T04:24:51.175565+00:00,
bc9c8a77-7aea-4c44-b255-3148c28f107d,ccae14f5-71b5-4442-a106-73e0aaa05adf,fc25509e-48bb-4352-b60c-3060b67a7004,low,0.785,recovered,whatsapp,6102.27,2026-07-22T03:09:51.175565+00:00,2026-07-24T21:09:51.175565+00:00
2f666d04-2f76-45a4-a9bd-5c8b64ec35e1,7e1d4e9c-0257-47fa-8aaa-c237be2a7563,0259b2b9-b156-487b-be35-a701e3e93f34,low,0.711,recovered,email,2093.2,2026-05-30T03:07:51.175565+00:00,2026-05-30T09:07:51.175565+00:00
0a5d9188-5fcc-4ac9-ab3d-ba3e599b499c,c7167ec6-240b-41c3-9a8d-599f4a1d4352,6d6aba0c-ec40-49a3-bab0-58df32647e5c,medium,0.575,recovered,email,5954.08,2026-06-11T20:12:51.175565+00:00,2026-06-13T13:12:51.175565+00:00
b7cdfd21-6f7a-4f98-9b4d-3441a3a42733,bc45c274-ea63-4dff-9507-d7eb7c57e467,4d93acfe-038a-4e42-8afa-189e64b0f2cc,low,0.718,lost,sms,2060.03,2026-08-02T17:57:51.175565+00:00,
d06cc3aa-dc5e-40e6-9f76-42b958a726e6,e97cd383-fa0b-4e2d-b97f-d196a38b2d9c,d705c68b-6795-4898-a749-85e32158dc00,low,0.694,recovered,email,4431.96,2026-06-30T09:44:51.175565+00:00,2026-07-01T02:44:51.175565+00:00
43bd9e0d-252c-4ae4-be38-330fc5fbabf2,52884c8c-0c2a-4bf1-9314-326a61584972,ce97c449-70eb-4fd9-b98f-a7aac250cde8,low,0.831,recovered,whatsapp,5025.36,2026-06-20T21:25:51.175565+00:00,2026-06-23T12:25:51.175565+00:00
207d8700-d36e-4c20-aac6-b76a223e1376,012bebfd-1b50-4802-a2c3-305d1e133353,1792dfe1-7463-487b-b5ce-f976e6ed6472,low,0.714,recovered,whatsapp,4203.88,2026-07-07T11:32:51.175565+00:00,2026-07-08T07:32:51.175565+00:00
601e573c-832e-4c0a-a7b6-e435f0f7767b,a6bdd1b8-a5be-4082-8fc5-127523d54928,b6c401c8-d060-42d1-ac83-9d54dbac7597,medium,0.455,recovered,sms,4515.62,2026-08-11T17:12:51.175565+00:00,2026-08-13T01:12:51.175565+00:00
b57e8a8c-52fd-4ba9-8a23-ad1e4ce48700,a9d53c06-61b2-48f1-99c8-1217074dbdc4,4a259cd3-721e-42fb-8499-abde6152d55a,low,0.684,recovered,email,13511.88,2026-06-17T19:09:51.175565+00:00,2026-06-20T06:09:51.175565+00:00
4551c093-b2db-4692-a04f-2d1cd4fe9dc7,615cbb3c-fd3a-4e4d-b606-97036c76f144,dc1f1bc7-fec6-4e1e-937a-0ac7043113a6,low,0.797,recovered,sms,2711.8,2026-08-15T11:29:51.175565+00:00,2026-08-17T18:29:51.175565+00:00
1a9bd4cb-c047-4763-a16e-0695f3cee08a,ca5770a9-7da8-4bbf-b157-4ffef76b7d72,dfe4a984-17d7-48a0-87c6-8da694b1d066,low,0.658,lost,whatsapp,1714.94,2026-08-16T11:07:51.175565+00:00,
7da1dcb9-dd89-4637-9172-93d5881d2175,a072d837-4681-4bed-be68-c295dee9698d,34e02d85-af17-4fb7-9f4d-9b3e681dbbfe,medium,0.361,lost,email,12966.5,2026-06-11T00:59:51.175565+00:00,
f6d0543e-caef-4ef7-a3c0-c3491f21bd60,3463fc85-8c36-4674-b3f6-06ab91d59aad,458af57f-1ff7-47e9-883f-79ebb3eb2f60,low,0.766,lost,sms,1867.51,2026-07-13T03:03:51.175565+00:00,
6c3f1b4f-6665-4233-8f29-4c7a8146fbfe,53160af5-8595-4a29-916a-f1306cff340e,7189545e-6100-4255-834a-59b4f9b828a0,low,0.872,recovered,whatsapp,2369.33,2026-07-16T10:21:51.175565+00:00,2026-07-19T08:21:51.175565+00:00
68d96b71-75dd-4ebe-aee9-23924ee160b9,d5812986-632d-4e7f-8593-b2993d378094,5cda2e0c-9d36-4275-a8d6-70203ef71d5d,medium,0.535,lost,whatsapp,2726.98,2026-06-08T05:59:51.175565+00:00,
3f8529e0-51bd-4090-bc84-94619fa4a01c,c2b5b6ba-e82f-4546-8312-9fa59d2f3983,df933b91-26cc-48e4-b426-f6b9b36a61e9,medium,0.6,lost,email,1754.94,2026-06-05T06:57:51.175565+00:00,
53950bad-e8c1-440b-8c53-2046fd9c3556,a353b13d-c40f-4766-ac60-40503826087c,6ac2837c-ddd2-4465-b2bf-1943d2c9f51b,medium,0.527,recovered,whatsapp,14724.75,2026-08-10T15:25:51.175565+00:00,2026-08-11T04:25:51.175565+00:00
b3fb52c8-4e84-497a-ae80-5a40c92e6254,e4dc1281-1e1f-4582-8d92-656b7d64ddc3,29c97e4e-3b52-4c51-8b89-1b5e232f2148,medium,0.553,lost,sms,2737.34,2026-08-07T00:01:51.175565+00:00,
a4567fc6-6671-4c5c-908b-90924b92b056,85e5ca12-f7ad-4ae1-828e-8cf98b1bbe57,517d89c7-5a3b-4966-94f7-4fdcdcbb66b7,medium,0.457,lost,whatsapp,700.37,2026-06-10T02:09:51.175565+00:00,
456fe02f-792d-45b0-925f-7df443443c1a,187b6bc2-f5d6-447f-8160-fdbacd14972b,16d4adf9-752f-40ab-987d-928c164031c9,low,0.721,lost,sms,1517.34,2026-06-08T04:09:51.175565+00:00,
81202cd9-3907-40bc-a7d2-5324e7a8e10e,ade30bee-6340-4392-8c6d-25dc770aa277,2d3aabde-0c69-44fd-ba19-c7a96885a756,medium,0.577,lost,whatsapp,2013.06,2026-07-15T04:24:51.175565+00:00,
628cfc02-bb4e-481c-9fd0-fdb75d0ec7ad,ea645be3-a574-42b3-936c-07ecb652a972,2590143f-2402-49a6-a84a-96953ccb3d1f,low,0.805,recovered,whatsapp,1093.24,2026-08-02T23:09:51.175565+00:00,2026-08-05T19:09:51.175565+00:00
672a5aeb-f4ea-4a24-8569-88b7c3ed7000,9a942834-da1e-4d27-8509-c84154f7f7b0,ffc8915a-9eb7-4f4e-97ca-adebccef4db2,high,0.061,lost,whatsapp,31233.1,2026-06-09T13:16:51.175565+00:00,
ffa3022f-0161-4e1d-ad22-42c2619df32b,e69e4d40-b985-41ad-873d-b43d8a3c3e8e,0acef7ee-5963-4a7a-9ba6-55ff25a8fb90,low,0.679,lost,email,6288.36,2026-06-26T17:26:51.175565+00:00,
7bed8f19-ba46-4d39-95e8-8df34752d0d4,6f438294-5bb2-4b75-8f4a-a1956eb7580a,b1d111bb-3a90-47cb-bf66-e6d2e211dfa5,medium,0.363,lost,whatsapp,4091.24,2026-07-01T12:27:51.175565+00:00,
ed1a9bbb-789c-4e58-8141-7cbead8d169d,d62520f8-95ca-416e-b630-cd00727bb063,cd94a33f-9dfa-454f-b644-ad6e094e3dfc,low,0.706,recovered,sms,2663.29,2026-08-09T15:28:51.175565+00:00,2026-08-12T05:28:51.175565+00:00
63554596-70cf-4216-beb1-01075a6b38fb,5c26c4f2-934f-43c8-9cb6-18c79ca084de,21aa4e31-099d-455f-ba2c-1396a0f41195,low,0.885,recovered,email,499.0,2026-08-12T23:33:51.175565+00:00,2026-08-14T05:33:51.175565+00:00
232435f4-2a6f-43be-957a-30b5a92a3ce1,de58cce3-1a62-4979-b950-4d64bded26f1,69ae5a92-2989-4822-81b2-d06d5eb366b6,low,0.77,recovered,whatsapp,1101.78,2026-07-21T06:55:51.175565+00:00,2026-07-22T23:55:51.175565+00:00
b1f4a392-f2f7-42a0-8791-0818188e701b,1ede1410-9988-4744-86fa-7844e9038a0d,a0f5378e-656d-4a9e-8c9b-5306806a5395,medium,0.491,recovered,whatsapp,7466.65,2026-06-22T00:59:51.175565+00:00,2026-06-22T18:59:51.175565+00:00
85a51a7b-cd83-4239-ae47-6ce42917c9ed,be0dbdcb-bb5d-4e15-883d-5bd6f0bc9362,13836ce7-70c3-4371-b76a-ce0d4a7606ee,low,0.706,recovered,email,1892.9,2026-08-18T08:29:51.175565+00:00,2026-08-18T12:29:51.175565+00:00
98ac5c63-6962-4f4a-9629-08c5bf889921,798dc768-e9a0-48fd-b086-8a8eceb3017b,0db14b3d-7720-4ce3-8cf9-7e818bf716f7,high,0.292,recovered,voice_call,3403.32,2026-07-25T02:00:51.175565+00:00,2026-07-25T22:00:51.175565+00:00
6cc14aca-2a5f-49a0-a81d-44dc652c633e,4c1ab57d-0e03-43ec-a9ce-32eb0df9968f,715bf039-0d01-4a74-98e7-7858876ca691,low,0.765,recovered,email,975.54,2026-07-01T16:07:51.175565+00:00,2026-07-03T15:07:51.175565+00:00
e625ae70-cd70-4906-a4c0-c90728765c94,0aafb83e-921d-4dd5-885e-3114c7016285,d88dbb2c-733c-433d-a7d6-66a2a2fbf51f,low,0.96,recovered,sms,1897.29,2026-06-28T14:25:51.175565+00:00,2026-06-29T00:25:51.175565+00:00
0915ead3-1667-4384-b7af-4fbfd2a7125b,2d203e84-3cfe-47ab-8d0e-ff1aeda74f6e,2fdf75ee-a1c9-431e-ae0a-84924d59ba78,medium,0.505,lost,voice_call,1607.57,2026-06-20T11:33:51.175565+00:00,
2bad577d-5669-4a5b-87a7-6a2d9f9c5f1c,817bf125-efd2-4573-8b89-cf2d75e0ea60,bf4bba2b-b9d0-47b2-8c68-def18d65ffae,low,0.683,recovered,email,9488.81,2026-07-02T08:01:51.175565+00:00,2026-07-03T20:01:51.175565+00:00
900f13bb-b42c-453d-b7ad-844f2a180d22,8278df7a-6b8e-4f21-b202-380213564f84,7aa8e3f3-849d-49c5-b58e-819c6216b645,medium,0.618,lost,sms,4392.0,2026-07-20T17:34:51.175565+00:00,
92988bb1-8835-4835-af84-1dea1c50c313,911146a8-25fe-401d-bea3-ded72ac36d44,fe826d33-43bc-48e0-b287-dda88acb537e,low,0.808,recovered,sms,1213.45,2026-07-10T12:07:51.175565+00:00,2026-07-11T00:07:51.175565+00:00
de809c67-8c45-489e-80ef-d6a7a2269c7f,c926bd14-593d-4f6f-9725-7f1ec2e28199,d5bb52c6-f518-40be-96f4-78866dead7f8,high,0.249,lost,whatsapp,10182.12,2026-08-14T23:23:51.175565+00:00,
448cfbf8-c681-419d-8fae-c28a5a7da706,2570c254-67d0-4756-9e79-0d6a3be3abb9,e24a32cc-68ba-4fce-861c-18f3dac1362f,high,0.332,recovered,whatsapp,11296.41,2026-06-11T01:02:51.175565+00:00,2026-06-11T18:02:51.175565+00:00
197863f4-5918-4ab1-bc84-dd8b04b3c2a5,af75b5ed-8db6-4a39-8102-cfed76c49502,f281a8e1-26bd-4990-8c9a-7d0575576000,high,0.294,recovered,whatsapp,610.9,2026-07-09T20:45:51.175565+00:00,2026-07-10T08:45:51.175565+00:00
6b4c717d-7757-4bb6-9081-a28700cee93a,e6e3529b-7473-45cd-9883-0b9deed9516b,6327380c-316c-441e-936e-e0134ccae990,medium,0.568,lost,whatsapp,6087.73,2026-06-23T10:39:51.175565+00:00,
6467949a-30d3-4a1e-a64a-94a440a8cc16,17a68332-b7e5-4763-ac90-79fa762b68b6,359a9236-561d-4866-9d4f-5af9fd629916,medium,0.629,lost,sms,3010.5,2026-05-27T11:32:51.175565+00:00,
071a92bc-b7b3-4532-8eb9-4e1ae5d8a1b9,603f8ced-7b15-4086-b199-d58705b62ca7,59914508-c1e8-47ea-8ff5-dcc6c63de138,low,0.76,recovered,email,3204.54,2026-07-22T03:08:51.175565+00:00,2026-07-22T20:08:51.175565+00:00
57cdd870-5b19-4712-82c4-921f9846bbd6,5111651d-115f-45b8-9a5a-102fb2e7b2b8,e781f962-4024-47b0-9a39-857e703c800c,low,0.84,recovered,whatsapp,2613.8,2026-08-18T14:03:51.175565+00:00,2026-08-19T22:03:51.175565+00:00
578ccfc6-a5d1-453d-855f-1c7317037364,3bb907fd-b219-4447-8337-d932e576246d,10b78df4-cb24-43bb-9a70-0257f24fe49a,medium,0.395,lost,whatsapp,2989.74,2026-06-26T00:29:51.175565+00:00,
3a41aed6-ae80-4f3c-8bb7-05cb5d0a1e72,43406a4a-2d72-402c-823e-27800a77e5bb,43314cdf-279f-4c97-8593-24e77267e15d,low,0.835,lost,voice_call,3309.38,2026-07-25T16:15:51.175565+00:00,
b63baddd-2271-483c-8a89-2fa0510484b6,d81bb0d0-9b5e-4ede-82fe-a39a7705b7d8,07ce7506-40ed-44f6-a6a3-8115a9896f06,medium,0.641,pending,sms,3278.69,2026-08-22T08:34:51.175565+00:00,
d71e28cd-7668-4bdc-bcb9-6eefb1fa8b18,6b4d8f7e-69fe-4e60-a05a-5625ab9a1451,e94108d2-3401-4e25-bac0-fee5849a460c,low,0.845,recovered,sms,1893.85,2026-08-01T12:35:51.175565+00:00,2026-08-03T15:35:51.175565+00:00
ea6a04ab-29a3-41c2-b7bd-95650dbaa37d,3503089e-07cd-44a4-8beb-39b1c525803b,31874dfd-30f9-4f37-bf25-103c0a64afbe,low,0.836,recovered,email,1072.43,2026-06-09T19:00:51.175565+00:00,2026-06-11T15:00:51.175565+00:00
9b70c2c7-5403-4474-9001-188517dbdaf0,dd810668-f33f-4740-b203-2d1a82e56bb0,b6b1127d-5f65-4595-8fb0-5b5283c7a58f,medium,0.434,lost,whatsapp,4048.01,2026-07-03T09:26:51.175565+00:00,
71661e1c-1499-469a-ae70-381ff3c4d70d,e0e433fe-4f29-4a26-852f-7602d5a9a0e6,8e149586-9c58-4001-b875-2a1edc48c73d,medium,0.616,lost,email,5353.05,2026-08-05T23:44:51.175565+00:00,
596e9c63-29f6-41c9-a815-00d2b5e2d6bc,48b435d7-6d5a-4dac-93e5-dc71a61446ce,0463bc21-18ea-4454-8b6f-078de40f2361,high,0.258,recovered,whatsapp,8086.83,2026-07-29T03:49:51.175565+00:00,2026-07-31T21:49:51.175565+00:00
8d989014-57eb-4873-ad2b-0275f595bc37,ded54399-993f-40ac-9aa0-832fc37afdeb,c85c072c-f1c1-41b7-9599-96b668cff6b2,low,0.819,recovered,email,499.0,2026-08-15T16:37:51.175565+00:00,2026-08-15T23:37:51.175565+00:00
c6becfa3-dc36-44a6-860f-8840046702e2,90eeb935-6a03-4ec4-8644-e36fb753a96e,5ec73866-f6d7-4872-8cdb-c8233ed4909f,low,0.662,recovered,email,6769.99,2026-06-19T02:39:51.175565+00:00,2026-06-20T01:39:51.175565+00:00
e0681b72-effa-45e4-9d8e-cf212245fa18,46a16e41-3051-4f53-83d2-1642f5fad243,7855e657-6e8f-47c6-99ba-7faec106565f,low,0.774,lost,sms,1469.09,2026-07-04T14:48:51.175565+00:00,
298691e3-693a-430c-bf92-06ee58440c45,06009d95-75c7-4028-ab35-cc838cec0bd3,924b4cb9-b721-4241-bd15-5b1f728327a7,low,0.686,lost,sms,8157.17,2026-06-22T19:31:51.175565+00:00,
9ac3ab58-4d78-4047-a86e-0a1d25b2c97e,5e795ead-c2d8-433b-95b8-f39a8ee531e6,0c2f4374-ef79-403b-911a-ccc6afce51c2,low,0.712,recovered,whatsapp,9553.63,2026-07-01T08:08:51.175565+00:00,2026-07-02T08:08:51.175565+00:00
40390509-bd74-4e8d-8e70-03649cff23af,830417ac-dab3-4146-96f9-006dad453b6f,1fd974ea-3c02-49a8-b203-108659edebbe,low,0.889,recovered,sms,504.81,2026-07-04T13:23:51.175565+00:00,2026-07-07T08:23:51.175565+00:00
f21d8fb4-5c11-43e7-b56e-7d405783a4c3,92013dac-e89f-4ce3-933d-5ac56453a8e7,3b30b711-75fa-4cc4-abb5-3ed70f73ff67,medium,0.492,recovered,email,2641.49,2026-06-24T19:03:51.175565+00:00,2026-06-25T10:03:51.175565+00:00
4ea93318-1d1f-420f-9af8-e42a87975dca,293f69a2-6417-41bb-9092-bff4ca3cd601,57f53825-ac05-457d-bb87-7474b67476d9,medium,0.457,recovered,email,1343.69,2026-07-26T22:13:51.175565+00:00,2026-07-29T20:13:51.175565+00:00
a69e2125-3e9a-4d13-89ab-d2bacd2bd3e3,a5e4837c-8a34-4904-a126-33145c68750b,617c7eb2-bb3f-4e42-8cec-31658ddd35a5,low,0.743,recovered,whatsapp,2819.87,2026-06-22T21:37:51.175565+00:00,2026-06-24T05:37:51.175565+00:00
53be83a2-a5b9-45ed-bed8-e666f0cc13d5,77df2f04-6014-4e50-8bb0-c51257039ec8,453c6cd9-8743-45c8-9704-38b621cbde79,medium,0.506,lost,email,5788.46,2026-07-07T21:59:51.175565+00:00,
ff1e9660-222c-45bc-9bc5-2116edce0ace,3ad78126-a3b5-4e49-9ac6-3a00d16737e6,2021407d-4352-4137-8a68-fd06b7b2feda,medium,0.632,lost,email,1651.58,2026-06-30T10:42:51.175565+00:00,
71ed215a-faf6-4dfc-aeaf-55fb64eace8b,43d661a2-24be-42e1-87b3-0fa1e528d770,b0f70241-5f80-4e36-881f-e5bc59c05500,medium,0.565,recovered,email,14766.39,2026-06-18T04:29:51.175565+00:00,2026-06-20T02:29:51.175565+00:00
b6fa6aa8-c2f7-4435-be7d-b42971896090,8eed7cd2-ef71-43a6-b72c-9496b16b9888,447e47a6-43c0-47e6-990b-0472519e2475,low,0.858,recovered,email,902.14,2026-06-22T10:18:51.175565+00:00,2026-06-25T02:18:51.175565+00:00
20b1f6fd-e54d-49db-bc7e-a9b26b6a23ed,a48bdce8-e017-46e6-a1ac-1ba112d6755d,f041d705-a4d1-48f4-8871-c43bd137a2ef,low,0.781,lost,sms,2008.58,2026-06-10T10:58:51.175565+00:00,
11f573c8-46e8-4473-8f39-4137a2529353,1694c0bb-beff-459d-a41f-d2634b524279,a33ccfc6-0bb9-446d-b0bc-702efd308383,medium,0.603,recovered,email,1982.35,2026-07-24T01:41:51.175565+00:00,2026-07-25T04:41:51.175565+00:00
47807bbd-78f7-46cb-a523-73bc934c0ed2,50f6ca54-e175-45ec-8284-a5d44ef37ba9,b37f3b0f-0bb3-49b0-bd01-eb047de1c4ef,medium,0.459,recovered,sms,4623.59,2026-08-11T03:09:51.175565+00:00,2026-08-13T22:09:51.175565+00:00
61773b05-4170-48ad-bce1-255dbab39cbc,8df5fc95-5c3c-499e-8cca-5fb694e13cfe,67f13fc0-3b77-465a-bb22-e19435750085,low,0.833,recovered,sms,4485.89,2026-07-21T09:38:51.175565+00:00,2026-07-22T16:38:51.175565+00:00
b0105267-c6a4-4d7c-81a8-f49e9701b24b,04590852-bae3-4550-943c-3e031115213a,b5a23c28-4a2f-422a-9660-d895e65bbc00,low,0.835,recovered,voice_call,1456.07,2026-06-25T22:44:51.175565+00:00,2026-06-28T17:44:51.175565+00:00
27484785-0948-4cbf-b398-11a981f5e892,52b0c273-c934-4e32-8a86-a75e7a2b7918,5fc0c0c6-0985-46d5-9d82-7a04e6b537d1,medium,0.483,lost,voice_call,17038.71,2026-08-12T19:50:51.175565+00:00,
d952aa0e-b5f6-418a-9313-6bb63ad46322,29f271d4-a1a1-4644-8d2e-4b1aac7f6c03,962f7db6-6a96-46d3-a1c2-a69b68748c9e,low,0.732,recovered,whatsapp,1900.7,2026-08-11T21:53:51.175565+00:00,2026-08-14T13:53:51.175565+00:00
e3a1e4ee-6427-4e8b-ba22-45a463f1fd4e,dea08827-ea65-4fb2-b7c5-00c1d72c4737,cbebfacf-8cbb-4b56-86c2-eaa5f23e0647,medium,0.51,recovered,email,3267.16,2026-07-03T00:32:51.175565+00:00,2026-07-04T21:32:51.175565+00:00
29f18775-8e41-4c33-8ef9-9b785ea33115,8d62a0c6-0541-4afd-92bb-688046ca722f,68a64b70-ff33-49b2-a077-3c4aa07d1927,medium,0.581,recovered,email,1236.39,2026-06-27T18:11:51.175565+00:00,2026-06-28T11:11:51.175565+00:00
68c2da83-baab-47bb-9182-7caffd33342c,c00990c0-5fff-4bfe-8144-a38e3d382aa3,5fb42c24-ebd1-4701-b01e-be04c949c007,medium,0.398,recovered,whatsapp,9546.67,2026-06-18T10:58:51.175565+00:00,2026-06-20T06:58:51.175565+00:00
e1537bac-c01c-46ce-82d2-3537814ef3f5,24b8eb74-88e8-4474-bddf-85e2ef717dae,9195d22f-b166-47c6-92e0-b24644f95be1,low,0.766,recovered,email,1456.38,2026-06-01T00:33:51.175565+00:00,2026-06-01T15:33:51.175565+00:00
bc9d80f2-5378-438e-bae1-09fb21f1d3a0,997869f8-cc77-48c5-8f91-50985c9e5f72,1dc92f1c-3571-4e0c-b313-6f6b2b050154,high,0.145,lost,whatsapp,8256.3,2026-05-29T15:53:51.175565+00:00,
c342815e-0c68-43a0-9660-5a4fdc1f2b82,2a888040-b487-4041-a60e-e28ca942c56f,422e50bb-5a07-4219-96cf-2ee298e569dd,medium,0.426,recovered,email,5911.05,2026-06-19T04:09:51.175565+00:00,2026-06-20T19:09:51.175565+00:00
52891f18-9ced-4cbe-971e-6f417e9d8869,8e0c5d72-8b56-4bd0-9e21-14dc341151c4,9c3936df-a9db-4f40-9f1e-9b774d44ee6c,medium,0.397,lost,sms,1321.96,2026-07-04T12:36:51.175565+00:00,
474ed7c7-2e92-43e0-a6e9-14f8154af877,5cce6475-5782-4554-9067-fbdba2c2caff,d5918d2a-2414-4d24-9ab7-269a8f514ec2,low,0.715,recovered,sms,1222.81,2026-08-14T22:28:51.175565+00:00,2026-08-17T03:28:51.175565+00:00
6a8f4b85-b98a-4a67-bf0a-02750f66ce02,d959b583-21ca-497c-a1df-8bdedad5b2c8,1ae75de5-5918-4223-bc96-5e1a7c02c09a,high,0.337,recovered,whatsapp,4635.85,2026-08-09T09:48:51.175565+00:00,2026-08-10T22:48:51.175565+00:00
c3d98d7c-da0f-4c67-8064-80b624298383,54c16367-183e-456f-969c-e1e19ebc818c,bd6c8c96-b0f4-4e70-a214-3c1c55ffc2b2,medium,0.422,lost,whatsapp,3960.43,2026-07-24T12:55:51.175565+00:00,
fbfc41ea-d095-4ae2-a23d-efc0bc2788e9,6c33a466-f272-4bba-95b5-8fb9703fc371,021250f8-0a6f-4240-a42b-38d991af6f4e,low,0.709,recovered,email,499.0,2026-07-06T07:45:51.175565+00:00,2026-07-08T14:45:51.175565+00:00
f324c48d-231f-4716-a546-f9c18db6eb64,e8c1e935-7388-40ae-8454-25db8b08853e,dff60bd6-56c4-44bd-a8f5-9be4756eebf4,medium,0.624,recovered,email,2274.86,2026-07-01T13:10:51.175565+00:00,2026-07-02T21:10:51.175565+00:00
7443fedb-e4d5-4edd-8c94-e0e4a5cf6b90,2177bf77-90b8-4dc5-b7c8-7946bf87e261,3cfd6c7c-6adb-4fa4-91de-7c42628e3bf0,medium,0.627,recovered,email,2126.61,2026-07-05T06:17:51.175565+00:00,2026-07-07T19:17:51.175565+00:00
52173e72-4058-4792-8a88-b121b34c2183,3f8b2a2d-b244-46ce-9f49-c40cfa903c86,847a3e76-400d-4909-8218-59386c5cefbd,low,0.768,recovered,voice_call,847.4,2026-07-11T21:46:51.175565+00:00,2026-07-14T15:46:51.175565+00:00
fe6fb15e-260f-4baa-85e4-9d5141eba4c0,4a3ea7b9-4ea5-4374-a602-4cf212090944,7f27dab9-0213-4821-b817-679203097fb9,low,0.749,recovered,whatsapp,3126.51,2026-06-22T08:46:51.175565+00:00,2026-06-23T11:46:51.175565+00:00
8aeb4430-4ac2-4de4-a07f-c7f03a8d3c59,775554e3-5499-4ee6-a5ef-72e5f06bea1f,3ff4caf7-293f-4be2-af81-23b677060b4f,low,0.946,recovered,whatsapp,499.0,2026-05-27T05:24:51.175565+00:00,2026-05-29T04:24:51.175565+00:00
848960ba-c898-40a7-899a-89e3aca848cb,18ba1d82-2c55-443f-8bdb-4d7e5075511f,dead3375-1e7a-4ca1-b75d-adf51cf39a09,medium,0.369,recovered,email,3276.25,2026-07-15T02:15:51.175565+00:00,2026-07-15T10:15:51.175565+00:00
2b988797-7c2d-4d22-b7a8-6f1102c61a96,a12fd529-6df5-43fe-9c0c-c05e08e54cb1,c39ccb1e-4867-476b-849c-4bba7c3c09bb,low,0.774,recovered,email,2925.91,2026-05-31T03:05:51.175565+00:00,2026-06-02T18:05:51.175565+00:00
66e251c0-4ac2-4701-b570-a2ece66b3a97,47534d0f-4d43-41bf-a8b3-c959c615e2d4,98e838b5-8d7a-4bf0-936f-3cd8d7ec955d,high,0.048,lost,whatsapp,44159.09,2026-07-05T21:31:51.175565+00:00,
f644dd38-3fd6-4092-8d25-d7e28a986421,235d87eb-4d25-48af-b84b-e8784f36bb82,d10107c1-c911-45d6-92df-91836a7ee0d9,low,0.855,recovered,sms,4620.85,2026-05-27T03:19:51.175565+00:00,2026-05-30T02:19:51.175565+00:00
3cfbf548-71c3-4ff1-a9f4-6fc18390332c,17b02964-0f8b-4c79-ba8f-144fba2f2efb,aaed91d6-0032-4f51-a13a-5914f6343006,low,0.683,recovered,whatsapp,8019.52,2026-08-07T03:21:51.175565+00:00,2026-08-09T00:21:51.175565+00:00
e6430fb9-6da2-4c32-9279-233f0c27da32,aada280e-afbe-4906-8de0-ad0225f2e8a8,bd8e02fa-5bcb-4dbb-ab3d-0ec45f6b85c8,medium,0.593,recovered,whatsapp,499.0,2026-07-19T11:54:51.175565+00:00,2026-07-20T00:54:51.175565+00:00
e977c0ca-d662-4d39-b387-72688ed6c792,6b02d57d-fe7f-4410-b808-a878f345ffb3,a680d6fd-4456-4473-a293-7a2c32867c98,low,0.857,recovered,sms,1639.43,2026-08-15T08:08:51.175565+00:00,2026-08-15T19:08:51.175565+00:00
fd536d8c-bb86-41a9-baf0-1b91a96e835f,02d064d5-c238-466a-8f47-45bc34c794e8,8b3aa19f-933c-477b-b97e-6d1300d27b72,low,0.811,recovered,sms,4512.48,2026-06-06T11:33:51.175565+00:00,2026-06-08T02:33:51.175565+00:00
691547a0-9019-452e-98b1-54f4929e4c82,4154a4be-fe76-4784-af6a-8b9945fff987,b7bbf941-add5-407e-ba72-b6fe44333c2f,low,0.781,recovered,whatsapp,2176.2,2026-08-10T21:55:51.175565+00:00,2026-08-13T02:55:51.175565+00:00
89efc0f6-f4bf-4b33-9079-e721cb80e37b,d4e5a2ae-51a3-40d4-9a51-0c52291fdda4,3a0de9db-6c3d-4057-978c-f69a8f3b9823,medium,0.469,lost,email,1466.79,2026-08-06T06:45:51.175565+00:00,
1230447b-3a7f-4c9b-8a19-c6cca4bc35ae,c3300095-f4e2-499b-ab87-10ab642e2ae9,807531c6-1a0a-4346-af64-ae9eb3f6b6e3,low,0.728,recovered,whatsapp,1499.02,2026-05-25T20:27:51.175565+00:00,2026-05-26T09:27:51.175565+00:00
a1abfcc9-eebd-4210-901d-7603ca3a1ba3,cc52592f-d306-4bed-acec-b8a925edc014,841b58f9-3c6b-4ddc-88ac-fb6f2bfedd04,medium,0.613,recovered,sms,940.35,2026-06-15T14:12:51.175565+00:00,2026-06-17T17:12:51.175565+00:00
965e6b8c-4336-4588-a842-c3f647397dcb,161b099b-c1df-4dde-a896-d80602d30376,60bf13f7-8d2e-4fa4-83d8-04358fc53b4b,medium,0.367,lost,voice_call,4641.74,2026-06-13T23:54:51.175565+00:00,
ade0341f-8215-494c-af9c-8113dd5d954e,da27d156-4867-48e8-819f-583f54ff85f8,53d0190c-7a09-4341-a6a5-9fcf2782ba1e,low,0.762,recovered,whatsapp,3775.17,2026-06-07T12:10:51.175565+00:00,2026-06-10T12:10:51.175565+00:00
bff7ab9b-b033-4270-a0b1-d6d2dda878f5,4dc6efce-7eb7-4413-a190-7d5f56334e95,1f72a355-ea87-4606-934b-2968417eff2f,medium,0.455,lost,whatsapp,2680.16,2026-06-01T15:08:51.175565+00:00,
64392389-8cff-48ad-8ded-e0c4ffb99ccc,2ce4e1ae-d02e-4e94-b054-9ebea3cea83b,e110d09d-6be4-4e29-9c49-3232f3d1bd79,low,0.679,lost,whatsapp,1686.61,2026-07-12T10:55:51.175565+00:00,
6d0d27b8-7834-4f9a-aec6-d07dfc8bf366,235fc44d-7c6a-4ead-9897-a5bdddb6a694,f6771caa-d36b-45e2-8662-d83108debb46,low,0.691,recovered,sms,804.23,2026-07-16T07:08:51.175565+00:00,2026-07-19T04:08:51.175565+00:00
e1ce7f51-bd96-423c-86c9-bf8ad045134d,166ca642-9c53-4ffe-a086-4f8065ef0221,2622ec4e-509b-44d3-bb98-aa88a95a185b,high,0.276,lost,voice_call,1216.81,2026-08-04T15:50:51.175565+00:00,
677caaee-9076-4470-8368-d8c4a6ddac3e,1e8b8ecd-f900-4cb6-bae8-1e3ae9fdc704,507166da-450c-47d9-9ca4-1339c5053949,medium,0.449,lost,whatsapp,11927.21,2026-06-30T11:14:51.175565+00:00,
0f9ab775-aa1e-4bd4-bac3-08d36402d853,4a88f535-2941-4b8b-8c17-6d81b2fb9370,cb508968-a4af-417e-8bbc-36962b45ff1a,high,0.331,recovered,voice_call,17144.52,2026-08-05T02:58:51.175565+00:00,2026-08-07T12:58:51.175565+00:00
296505ec-61bc-4ba7-bff3-cb2fca488976,ebea0372-9c8f-471e-a0a9-30ad445cd709,0476dfbf-bde1-498c-a84e-6338a4c220a3,medium,0.64,recovered,whatsapp,1996.99,2026-06-18T05:28:51.175565+00:00,2026-06-18T22:28:51.175565+00:00
37251152-8ce3-4dbf-add9-1902add31647,5874dbd7-5b8a-4eeb-90c2-847d829fe40f,b88597b5-9cab-4dac-b253-cb88c42d38c6,medium,0.588,lost,whatsapp,2757.7,2026-06-06T09:10:51.175565+00:00,
90e6ab0d-65ef-4c01-8b41-30e77e44fb97,4bce7b6b-a32c-46d3-8aa1-ed20ecb6f1d9,dcb25df4-4066-47a0-88c1-8b5f41cb28db,low,0.85,recovered,voice_call,1044.5,2026-05-28T03:08:51.175565+00:00,2026-05-30T03:08:51.175565+00:00
29559b9e-64a5-487f-a76c-6a2f5bf774eb,b87292f7-0a4d-4f98-bc6f-d704c2613177,efab526a-f4dd-4ccc-b8cf-7159d1a3070f,low,0.762,lost,voice_call,1549.78,2026-07-19T10:36:51.175565+00:00,
6f88e792-4fe4-4c4f-8a8f-3b37c3805cd8,dd2095e6-60b1-4e53-9d9f-530625d1a092,224d29e1-3ccc-43eb-85ad-69a15b821f16,low,0.753,recovered,email,946.16,2026-08-08T00:18:51.175565+00:00,2026-08-09T22:18:51.175565+00:00
22401209-04b9-4bca-b488-5507a5598383,c14bbe82-26f0-42ed-afa1-7b3ca97054b1,7cf80d8e-27ed-47b0-84ce-0a9327cbd21a,medium,0.586,lost,email,5366.03,2026-06-18T05:59:51.175565+00:00,
3eb60052-1b3c-48c3-b6ef-b21b75f6e5ce,69622109-20fb-4e6e-8d8c-d06172e40940,b0b4045e-1017-4ef2-995a-a20278d25baf,medium,0.613,recovered,email,865.65,2026-07-03T22:07:51.175565+00:00,2026-07-05T18:07:51.175565+00:00
77c0f423-6674-4cc9-a660-27eeb26533b7,3284dfdb-acd2-4aa0-84df-a51c63c2d273,20fcbd87-3981-4ffa-8cda-ae6d8647e448,medium,0.528,lost,email,1416.92,2026-06-23T21:52:51.175565+00:00,
b9b24a77-c1a8-4200-a29d-a5f57c8f854d,bde82d45-0402-487e-91c5-576eaa4ac7b0,60bffa55-f091-4b07-891e-0a7ae7086284,low,0.827,lost,whatsapp,1478.58,2026-08-12T20:43:51.175565+00:00,
0d67332a-ef2b-4790-99aa-e57478bd5998,fc6098ff-a40a-45aa-a62d-eee089e50e34,5b850a99-15f0-4771-864d-6f83c1c08c73,medium,0.546,recovered,voice_call,2764.93,2026-07-20T22:06:51.175565+00:00,2026-07-21T09:06:51.175565+00:00
1d7c08be-2467-471a-83be-6fd31628a91b,24e5b366-fe42-496c-9af7-7f3cc3b4eda2,27c32c1d-9b24-48b7-ba36-0407fcf305be,low,0.726,recovered,email,2561.85,2026-05-29T01:36:51.175565+00:00,2026-05-31T17:36:51.175565+00:00
c15a5764-abb8-4002-a358-e4e71b47fc24,02fb561b-8528-413c-991f-6c2c4c0b8ebe,5c0241fa-1768-4698-b6c3-5173cde1b743,low,0.85,recovered,whatsapp,1115.88,2026-08-02T06:39:51.175565+00:00,2026-08-03T01:39:51.175565+00:00
e1c7a193-b1d7-4d6c-91d4-2b6be62c9bec,eb0e7d6d-3c8f-42ef-8105-982895589388,0e1793a2-5f42-402f-9f18-6202f186511d,high,0.34,lost,voice_call,9462.87,2026-08-06T19:59:51.175565+00:00,
03130247-d366-4c46-a84d-5967fc680550,efc0ae7e-dd10-4ddd-a925-a3fa72cff795,f669606f-ac5c-4940-b82c-c0983d836cba,medium,0.427,recovered,whatsapp,12069.03,2026-07-07T00:26:51.175565+00:00,2026-07-07T11:26:51.175565+00:00
6f00357c-7331-47f5-92d6-8e79ae49e589,9dcedaeb-6ac4-49e8-9641-4ef32bef3259,4819b5cc-9bdc-4638-9dcd-b5acf17da249,low,0.745,recovered,whatsapp,2147.05,2026-08-06T17:12:51.175565+00:00,2026-08-06T22:12:51.175565+00:00
dff74ebf-6611-48e1-b4d4-74fca993ec4f,5cce6475-5782-4554-9067-fbdba2c2caff,00b2aa8b-1904-4503-ae41-66c486f378ad,low,0.738,recovered,sms,3475.58,2026-07-15T22:07:51.175565+00:00,2026-07-18T06:07:51.175565+00:00
cd4e89d7-5063-424f-9437-f79dc252f47c,0538ecbe-b399-45cc-bc93-2f11f6986aed,8c4d6571-c161-4427-9c7e-18cdc451e839,medium,0.457,lost,email,1386.38,2026-07-06T00:57:51.175565+00:00,
e586f310-6a3c-4569-8810-295168822a17,ba7bd960-2613-450c-9c37-9b69228cb0f1,94e85bb5-aaf1-48cf-a653-eede93673a75,medium,0.495,recovered,email,2098.83,2026-06-06T06:28:51.175565+00:00,2026-06-07T12:28:51.175565+00:00
d64020d8-eadf-4b06-bdfc-4f630ef73bf9,c9f898c8-e7e7-461e-8892-7d14e9cbd4bf,c8162b2c-d1b3-4f0a-9348-87ca1a7b353c,medium,0.619,recovered,email,5280.01,2026-07-23T23:21:51.175565+00:00,2026-07-26T22:21:51.175565+00:00
80d231b9-e848-4e88-a08c-2896225cfb3d,aca982b1-7d7a-4ecb-89c5-7a8418b943d3,112d0982-d16b-4bbf-b967-65059b7ea3b2,medium,0.631,recovered,email,1762.07,2026-07-15T02:13:51.175565+00:00,2026-07-17T22:13:51.175565+00:00
75a682a9-651b-4596-b775-fbcddecd23a9,4686dbca-5ca8-4d45-bd93-2985d71d0239,cbda9508-7f5c-460d-bfe5-481f8025decc,medium,0.55,recovered,email,4465.49,2026-07-11T06:17:51.175565+00:00,2026-07-12T19:17:51.175565+00:00
d059eb46-70a9-4009-a6f5-337472ae89ed,4cf0f749-46f5-431b-be8d-46ffe7122d59,97218e1e-c18f-4025-804d-54852021ebbb,low,0.755,recovered,email,499.0,2026-07-04T17:19:51.175565+00:00,2026-07-06T13:19:51.175565+00:00
0944d7b5-cb0a-4401-983a-2580ad5296fb,9815a8bd-1e4e-4b65-a9a3-39905cbd6836,42b92cd1-de9a-4a10-9eec-684835fcdf8c,medium,0.35,lost,whatsapp,7145.5,2026-06-13T18:38:51.175565+00:00,
d82ff559-f6c4-4e96-8a2c-5c4fa3a416c1,26d0b448-5913-4171-8bef-401fb5d839ae,b31d0e65-ffdc-4426-9711-16baf34f33ab,low,0.832,recovered,whatsapp,2048.06,2026-07-21T09:00:51.175565+00:00,2026-07-23T01:00:51.175565+00:00
b12e47d0-52ef-466f-8c59-332e83eb9bfd,3c0098db-cb96-4fb6-98b1-88c321054e68,3b522ece-e2d0-40c8-b366-b280b8c81a9e,low,0.668,recovered,whatsapp,1721.31,2026-06-22T21:22:51.175565+00:00,2026-06-23T18:22:51.175565+00:00
8eb68332-f876-4943-aed3-f682b15c09d8,24e5b366-fe42-496c-9af7-7f3cc3b4eda2,ba332a59-cbf7-49ef-bb4d-cb4d15e2b466,medium,0.541,recovered,email,1821.39,2026-08-14T10:37:51.175565+00:00,2026-08-15T05:37:51.175565+00:00
ac0a0937-4924-4dea-80f8-97947e69f68e,26c7d1bf-cb51-403c-9dac-4bffe0a5b9b5,7dd3fc8f-aa7e-41a6-aff9-c8f7715b4743,medium,0.642,lost,email,603.48,2026-07-25T09:11:51.175565+00:00,
4ae5b9ff-90fe-4e80-8d46-1299aa9fe84a,9eb38237-5f93-41be-975c-bcc850dd2940,2d343af6-7b7c-4004-93ae-36b3c12661bc,medium,0.566,recovered,email,3762.13,2026-06-29T17:35:51.175565+00:00,2026-07-01T03:35:51.175565+00:00
ddb21f49-7012-45e0-83de-a3cc5cbc9c73,54000f89-457c-4724-a11d-3df6c48ea285,972dacf1-b37e-448f-85b9-9d8e953e1f65,low,0.851,recovered,whatsapp,1894.04,2026-06-12T11:23:51.175565+00:00,2026-06-14T11:23:51.175565+00:00
5aea8cd8-74e6-42db-874d-4bd70ee4410d,5cb8b659-b91b-4609-b0d8-a2682ac1444f,a08b6ad1-12bd-4db2-a7a7-82c439fb7746,low,0.731,lost,whatsapp,1027.42,2026-07-06T15:46:51.175565+00:00,
41a8331f-f75f-4515-aacf-4642fc8ae8f5,e4bc3efe-5535-47e1-a365-69b54d456b4b,bcfbabcf-8bc2-4c9e-b7f2-9052619aefa6,low,0.954,recovered,sms,922.59,2026-06-09T02:36:51.175565+00:00,2026-06-09T06:36:51.175565+00:00
9bc8f1bf-5bd2-4cb5-a2eb-aa8e6c44566a,85efed74-5606-4801-9a33-a3b4c2030e34,5fb083e9-e130-41f2-970e-19254beee72b,medium,0.484,lost,whatsapp,4960.1,2026-07-15T08:35:51.175565+00:00,
d1c6f205-5c02-46f5-8662-2d86365a7aad,214d8ded-3428-4a42-93e8-9ab896fc7409,74d803e0-4006-44e5-95ab-f771e2da6454,medium,0.439,recovered,voice_call,2906.11,2026-08-06T04:16:51.175565+00:00,2026-08-09T01:16:51.175565+00:00
9296c17d-a655-4b26-abe0-cc9774a90974,7a27e7b7-ffec-47f1-bfdf-35408323a3a7,523b8053-1b58-4e17-88c9-d9b240d6a50e,medium,0.521,recovered,email,2541.56,2026-07-13T20:34:51.175565+00:00,2026-07-14T01:34:51.175565+00:00
6315c61b-8dcb-4bef-9b26-2df11e1f7a98,2f6672d7-83a3-4360-9a11-6ba8f1cceac7,24d5323d-eb7b-4ab4-917e-228919ea75ec,low,0.796,recovered,whatsapp,3459.07,2026-06-09T00:14:51.175565+00:00,2026-06-11T23:14:51.175565+00:00
a4bbcbd2-0af5-4dd8-8a52-522c128e0770,90c846b0-da92-45af-ae06-a9d0166dd7a5,753083e8-a14c-4430-9240-7f3799377529,low,0.803,recovered,whatsapp,1549.98,2026-06-30T18:22:51.175565+00:00,2026-07-03T17:22:51.175565+00:00
c6b6e781-0f9c-4d7a-97f6-3f0ab02f5d30,8f8c27af-6e20-4060-a6ba-159da46dc98d,cb8ffd98-1e18-4269-aba4-12a1825240bd,low,0.885,recovered,whatsapp,1728.86,2026-06-13T11:35:51.175565+00:00,2026-06-14T13:35:51.175565+00:00
c98b3a50-d5f7-49a9-b99b-c28bafda9768,2a8c7114-4f3d-431f-8393-8b24c8cde9ff,bfd8f7d9-5a35-44ce-a703-0ca498fb0cbf,medium,0.57,recovered,voice_call,770.86,2026-06-25T08:00:51.175565+00:00,2026-06-27T07:00:51.175565+00:00
1819df1c-6b87-466c-bbc9-084ea0c69e79,64ed5fef-317b-4a69-87d7-ae9e4dc30879,9e530300-503c-4a33-945a-42a90c75a5ab,low,0.792,recovered,sms,2872.14,2026-08-01T10:57:51.175565+00:00,2026-08-02T13:57:51.175565+00:00
d0bfeb51-9a7d-4bb8-8b9c-4b92b671db68,8996d457-a5d7-4d3e-ae65-038623020821,d3dede76-1301-4ef0-a6c6-6237fad1c3f4,low,0.806,recovered,email,2211.64,2026-05-25T05:32:51.175565+00:00,2026-05-26T18:32:51.175565+00:00
e464a524-68ad-4eaf-a26c-c405c2bf1252,d58b68a7-59d9-48f4-88bd-87b4db409c94,4b12cd09-bb09-439a-8a65-cba71a028d40,low,0.861,lost,email,1518.18,2026-06-11T10:58:51.175565+00:00,
ccee1b5a-48e2-4ab3-9806-8b25254ad95e,3bc4db41-0d9c-43ad-94c0-162f2a812580,830108d9-3bd2-48f0-9c8c-b56fd46726d1,low,0.686,recovered,whatsapp,1653.33,2026-06-04T13:41:51.175565+00:00,2026-06-05T08:41:51.175565+00:00
d0778d16-0055-482e-8e83-8d50c02e05da,22ba18fa-1721-4e7a-bf0b-cd59c963ec22,e13c9406-a1b8-4093-8950-4299a5d7ee27,medium,0.584,recovered,sms,5267.98,2026-06-12T08:20:51.175565+00:00,2026-06-14T09:20:51.175565+00:00
ea8e46f1-eaaf-4bf1-b18a-2212501bc993,e1303c0b-6067-46ba-b568-28a31923e001,03750f34-ff6e-4b18-bbcf-0fc66b496df2,low,0.711,recovered,sms,499.0,2026-05-28T11:59:51.175565+00:00,2026-05-30T22:59:51.175565+00:00
02b3fdd6-fb52-4a0f-8347-6ad9505c5ae1,8cc88fdf-f551-4639-9f7d-2d72f30eb17d,e2e343f3-6b2d-49ca-8110-16549912d7a8,low,0.766,recovered,voice_call,3345.93,2026-07-06T21:32:51.175565+00:00,2026-07-07T22:32:51.175565+00:00
d8a85a38-cca1-4fa7-8b98-916e0a8df53d,0ef2b53d-7555-4c03-83aa-ef648ec58d96,bf13a15a-540a-4ac7-96bc-bdfe85a4364d,medium,0.378,recovered,voice_call,6700.73,2026-05-26T10:35:51.175565+00:00,2026-05-26T14:35:51.175565+00:00
2a918622-be23-40ce-9676-861fd26d5f0f,41bc636b-72a4-417d-8c48-ac3e0765227d,4812e413-cd08-426d-b147-5f156b0924b3,medium,0.493,recovered,email,709.9,2026-07-14T09:54:51.175565+00:00,2026-07-15T00:54:51.175565+00:00
200ea21e-39a3-4307-9c91-bf398820ad0e,e38fcb5b-d812-4175-ac23-279b5428696e,ba1fbcb1-c3d3-4a81-a6ac-2d1ba4a7bc8f,high,0.255,lost,voice_call,3461.15,2026-08-16T01:55:51.175565+00:00,
07d3b188-ada7-473d-b7af-24d5879634a0,2dc862b8-6983-499d-b8bf-b103012ae60a,c31eef4f-eee9-4695-be46-1d0d2c581b00,medium,0.632,lost,email,867.71,2026-07-21T21:23:51.175565+00:00,
97d0f8ac-8c65-4438-ab11-74df5db42e79,13fde53f-e2f6-4c58-afcf-e710f173d84f,0005f79a-7ba4-43e8-93a6-f17e1e931033,low,0.892,recovered,whatsapp,1128.49,2026-08-10T13:21:51.175565+00:00,2026-08-11T19:21:51.175565+00:00
b348e839-cced-4a53-8a76-e3b0553ce067,623da3ac-8b86-4f5b-a69d-c2fe1fc79310,c7380b73-0eb1-4e76-8446-34f260f60597,medium,0.463,lost,whatsapp,618.38,2026-06-18T21:42:51.175565+00:00,
52d4e128-4963-4626-9cc7-79f815cc24ac,d7e57d8a-3f5e-42dc-b4a9-21d742ccc554,34144f0e-ecc3-4342-a934-dbe49ded0575,low,0.737,recovered,email,3955.81,2026-07-04T08:54:51.175565+00:00,2026-07-06T06:54:51.175565+00:00
4a383b52-97af-4705-bc74-d075c38be4e1,a323a181-10ac-4329-8c2a-589bc3b3e5cf,68ffccac-8b3d-4b98-a052-2885b0742589,low,0.75,recovered,email,957.02,2026-07-16T14:44:51.175565+00:00,2026-07-16T20:44:51.175565+00:00
c42218a9-aa7d-4e64-ae60-ab6e00d56bf9,b1a648c8-1613-40fa-b1db-e6cfb40bb9e3,e5ab9864-3bf2-4d6a-b64b-7e5535f19b56,low,0.748,recovered,email,499.0,2026-08-13T17:12:51.175565+00:00,2026-08-15T11:12:51.175565+00:00
0fceb7f6-cffb-4ec9-b316-1ef8a1a95dc9,256e4705-7435-44a0-8dcc-20386862e16f,dcd6312f-de0a-4f89-a846-b4ae32c48640,medium,0.449,recovered,whatsapp,16571.27,2026-08-14T22:53:51.175565+00:00,2026-08-17T22:53:51.175565+00:00
565a6eb7-ae43-4e62-b705-cecaed18fbf5,731bdb93-3c8a-4aa4-a5bb-4b8438ffff1c,dfb64c8f-e977-4411-b6af-1199bbb71726,medium,0.637,recovered,whatsapp,2584.19,2026-08-12T07:00:51.175565+00:00,2026-08-15T03:00:51.175565+00:00
fde3e6a1-d81c-4eb9-869f-0851c7b585d0,0033d744-a2e1-45fe-b304-f55ad4d4fa13,3cdd2345-366a-4d21-ba07-bd7763526970,low,0.703,recovered,email,851.7,2026-08-17T02:24:51.175565+00:00,2026-08-18T06:24:51.175565+00:00
2af81077-290d-421e-a417-99317a358c48,79f74636-5c8f-4b7d-bcbb-45c40e39c201,c1922425-c076-4a30-b893-5109118cf496,high,0.319,recovered,whatsapp,3206.11,2026-07-05T03:31:51.175565+00:00,2026-07-05T15:31:51.175565+00:00
e2f10070-ad8a-4e64-b59e-f03a2d237b52,d0c1191b-480d-4d3d-97a1-cf8aec396cae,3eef1bf2-abfe-41ea-a4b0-367d8fce4791,medium,0.64,lost,whatsapp,1285.28,2026-08-08T20:45:51.175565+00:00,
ff6c5cd4-cf98-48c0-90b2-55f52e2ca35f,5a8141d2-c4a6-4e86-aa65-ccb38ae965b6,799f32c6-d75a-42c2-9cb7-2e7061f51eda,medium,0.609,recovered,sms,5623.71,2026-07-03T04:07:51.175565+00:00,2026-07-03T12:07:51.175565+00:00
47ae3f6b-1c59-47a1-9b08-83608b4df7fe,7aab41cc-cfcf-4765-8480-34f2d772b6fb,d02e1c07-9d96-467b-aa05-3f0b8a195abc,medium,0.548,lost,whatsapp,3586.63,2026-06-30T02:47:51.175565+00:00,
f7dda29b-dddc-497d-bf07-a0683d27d104,6667ddd7-13a5-44eb-beee-86584898f505,3ef14ed5-9132-479f-a69c-2129afaa1846,low,0.762,recovered,whatsapp,1367.44,2026-06-28T08:07:51.175565+00:00,2026-06-29T05:07:51.175565+00:00
99eea688-5890-4fe9-9330-24ef104410f5,0af75e65-7f1f-4a3e-9632-6be78f281fe9,6a386bac-3ca7-4cdc-9ed6-e8d664c86e82,medium,0.473,lost,email,5324.68,2026-07-01T11:42:51.175565+00:00,
5dc6fbdd-e031-4b89-bab4-db4cc68736de,b116feb2-93a7-4d06-b1aa-5ed734b59704,302445f0-4e33-4035-8625-b0c0355b7213,medium,0.531,recovered,voice_call,1287.01,2026-06-11T13:59:51.175565+00:00,2026-06-13T17:59:51.175565+00:00
5b9dccb3-2ab5-421c-85d4-12bd97783501,5fa94aa6-22bd-4a25-8bb1-b6e0de69e75e,618065f9-e66a-4f8c-990d-e97cc0dee8a5,medium,0.606,recovered,email,3401.14,2026-07-30T00:20:51.175565+00:00,2026-07-30T21:20:51.175565+00:00
e9218328-b5cb-47b1-ae81-26d54704c847,03a9bbea-3cbc-4921-acd4-bc87296f6aa4,014cd0ba-a90e-44c5-bfec-c308859cd582,high,0.333,recovered,email,2430.97,2026-06-07T07:53:51.175565+00:00,2026-06-10T06:53:51.175565+00:00
8ca6ab12-cc0b-4aa1-8e98-e957416e325e,624008aa-cca5-44b7-baf9-b29381193ae7,f471392a-bcd1-4b5e-832f-5c34fb29ada6,low,0.799,recovered,whatsapp,1140.68,2026-07-09T20:22:51.175565+00:00,2026-07-11T18:22:51.175565+00:00
f563b5cc-f7d0-4576-85d6-89c25dd19720,f8d9169e-1887-4419-b2d3-c65935fa8b55,fcbf7ddb-8efa-4117-8a37-259585b08704,low,0.839,recovered,whatsapp,751.62,2026-08-12T05:28:51.175565+00:00,2026-08-15T03:28:51.175565+00:00
4b8ef47b-3a6c-46fa-ba6f-7bbe74a0a83f,170d7b5f-f6be-467f-bcc2-67640496960a,b052bc20-26de-48ee-9cfa-fb7ed582e0f2,medium,0.414,lost,email,499.0,2026-07-18T20:02:51.175565+00:00,
ecd0ae69-2e7a-43f2-826c-09cd8ecd8d18,8959cdf8-fbab-4673-91c5-56a018125a05,e070e9f6-7980-4171-a281-dcd33519f5d9,low,0.692,lost,voice_call,3172.67,2026-06-30T07:09:51.175565+00:00,
80ec7cf7-aaf4-4e3e-9afc-06a7201ccc41,15e439e9-d40e-4517-be3d-558c0f23a546,253cf2a9-c404-4f12-b4ab-95bdcbf4a3f3,low,0.725,recovered,whatsapp,754.62,2026-05-31T14:15:51.175565+00:00,2026-06-01T21:15:51.175565+00:00
81f9c5b7-f906-446e-9fcb-02796c87de17,ed137224-ba76-4743-9e28-0342076257fc,53737a94-db4e-4268-933f-580dac12839f,low,0.847,recovered,email,3475.76,2026-06-27T00:30:51.175565+00:00,2026-06-28T06:30:51.175565+00:00
2dd0ce5b-d708-4791-8bc9-cd19d4236704,1fce6a68-7258-42dd-b260-b53fa879a4fa,151f086f-1409-43c6-a3af-172ce678c7fc,low,0.65,recovered,email,1248.25,2026-06-23T12:27:51.175565+00:00,2026-06-26T07:27:51.175565+00:00
e8d924df-f7b1-4e32-aba5-44981832f40b,4bf7bcb9-1dbb-4abc-8de2-7238348b7844,61a60676-49e8-4a88-9fa1-63402719bde8,medium,0.486,payment_attempted,email,1879.38,2026-08-20T15:08:51.175565+00:00,
5843f8b5-85f8-4aef-89cf-52f4ee98e212,2e951687-c362-43e9-be33-7d78460ed13d,4090a9e1-3e28-40fe-aed6-f210cef1ada9,low,0.947,recovered,sms,3096.37,2026-08-11T07:55:51.175565+00:00,2026-08-12T02:55:51.175565+00:00
82042de5-43d0-4a4d-b91d-15c6f96b40a0,fcf07166-cd2f-47af-872d-70a85a232339,9334658d-a8d1-4c1b-84aa-58ae9502f9d5,low,0.865,lost,whatsapp,2659.43,2026-07-31T14:32:51.175565+00:00,
4f44a8db-dce1-4856-8b28-a37c48603d01,372fac59-4e7e-439f-bff2-e08a1b464963,b809441e-ecc9-4c0f-8670-80344196087b,medium,0.375,recovered,whatsapp,1384.54,2026-07-05T06:33:51.175565+00:00,2026-07-08T03:33:51.175565+00:00
c1915294-73e8-4a5c-a5c1-7a446d7ee0cf,32cb611d-22dd-4e74-a504-2392580865c2,73fc2098-e20e-4227-8d8a-3f05f06d05cd,low,0.777,recovered,voice_call,5229.02,2026-08-17T19:42:51.175565+00:00,2026-08-20T19:42:51.175565+00:00
a1392a22-d7f2-468f-89e3-c29adcfa1e81,ac638c7b-bfe2-4481-aae9-a65fd3762fc4,9ba8db4a-4d4a-430b-94c8-40209243deec,medium,0.561,lost,email,983.39,2026-08-18T19:59:51.175565+00:00,
8da39a37-cb74-4fe1-884e-94a8e47696b8,a582db7d-7fae-4708-a82e-0dd18dce4801,ec5b7d17-cdc5-475b-a0f1-19e2026a459d,low,0.701,lost,email,3586.97,2026-06-07T23:47:51.175565+00:00,
01b3385a-f79a-4ecf-8a81-7bb172b2deb2,b8a8d109-289b-4dde-b1e5-36b95ee4dc41,352789d7-8aeb-473c-ad53-af4dc82dac8b,medium,0.607,lost,whatsapp,1872.64,2026-06-28T06:47:51.175565+00:00,
c431a749-fca5-4328-88dc-72430c2752bf,de1f8573-184c-416d-8341-adf0cb65fd1a,065e8207-e48b-4464-9deb-0201d6e62eb9,medium,0.633,recovered,email,1704.22,2026-08-12T00:03:51.175565+00:00,2026-08-12T20:03:51.175565+00:00
cee58a3b-041e-4aeb-8808-6524167ac9b6,c5be75e7-1bca-4b81-a948-7031a3103eaf,04681546-84a4-40a6-9e46-6d47465f30d4,low,0.679,recovered,whatsapp,2255.56,2026-07-04T08:33:51.175565+00:00,2026-07-05T08:33:51.175565+00:00
79f18091-288d-4f75-a894-87c773ba6dfa,335cea9a-587f-4667-8256-4154fe746e6a,5defa38d-d6f0-4c15-b021-59bf868f86db,medium,0.481,recovered,email,8020.68,2026-06-30T09:12:51.175565+00:00,2026-06-30T16:12:51.175565+00:00
7a22adb4-5d90-4420-abc5-33aff34db60f,02a22a75-58ae-4e7e-934a-b740081ba04c,16c9ef8a-e243-4144-be70-3f9d8c9d4936,low,0.738,lost,whatsapp,2053.32,2026-07-22T03:39:51.175565+00:00,
a08d9040-de23-44f7-b200-2015a0c38a9b,e15ec68c-5675-45c4-b7af-957581ec7b23,b9787628-2b55-4fa3-8a4a-29e4a1eee496,medium,0.601,lost,email,858.81,2026-06-03T05:13:51.175565+00:00,
185fe4fd-edd6-4775-9cc8-c8f2bf1ad98c,496dd9bb-fd9c-422f-acef-29a6adf7b455,9fe8a60e-bef3-4e66-882b-0b1871fb804a,low,0.678,lost,sms,5438.86,2026-06-29T00:16:51.175565+00:00,
86515152-8453-4cd1-9ede-6c0a9d54159c,6ca367c9-1a0e-4d9d-a8d0-82d55c5cf905,8064b3eb-616b-41ab-b55e-d66ffc8a3b49,low,0.683,lost,sms,1212.28,2026-07-02T22:59:51.175565+00:00,
f056ebee-51e5-4127-8c74-3d9cde4287eb,0219b2dc-3690-4ddb-a912-1c065ced23cc,450e092f-a7bf-45b5-a29c-743d455d8083,low,0.766,recovered,sms,499.0,2026-06-27T10:52:51.175565+00:00,2026-06-29T06:52:51.175565+00:00
55cc3481-d8b6-42c6-b149-ea3566342f1a,f98f7d19-379d-4cea-8ef2-fd1c039b09bc,526fbfcf-b980-4ece-86f6-c410fc3da296,low,0.845,recovered,email,1792.24,2026-06-22T12:17:51.175565+00:00,2026-06-23T14:17:51.175565+00:00
eb6ae3eb-1e54-430b-b403-b5c9160de3f1,d43087bb-d8b2-43cd-9d48-53b57349dfb5,6fae14b9-0eb9-4fc9-88e6-b6f8aa76211e,medium,0.572,lost,whatsapp,962.41,2026-07-12T18:45:51.175565+00:00,
df03be54-8868-4bf8-baaa-96830fd3e163,97c85581-bf13-47ca-958c-e06a1a7a658c,1e717299-a261-49ec-9ae2-ed21e755dddc,high,0.301,lost,whatsapp,3299.7,2026-07-24T14:23:51.175565+00:00,
ebc106a4-5283-41eb-a721-c0c58fa462a7,3e68f9fb-3a9b-4bae-b3fd-f0cb29e1ab2a,fe9af23b-b3d9-4f60-9a46-bf8829237616,medium,0.48,lost,email,1060.06,2026-07-10T17:42:51.175565+00:00,
049e05bb-a8ae-4c3d-a940-de506a30ea1b,17a68332-b7e5-4763-ac90-79fa762b68b6,ddb2ac72-17f3-4215-8b2e-e4646ad6128e,high,0.302,lost,email,9797.02,2026-08-08T07:14:51.175565+00:00,
1c4cb1a0-0786-4b63-9416-cb24e52decce,c8a872af-d792-4505-9fbf-b1e1e99dc5a3,dd0688e0-554f-426c-b947-0a1c7199f117,low,0.669,recovered,whatsapp,633.37,2026-06-30T13:10:51.175565+00:00,2026-07-01T08:10:51.175565+00:00
bf64a79c-27b3-4aa5-8388-0744b4aa3b2f,18347408-3ac3-4d4d-be58-71f4598b43f1,4a32e07e-58be-4b06-8481-895adcf01579,low,0.694,recovered,whatsapp,6415.04,2026-08-03T15:26:51.175565+00:00,2026-08-03T21:26:51.175565+00:00
6b42c528-df6c-4ccf-97c7-9d598088dbe8,2534e6da-a276-4cb7-b95b-6b2d7b00e134,dd7e0a7f-860a-456f-b99a-3ba74f01e1e9,medium,0.519,lost,whatsapp,3542.17,2026-07-12T11:11:51.175565+00:00,
e288ffeb-186b-41b8-99a0-d2cffa0ea34d,8e790598-6392-4323-b0ea-2d5171418140,d353f9ee-69ef-49e5-aa21-88d6cb456bda,medium,0.645,lost,email,6370.83,2026-06-24T07:31:51.175565+00:00,
bb762e65-817c-467c-a2dc-08baa0d49ffa,fb7ec571-a9ea-4eb7-8b17-ee4f3243d889,6ccc27b9-fdc3-49d6-81c3-4de8b50004eb,medium,0.617,recovered,whatsapp,3460.48,2026-06-22T08:41:51.175565+00:00,2026-06-23T02:41:51.175565+00:00
7407522f-9127-4f36-8155-dbc4d9f95727,9d642f56-5ae2-445a-8025-0b23ce960fe4,a4974da7-a8cc-46f3-8088-5443482f4275,medium,0.603,lost,sms,1696.92,2026-05-26T05:19:51.175565+00:00,
f5f7b6e5-5841-4430-965e-4cf4948ab43e,2675d49d-1647-447c-b083-2f02cfe16637,7be4c65d-2e14-4a61-9bc1-73300834b75e,low,0.727,lost,whatsapp,2265.9,2026-05-26T08:31:51.175565+00:00,
8e9771d5-5352-478a-8c4d-cee18c39cf8b,a99f5d7f-3787-4e0e-b06f-560c0047ce21,5cf09607-5b15-4674-97d5-f207855b85b4,high,0.197,lost,voice_call,2616.68,2026-08-16T06:47:51.175565+00:00,
f8a6fbb5-ccec-4d1b-adf2-3b58b57fde9f,e66683d1-bbcc-468c-8c5a-28b0a2d1d11d,aaf40c73-9d16-418d-a5b3-7247ab7a967d,low,0.661,recovered,whatsapp,1481.26,2026-06-06T23:41:51.175565+00:00,2026-06-07T13:41:51.175565+00:00
4f846eb6-3c6a-4b6d-b913-8764e64fb26a,db3a8c57-156f-48b0-9c35-e3a557f4d5bc,5d70b884-703b-42b6-9089-17e3566ab8c5,medium,0.411,lost,email,8878.98,2026-08-03T08:57:51.175565+00:00,
edbc15e1-fce2-4812-aa1f-b67809ca7f80,58e4fc10-926a-4d42-8e2f-792daae69f58,d8656637-66f2-45f6-8780-6a68c104f8a3,medium,0.582,recovered,sms,4606.57,2026-07-19T15:40:51.175565+00:00,2026-07-22T10:40:51.175565+00:00
62d5e8f2-a998-4764-9bfb-36fcb2b258d0,44ee1b21-43eb-4a49-8cf0-b32e0b7b7e02,519892ba-2e20-4711-ab4b-a24ece1eceb9,low,0.717,recovered,voice_call,11390.33,2026-06-09T20:06:51.175565+00:00,2026-06-10T16:06:51.175565+00:00
35859a8b-9321-4361-aafe-d3ed94cd2236,c86662a0-85a4-44e1-b9e9-2f5ae85c516a,2fab85d4-dd9b-4fd4-ad9c-e3892f512d3d,medium,0.574,lost,whatsapp,533.61,2026-06-23T05:53:51.175565+00:00,
d5f02911-e199-410f-8b23-fb5b53335759,ec5f6327-32e6-49ba-a7fb-f0105bcde705,ebc33fb1-4bc9-4313-88c6-72b352636686,medium,0.498,lost,whatsapp,1941.83,2026-07-18T10:07:51.175565+00:00,
f5ea76cb-3945-4699-8885-0943d0a1c25f,48094b35-2d3d-4eca-b1ae-8ebc959a0905,9d00dd3f-38dc-4d39-9ab7-c46813caf847,low,0.734,recovered,sms,2298.97,2026-07-18T06:51:51.175565+00:00,2026-07-19T03:51:51.175565+00:00
bcb62dc5-fa0f-417b-acca-16f9373ffc71,cf4fca5d-e4f2-45fb-badf-f68b5f7f5dc5,0f7b6e30-fa04-41df-a6b7-613264eee771,medium,0.427,recovered,whatsapp,3788.81,2026-07-11T15:07:51.175565+00:00,2026-07-12T19:07:51.175565+00:00
755c9e74-8181-42ac-a570-94c62b595620,3af14f50-5177-488e-8ee3-2e19bd214fce,55ee2085-ab79-48c7-aa79-0ba8813bb6b2,low,0.927,recovered,sms,1085.68,2026-06-09T03:23:51.175565+00:00,2026-06-10T06:23:51.175565+00:00
b84287fc-14a9-4d18-a7e6-1d40e7ab73f1,fe366516-64d7-40dd-a98c-5999d217e6be,2c2921ec-f0f0-4f8d-a0e1-7ea3127330f0,medium,0.465,lost,sms,7424.29,2026-07-05T21:21:51.175565+00:00,
80ce3ab6-1a83-4ef4-b64d-4ecdac6b4609,381a7426-6cba-456f-ba17-fa1e629ee14c,27181ad2-a1ab-4df8-917a-1c0cba86566d,medium,0.357,recovered,voice_call,860.17,2026-07-03T01:15:51.175565+00:00,2026-07-05T15:15:51.175565+00:00
2a3be3f6-53de-452f-a797-1c6ac7b006a1,f4a12a7a-155a-4209-973b-e7265a696e59,581647de-26c1-4658-bdee-5c17c0fb687c,medium,0.53,recovered,email,4025.19,2026-06-08T10:56:51.175565+00:00,2026-06-10T22:56:51.175565+00:00
0478e343-8175-4a56-8928-fb0390dd09e2,ce76ef2c-efcc-4ae4-adb8-890ea1ac8cd0,a6978b95-02fd-436c-99a6-7024a0b0b164,medium,0.625,recovered,sms,1292.3,2026-07-17T13:15:51.175565+00:00,2026-07-19T12:15:51.175565+00:00
57cf2d01-47b6-43bf-9ed1-bc9b86ad4c82,487c69a4-a6e5-42a9-adcd-f275ac57d22f,a2dc9b1e-d821-455e-8b52-b511350facdf,high,0.33,recovered,email,2387.9,2026-07-24T17:18:51.175565+00:00,2026-07-26T21:18:51.175565+00:00
53631db8-f99e-49de-a71f-d31254f67df7,d5812986-632d-4e7f-8593-b2993d378094,e6deb63a-7a02-4ca5-83f5-eecd82fd8179,medium,0.479,lost,sms,1408.19,2026-06-05T19:37:51.175565+00:00,
9c2d4713-7987-41fb-8731-aaf584c43c8d,01957cb8-eac6-4b97-87cb-feeaae545c41,ca836186-d701-47cb-82f6-d0aeaf540281,medium,0.521,recovered,email,3036.52,2026-07-15T07:08:51.175565+00:00,2026-07-15T23:08:51.175565+00:00
3549d221-57fe-468e-9a89-c2d393227b8c,c4e4c21e-31fa-46b7-8e92-7ce082389645,9178a18b-dca2-46e1-951c-e2380aa47dfc,low,0.659,recovered,sms,8045.13,2026-06-11T09:27:51.175565+00:00,2026-06-13T19:27:51.175565+00:00
5fd6670b-4016-441e-b4ab-a83080faa037,2b083a21-f9fc-40c5-8d9b-1c2a12d4e26a,beadbdc1-26da-44f3-869d-8b9a6761db91,low,0.879,recovered,email,1241.38,2026-07-16T02:38:51.175565+00:00,2026-07-16T10:38:51.175565+00:00
89356e13-af9f-46df-bfca-cf3b25ad7f30,85aefd33-b6cf-40f9-a8ca-d7d3fb7cda06,263ee3cc-3682-42c4-b5dd-65ef0aee694c,low,0.683,lost,email,1902.74,2026-05-28T13:11:51.175565+00:00,
b9964a0a-2766-4a77-8501-42f9571d6b50,6f438294-5bb2-4b75-8f4a-a1956eb7580a,93f5df9f-ca97-4602-87c2-5747906ede71,medium,0.384,recovered,sms,2079.72,2026-05-30T00:36:51.175565+00:00,2026-06-01T16:36:51.175565+00:00
a520c054-9877-4de5-b74f-ea8a85e92ffe,569ac9be-61a9-4b6f-bbee-17c3bb6057a5,a51a0dcb-aefd-4ecd-ab57-b25421c3e991,medium,0.61,lost,email,1124.71,2026-06-04T02:44:51.175565+00:00,
4da6fdc7-e5d5-4560-a61b-1fafc2480456,6da685be-7af1-4c2a-8fa9-55f07bcd9ab3,0982fbfe-061a-4447-b154-048937e7824b,medium,0.355,lost,whatsapp,1325.39,2026-06-27T19:10:51.175565+00:00,
1f09cc5a-53d4-44cc-b971-5ec16bbaddc9,34b32ae9-21d0-4de2-9775-8a85ed219829,1f592117-efb7-4dfb-b8a5-ca1ab1441a44,medium,0.467,lost,email,3686.49,2026-07-13T11:22:51.175565+00:00,
bc16cac6-a087-478c-a6c8-c533711a5dec,fc81fad1-1beb-487a-846b-9ab9604829b6,0fafd444-e639-4bc3-b41d-413151fd6d92,medium,0.546,lost,whatsapp,8153.38,2026-06-24T09:14:51.175565+00:00,
343c8047-b94a-4e5f-8d9d-cb0ba3940278,a847a2ca-9a6d-4fe4-889a-86df3f3b0287,1d8cc016-1ceb-4bd5-8ec0-7ce0c6431d3b,low,0.705,recovered,whatsapp,4912.99,2026-07-12T19:22:51.175565+00:00,2026-07-13T12:22:51.175565+00:00
a4b291e7-90b0-432e-ab86-8ea406292c9e,f9a4a3ad-f87f-4dfd-ad2e-90e111a36c76,47e57962-de46-470a-b644-dc9e9920ebb9,medium,0.459,recovered,email,8831.96,2026-05-26T14:28:51.175565+00:00,2026-05-28T22:28:51.175565+00:00
d8b50523-a64d-4d35-8050-d1158a8a8691,0f0d2329-e917-4d37-af6a-db8803c7c46b,aabcf5ac-a25a-4cb3-a967-7741cf43583c,low,0.693,lost,email,2286.44,2026-07-12T17:28:51.175565+00:00,
61705d16-b218-4526-a48a-241202ae7505,b9e5c55c-f476-4732-9833-170401cdd4ec,3ebfd5a0-6d90-4733-9ec4-0ff386d53536,medium,0.512,recovered,email,4173.79,2026-07-15T23:38:51.175565+00:00,2026-07-16T15:38:51.175565+00:00
9e41ec2e-6a58-4898-84f7-4c0cd3688089,f9853c13-74f4-4e09-8f9d-79d8b18d505d,27e7c97e-de6a-4592-a62c-a3681bb5eb96,low,0.772,lost,email,2502.43,2026-08-14T17:11:51.175565+00:00,
aeea285c-d03f-46c4-af51-3e8bdeed8ee0,86e38756-2b2f-43c9-8101-3eecbe141bab,372de51a-41a2-431f-af2c-abeafee7203b,medium,0.624,lost,whatsapp,1648.25,2026-06-21T08:32:51.175565+00:00,
5dba105c-4d7e-4a43-b327-6026fcd44d02,66b27607-226f-4af8-965b-e062fcf726b4,3f303f2a-b8ac-4310-b41f-97b1fd9ce2bc,high,0.257,lost,email,18242.63,2026-06-17T12:13:51.175565+00:00,
43ac6d33-f57d-4bec-9ba9-d04b8b91dda4,c00990c0-5fff-4bfe-8144-a38e3d382aa3,ad759a6b-5bc9-4620-9dc0-1385bce62b34,high,0.274,lost,whatsapp,8088.55,2026-07-01T14:14:51.175565+00:00,
e85d399b-d323-4bf0-a5e7-21e75890dbde,f844cd49-5640-43ee-9478-375f19811e0e,d5508f11-01ea-45f8-bd20-6df0c77b5f15,medium,0.494,recovered,whatsapp,7731.77,2026-05-29T17:11:51.175565+00:00,2026-05-31T03:11:51.175565+00:00
7a263e53-b6cc-4973-9d62-5cba5dfa7340,a12c945b-e8fb-488d-b9dd-17d69f40ed52,c9f04289-b206-4ff4-b710-f787fb321602,medium,0.645,recovered,sms,3535.71,2026-06-29T11:01:51.175565+00:00,2026-06-29T16:01:51.175565+00:00
4bc9cc1c-0b84-405f-89f1-f785d6d6133d,4e661d09-90ee-433e-b0b5-2202962aaf19,9b4227fb-25e3-4bd5-ba2c-45f59666487d,low,0.667,recovered,voice_call,4824.64,2026-07-24T07:44:51.175565+00:00,2026-07-25T21:44:51.175565+00:00
6af46f9a-3543-4fc1-a850-12d1c979f5a7,06312443-e760-4b41-9e26-32c30d99d87f,4ba1e62a-3e2e-4cb6-9ce8-30d0c1659e25,low,0.768,recovered,whatsapp,1683.36,2026-05-28T22:44:51.175565+00:00,2026-05-29T14:44:51.175565+00:00
f4b012bc-a522-43c7-85e5-5beec271321d,e0946b77-fb7e-42dc-8756-0dbbd0cee976,2dcbd7b8-fd64-434c-90e9-345a07693bf3,low,0.808,recovered,whatsapp,898.79,2026-05-27T14:19:51.175565+00:00,2026-05-28T22:19:51.175565+00:00
8deeff4e-4bac-433f-9783-6ed6381b1323,6411d12f-20be-46b2-9c51-dc7772044c13,939f7581-171e-45e8-811e-33d01c3bc682,low,0.8,recovered,email,2015.57,2026-06-01T05:02:51.175565+00:00,2026-06-02T22:02:51.175565+00:00
553d029d-c3dc-4d87-adcc-1b1213829c9c,c1e07590-7205-46cb-b7ee-fcb8052a468b,7cfd2912-5927-4f47-b1ee-037c3523d528,medium,0.565,recovered,whatsapp,1507.3,2026-07-26T10:03:51.175565+00:00,2026-07-29T08:03:51.175565+00:00
61c49f56-3ae2-4042-a238-5539e5071849,028f692a-b460-4390-aa64-3092dd97085c,197fc563-fd0d-42e0-ba45-18fdef3ddb8e,low,0.74,lost,email,1569.96,2026-06-14T16:08:51.175565+00:00,
d736ea86-8fec-419a-a7b7-1a104008944c,b7b10295-741b-4bb1-934a-e4c0169a1efc,73f784ea-7fbc-49d2-bbb3-874a3966720a,medium,0.465,lost,whatsapp,693.67,2026-08-08T10:18:51.175565+00:00,
2ebb446e-cb0a-45bb-ac92-9a24aba73967,e0a28f39-3945-4aaa-a0fb-bf92c9689e78,288604e7-ba77-4e97-ad8c-0dd853c3f289,low,0.751,lost,whatsapp,1687.08,2026-06-12T21:54:51.175565+00:00,
08c8ed56-f2fb-4b3c-a7ed-65881faad4b9,9af0f775-be0e-473c-8fc0-48ebfe7ec537,556bd4dd-8820-45f5-8ba6-36d6a253ce4d,high,0.117,contacted,voice_call,45492.0,2026-08-21T14:33:51.175565+00:00,
60739439-feef-4771-9d3d-7e52da291774,6e6dfb07-f26e-4fbb-b98e-d2fd80387ced,e4e974a9-0b9e-4098-93d0-3315a278751b,high,0.216,lost,whatsapp,9395.47,2026-05-27T02:19:51.175565+00:00,
e0973299-6766-43a1-8e5e-3806de033f6f,769da6d1-09e0-40d4-b5a7-73ac160572ce,b3231c52-a93e-467b-ab8d-42090cb06fdd,high,0.218,recovered,voice_call,8899.76,2026-08-03T22:11:51.175565+00:00,2026-08-05T20:11:51.175565+00:00
2525cf07-f39e-43b4-80b8-598d2c5df68d,1e477bc5-9af3-4cbd-84fc-6a2c513f037b,7c4b64d1-b418-4bc1-9330-8a6873c3103c,medium,0.46,lost,whatsapp,30840.96,2026-07-19T12:00:51.175565+00:00,
14ae8454-bc6b-4563-8b2c-2068da792796,0b40ff93-6a01-477e-80b3-4f6a6590aa9a,ce9e2df3-f39d-46e7-bb8a-1fa6425c431b,low,0.785,recovered,whatsapp,2502.5,2026-07-24T05:35:51.175565+00:00,2026-07-26T19:35:51.175565+00:00
7710e8c1-3a6b-452e-b5f6-902595462360,9bcf8158-18cd-4bb7-83c6-17ab056b4ff0,d725f158-4b0c-4f48-931d-2bc5f51b9fb3,low,0.784,recovered,email,2965.54,2026-07-22T17:06:51.175565+00:00,2026-07-23T23:06:51.175565+00:00
ba2b140d-7c9f-4dd6-8432-57644b605bbd,c5981348-24e2-4a4c-83ca-e393389b7b63,70ad5576-baad-4134-a46c-9ced5f25be0a,medium,0.649,lost,sms,6470.73,2026-07-01T04:50:51.175565+00:00,
0b3bfa7a-baf6-4027-acd5-b5344085e4c8,c277a0e9-8d06-45ae-8e8f-f2fbf7283a1e,9565fc98-18e0-4333-a57c-603bb996b67d,high,0.073,lost,email,8083.94,2026-07-16T14:27:51.175565+00:00,
ce4f935f-4b90-4e87-a8ef-77e0551ea654,712b2e47-0a79-43f8-9843-c450b736f845,6961245d-40d6-4469-9ffc-7f4fabbf0612,low,0.727,lost,whatsapp,3206.45,2026-08-13T05:39:51.175565+00:00,
0d4b5907-b750-4ad4-8808-9a49502a862c,333e21fc-0960-4fd0-a0d5-93a67f7ac746,04263887-ad29-47f4-9604-389e7a3b51d8,low,0.96,recovered,whatsapp,804.17,2026-07-01T20:28:51.175565+00:00,2026-07-03T23:28:51.175565+00:00
789d25ec-64ea-4d36-81e0-912120cf99d5,6e4eba7f-e0b7-45ba-984d-efc891f20b6f,7fa06978-73cc-4f43-a6f4-deca3d8d2224,low,0.792,recovered,email,573.13,2026-07-27T08:38:51.175565+00:00,2026-07-29T02:38:51.175565+00:00
dc0d669c-3350-458d-8aa3-b6c3a089c2ff,2e6d25a8-6a20-403e-be4f-83e2d9c786d8,9cb0bcde-037a-41a8-9e20-988ce8d8d02e,medium,0.472,recovered,whatsapp,822.63,2026-06-27T22:27:51.175565+00:00,2026-06-29T12:27:51.175565+00:00
40d98f26-1b43-47fc-a2f0-7e8f1b5bc7e5,aceadc7b-0bd8-429d-8de5-6a563585d472,3d4b5ccb-9309-4c8c-ac05-cac6301d6282,medium,0.588,lost,whatsapp,1801.14,2026-07-08T07:25:51.175565+00:00,
e58aa4fb-4374-4c57-9f21-cae3b9ea9bf6,cf7fa411-4242-4a9d-81ca-a1169eac55be,4f7a8312-44f1-4388-85da-7ca5a5fae79b,medium,0.634,lost,voice_call,2749.9,2026-05-25T19:06:51.175565+00:00,
ffe48001-5648-4779-a0c7-bf5b0cf7e40e,7d7aa1bf-9b29-4223-8cc7-69538188df71,38a3af65-9b57-44bb-9e37-c54ef9b61101,medium,0.589,recovered,sms,3497.53,2026-07-21T23:01:51.175565+00:00,2026-07-23T01:01:51.175565+00:00
ba307a51-5368-4917-b3b5-2d1453ab57f4,ef4158c9-9994-4000-a436-5d5258709a53,1906b50a-f93c-4227-92ca-de8a45a0f9e3,low,0.848,recovered,voice_call,2907.0,2026-05-30T00:47:51.175565+00:00,2026-05-31T02:47:51.175565+00:00
87fdcdee-0ca0-49a0-bee9-7255c431a227,4767518f-6f55-44f1-8043-94221ce89f41,8224801a-d110-451f-95f1-ff00726c3813,low,0.912,lost,email,962.94,2026-07-02T20:56:51.175565+00:00,
90418a50-39ec-411d-8623-afac92e4698c,5834d3fc-cfbe-4cc1-9922-45ac0d634335,31d9bb30-71fd-438d-8303-7cb55f0a9c27,high,0.264,recovered,whatsapp,3350.76,2026-07-17T09:59:51.175565+00:00,2026-07-19T20:59:51.175565+00:00
1b3a17c8-1337-4763-9b24-2ba539ca749c,bd421c16-bf37-477c-b4e3-150b741fae22,0c19a397-7533-4628-9ed3-9abd16055f1c,low,0.854,recovered,email,2413.43,2026-08-12T01:24:51.175565+00:00,2026-08-12T07:24:51.175565+00:00
cedce7eb-0734-412d-9c35-b4506d97e96c,1a821dd9-1d61-4ee9-a71f-5d45ae2ea981,a9fdc21e-523f-4129-b8e5-3c2c7380124b,low,0.703,lost,sms,2035.47,2026-06-15T13:46:51.175565+00:00,
7a46e89f-5a0b-42e3-ae9f-74e5e3ddf009,84a03c0a-6abd-4be0-822d-cbe32f7f1b53,6257a760-051d-4521-8609-55ea9b0701f4,medium,0.579,recovered,email,12624.65,2026-08-11T06:19:51.175565+00:00,2026-08-11T13:19:51.175565+00:00
7d328edf-33db-4ce5-b0e4-c079c20b8320,6cf412b7-f4ff-436a-b13d-a4046e922546,bd7b65a7-a27e-4f6d-bf2b-cd463050d3cd,medium,0.372,lost,email,6483.12,2026-08-07T10:57:51.175565+00:00,
60d7b06c-4d44-41e4-84e0-a0a85c80d572,48a17d31-b889-4fe5-8de2-1774cd983134,1d08ebc6-16aa-44ac-889b-653e65230184,medium,0.44,recovered,sms,3555.08,2026-06-05T23:24:51.175565+00:00,2026-06-08T23:24:51.175565+00:00
aa8a3f73-9c37-4624-953f-8aa1a8e97e36,901406a1-a21a-427b-9f26-63b104cc3e88,e6054bc6-9ff5-42bd-986b-3b12b7864f17,medium,0.432,recovered,email,499.0,2026-05-27T22:33:51.175565+00:00,2026-05-29T06:33:51.175565+00:00
b118edc6-a3df-4d0e-8bf0-d25734fb92a6,abe4a9a4-dbe2-4c06-a53b-e9686bef4585,1ff0f7a4-ffcc-4fd3-a97c-a236bdbd2973,low,0.683,recovered,whatsapp,1041.76,2026-06-05T00:00:51.175565+00:00,2026-06-05T08:00:51.175565+00:00
980ccf99-57f4-44cd-8fc2-d4339d5a476e,edab210d-ac32-4518-aa59-9cba5098d42a,e29f24ed-c7ad-4128-91f7-8253f7467059,low,0.84,recovered,email,1248.69,2026-07-21T21:55:51.175565+00:00,2026-07-24T10:55:51.175565+00:00
d7175a88-40c4-475e-8b71-dfcec55889f3,c22177bf-cff9-49ca-b351-f962b2d97f55,502213bc-9ce6-4425-beb7-ec113457094e,medium,0.457,lost,email,3913.07,2026-07-05T07:50:51.175565+00:00,
a6372b30-d766-4a2d-8b53-e10da924d0f4,8e225cf5-47fa-4483-b831-8fa7541739cb,57070ebc-e8ca-4c0d-a287-5c06766891aa,medium,0.599,recovered,email,1621.1,2026-07-11T09:09:51.175565+00:00,2026-07-13T09:09:51.175565+00:00
737b33e5-40cc-4b7b-8ec1-cb9b6a1b8a17,2ec5bb9d-3214-4008-ad04-88a5b78f246f,ce038277-2790-4555-825b-7847aa85c8a2,low,0.759,pending,whatsapp,2984.87,2026-08-21T09:54:51.175565+00:00,
81cf92d7-326d-4d94-beee-25a23569e8a0,a1f7d4c0-8ac5-4c34-b16d-0c74b1f8165d,6ab754d2-294c-45a4-83e1-250947094fa2,low,0.86,recovered,email,668.28,2026-05-27T18:45:51.175565+00:00,2026-05-27T22:45:51.175565+00:00
f8b85d33-932d-4a59-98f5-4cd2a512b821,fe8bb7b6-ddce-4f06-915b-cd66b6380f05,af3c7a88-2fd1-4ce2-9fda-134cc00ed352,medium,0.56,recovered,whatsapp,978.34,2026-07-27T14:58:51.175565+00:00,2026-07-29T09:58:51.175565+00:00
7ce823b0-f548-4d6f-b3d4-55ab401d0423,427f4e4c-e8d1-4695-93f3-b3ad22530ca7,9059d242-23b7-46ae-9702-cf6ca316838d,medium,0.517,recovered,email,1187.5,2026-06-02T07:57:51.175565+00:00,2026-06-04T09:57:51.175565+00:00
edde70ac-543c-478f-95a6-c671718fe0c1,1429ee01-0d35-44f3-8805-07dce4177a91,3c76acc5-20aa-4629-bb9e-6eaaf5a805a9,low,0.733,recovered,email,2278.61,2026-08-18T00:18:51.175565+00:00,2026-08-18T08:18:51.175565+00:00
5e9b8c44-c202-455e-9117-da3abe586bcd,e10dee3b-623d-49c1-a335-6476b5aa7eff,461f299b-24cd-4903-8d47-abf4c88e564e,medium,0.479,recovered,email,1650.86,2026-08-09T01:17:51.175565+00:00,2026-08-10T22:17:51.175565+00:00
a8fac771-e6b7-4671-9472-48bb527fe54c,f65c963b-18bd-49bc-b82b-bddef4613fef,6016e597-2d35-45c2-b26a-5742ac4f0f26,medium,0.641,recovered,email,7527.37,2026-05-29T23:22:51.175565+00:00,2026-05-31T10:22:51.175565+00:00
e47cbbdc-f0b8-4dd0-a57e-49c78c202c05,eb4bc4ad-1b2a-4911-809b-648180e59ba0,2efd27f1-9092-448a-8b50-ebd15f2bbf09,low,0.69,recovered,whatsapp,3444.52,2026-07-01T18:35:51.175565+00:00,2026-07-02T17:35:51.175565+00:00
e26a7868-17ad-4871-8160-cb85740ae843,05cc62d7-f9d5-4b0b-94f5-7d26fe7dcda9,43917f24-f79e-4a2a-8407-1860546bbe3b,low,0.686,recovered,email,4652.23,2026-06-22T21:42:51.175565+00:00,2026-06-25T01:42:51.175565+00:00
8719a01e-8020-4d34-8225-c977e3218efd,0bf00447-18a4-48dc-befc-b7ade0400fdf,2886b848-8c40-4767-bc44-c4a3af6474da,low,0.765,lost,sms,3974.76,2026-08-15T14:42:51.175565+00:00,
cb80c00e-6696-44e6-bc15-bf7a5ec99aab,17a68332-b7e5-4763-ac90-79fa762b68b6,a4d38e3e-7a00-436b-a393-4626673680b8,low,0.766,recovered,sms,1597.64,2026-08-02T21:08:51.175565+00:00,2026-08-05T19:08:51.175565+00:00
0bd278e1-fb00-431d-b77d-f92ac37a72a9,1050f63d-9151-48b3-8a68-7685ffb1b276,484a2d5d-eb4f-41ef-aecb-ea49f4050673,high,0.321,lost,email,3839.99,2026-06-01T02:15:51.175565+00:00,
3391625e-22ea-4b46-9505-06ed31efb808,96359b98-d06e-4afd-a646-d0476af2637d,2a94dbe1-6620-4f01-b280-dbee64b6c2e8,low,0.92,recovered,email,2320.64,2026-06-10T12:37:51.175565+00:00,2026-06-12T00:37:51.175565+00:00
22758d72-7876-4a1a-b8e1-337090a03f0c,fe5530f1-72cf-43bf-97af-5386339f5b60,9433ac23-11ab-4b5d-853c-39643e31abc8,medium,0.437,lost,whatsapp,8782.09,2026-07-02T05:56:51.175565+00:00,
6d19d16d-6505-4e5c-be25-6012f277bc70,3366a5a7-3d80-40eb-beba-f9e318352a2f,9de9edca-ed95-470c-a3e8-24852157417f,medium,0.638,recovered,email,2618.91,2026-06-30T01:48:51.175565+00:00,2026-07-02T04:48:51.175565+00:00
3501eb8d-99db-4a90-81f9-511fbedec36f,d0f2d799-fccd-4b4e-aa44-a08273d26bf8,0e0abb05-281c-41de-9bfd-c317f833eaa1,medium,0.613,recovered,sms,1935.22,2026-07-26T00:19:51.175565+00:00,2026-07-28T17:19:51.175565+00:00
2505deaa-eb1e-42e0-a78f-96fefe1ca0ee,fb35f029-7f8e-41f6-a113-a6cbb005f8d9,f2c38559-abb9-4b5b-8530-51d0d875c6b4,medium,0.62,recovered,whatsapp,4737.14,2026-06-30T04:55:51.175565+00:00,2026-06-30T14:55:51.175565+00:00
7baa1600-b740-49d6-a9f2-7930db388249,f103f21a-f3ce-42a2-a0c8-f3447f8a8546,2ce0be4b-a94a-4fca-8a0c-2a1e1cf24d12,low,0.7,lost,sms,5324.97,2026-06-24T12:21:51.175565+00:00,
02455ea7-52c7-4899-8d82-0d4e920d84ca,963d36d4-7c12-44c4-9025-84f365a13abb,c0e009dc-eb19-407b-98ac-ddb05d3664ba,medium,0.574,recovered,email,1354.67,2026-08-14T03:56:51.175565+00:00,2026-08-16T17:56:51.175565+00:00
113f4dcb-ac54-4183-bde9-6520cbc58bd7,be4d0306-6a79-4f9a-964e-3400c08afeae,9a8e968a-6841-49ba-94d3-27215e9b9f84,low,0.748,recovered,whatsapp,1097.52,2026-06-19T22:27:51.175565+00:00,2026-06-20T02:27:51.175565+00:00
79a837ee-64d2-42af-b86f-f639ebd4fd8c,cbc59a3d-95ad-4689-9fca-3ff61287ab11,25db47fa-a5a2-4ffe-b294-10b005dd755f,low,0.67,recovered,email,4977.68,2026-07-23T09:02:51.175565+00:00,2026-07-25T23:02:51.175565+00:00
c779b26a-42e9-4957-b831-7ce60aca9df0,7525c94b-5623-477b-8e38-dba2865b2ceb,bc31970f-712b-4906-8948-9e4c75946a7b,low,0.821,recovered,whatsapp,2272.4,2026-07-18T13:09:51.175565+00:00,2026-07-19T04:09:51.175565+00:00
f809b2e7-92da-41de-8931-f6f3be79b006,fed2b824-f829-4392-bb41-23ed2520a402,afd042ae-d6d7-46bf-a0b9-dce77ec1c9a8,low,0.72,lost,email,3122.22,2026-06-03T22:54:51.175565+00:00,
de370bb6-e2e5-4e6a-8ce1-09bbb06dc768,2b530060-be49-4dff-811e-01c46ba92375,394c021e-41e9-493c-b450-3d346d21f546,medium,0.488,recovered,email,2718.89,2026-06-10T10:53:51.175565+00:00,2026-06-12T00:53:51.175565+00:00
1835c8b1-59aa-49ec-a996-b90edc5eb80e,c8b58a0f-efc6-4138-9e29-a272d5438ebc,cc11c9dd-be08-4cc5-8789-39d083889f1f,low,0.658,lost,email,1601.03,2026-07-03T11:32:51.175565+00:00,
b008fc21-63c6-4c31-ab39-8c55a45dc75a,d4359ecd-6e50-4411-af82-323ab8b72ee9,7d506758-2cc1-49f0-9784-0b88f71f3cf1,low,0.655,recovered,whatsapp,7577.57,2026-07-06T06:47:51.175565+00:00,2026-07-07T09:47:51.175565+00:00
65f48c0c-a950-42cd-af26-a3965cae2152,743c4421-5b17-4c2d-bed5-9bc7767af65d,ca71067c-2aed-4fca-b071-e341b465c8cc,low,0.693,lost,whatsapp,5057.23,2026-08-18T19:18:51.175565+00:00,
45cca09f-4ed2-43ca-8f1f-7195d879b27c,b55a2432-acb4-4610-b606-dac9faf42456,5fcc5f49-2633-4ba4-b6cb-68b2ab20fec3,medium,0.639,recovered,email,4237.87,2026-07-08T10:17:51.175565+00:00,2026-07-09T11:17:51.175565+00:00
88f28e7a-b693-4fdd-b3ca-9998ba1164f2,fe16a7fb-68ff-4d42-9227-c4fa7d030257,b9e39e39-18fd-4a30-ac8c-af25c0cf8d80,low,0.792,lost,sms,3897.11,2026-06-25T20:53:51.175565+00:00,
34e21170-0dde-49bd-83c3-d811fafcd1e2,562d96d0-ac2b-4e9d-acc9-f9f93213daaa,a798a268-0068-4072-bb95-4e26b7434b69,low,0.851,recovered,sms,1771.96,2026-05-30T22:25:51.175565+00:00,2026-05-31T04:25:51.175565+00:00
187dd903-4368-41ff-8287-37e5ee69a1a9,2773ec58-1499-4347-9ca8-4e04450f798f,b35ae2c4-9b25-4a07-8825-41a0fbdfdad8,medium,0.647,recovered,email,5285.98,2026-06-05T23:52:51.175565+00:00,2026-06-07T10:52:51.175565+00:00
34f14cb5-95bf-43f2-ab84-5a51b53b177e,10a496ff-7f2b-4e39-bdaa-85d3e751ca0d,e837592e-5225-4e6e-b4a3-08effca96d53,low,0.67,recovered,voice_call,699.8,2026-07-19T08:27:51.175565+00:00,2026-07-19T14:27:51.175565+00:00
72353936-a911-4d86-8f06-90d45ef5d573,e0627e3b-a450-4f9d-bfc7-64f6f803b0cd,a61e8433-ae4c-43cc-8217-e605ba0d92b2,low,0.839,recovered,whatsapp,667.11,2026-08-13T13:34:51.175565+00:00,2026-08-14T07:34:51.175565+00:00
4dd78317-4d67-4632-90d0-6e73c1563f98,a0ea555f-2ffd-439b-8a3f-5f40a24ac641,4f0875de-39b8-42ef-8eb8-faf0c79c8c14,medium,0.645,recovered,whatsapp,2520.19,2026-08-01T23:22:51.175565+00:00,2026-08-02T19:22:51.175565+00:00
deca7007-a0fe-4f02-ad34-639382a6abdf,d90ad003-7481-4c34-bc82-2a643f065387,ad2869ed-790b-4c52-bf27-b1e444af4c61,medium,0.4,recovered,whatsapp,5458.75,2026-08-10T15:13:51.175565+00:00,2026-08-10T20:13:51.175565+00:00
808c8073-aaa4-4e2d-a4ce-8d4b966508da,171ebb8e-85d6-4ac9-8be0-72cf67fe7a9a,659aee23-489a-4fad-b243-2dd8a9bde790,low,0.658,recovered,sms,2811.27,2026-08-07T18:58:51.175565+00:00,2026-08-10T08:58:51.175565+00:00
d42cb6f2-e11d-40be-b21a-abc63574267e,a2abb718-b5d2-41fe-9027-ae548987261f,ba143b4d-3212-4f9c-a1c4-33fbdff92525,low,0.789,recovered,email,1521.42,2026-08-10T10:57:51.175565+00:00,2026-08-11T18:57:51.175565+00:00
a4869beb-4500-4e82-89f0-14684ccff915,0709b314-4cfe-4088-97f9-dd1e0da9ccbe,37c64cf8-11ed-47b2-8efd-d76e9223883f,low,0.717,link_opened,email,678.72,2026-08-21T15:50:51.175565+00:00,
dfdd7b01-333f-422b-8847-6b4df139c873,5d9bb777-fc80-4da4-afa8-01af78c93378,3779f237-45fe-4003-82ac-3333fb22f571,medium,0.425,recovered,email,5340.22,2026-07-17T03:26:51.175565+00:00,2026-07-18T03:26:51.175565+00:00
0c66201f-b2d6-4886-a551-159598d5ec62,54548c1e-362e-4a61-9211-7edc4ca4651e,cb91c1bb-89ca-4628-894d-2badca4c2f16,low,0.744,recovered,email,1938.02,2026-06-10T03:21:51.175565+00:00,2026-06-11T14:21:51.175565+00:00
6cf5bcb5-427f-45fc-9106-cb29661168e5,3ed1b295-986a-4028-aec6-1eab3fd55ea5,6ad45b1c-c058-4bff-9cfa-2b5ef0af23ad,low,0.958,recovered,whatsapp,972.52,2026-08-18T20:34:51.175565+00:00,2026-08-19T20:34:51.175565+00:00
6bb2189d-304c-4e7b-b1d4-c32f43f0bea2,582151ee-c4d7-4bac-806e-8e603b6217d9,fb86896b-087b-4b74-b73d-6114c96060b7,low,0.87,recovered,sms,1105.47,2026-06-28T14:23:51.175565+00:00,2026-06-29T18:23:51.175565+00:00
82f6c998-7608-4539-8c02-a826a77d7e19,8e8cb4c4-d369-412e-af52-bd68b724c5fa,60428e05-7e26-4913-ac0e-883fbb540792,low,0.81,recovered,whatsapp,2613.7,2026-07-31T20:06:51.175565+00:00,2026-08-01T19:06:51.175565+00:00
c0c9ec16-1d9a-4134-b6ea-e36326d8a80c,3e1bebe4-f9f2-423b-8dd6-142e77cdb569,752751f9-3e5b-4f0d-9542-a1774ed9762b,low,0.766,recovered,email,2466.06,2026-06-22T10:05:51.175565+00:00,2026-06-24T17:05:51.175565+00:00
b0cff542-d6e7-4018-80be-8914d70e5378,7750d13f-f081-418d-a397-ff35b07f5c8d,bb1c3675-f123-4213-bb8e-73df774fcb1e,low,0.88,recovered,sms,6360.72,2026-07-27T03:47:51.175565+00:00,2026-07-28T20:47:51.175565+00:00
5d25d0d3-a62e-47f0-ab18-58b831f2cbac,da94b1f0-cb3f-420d-9bad-50d67e5f6582,6c91c028-c780-45fa-866e-842fdbe96fb9,medium,0.511,lost,voice_call,499.0,2026-07-16T11:51:51.175565+00:00,
4b3119f8-c094-46f4-bb8c-0a09e7e1550b,94cb4f83-7106-43df-8677-da96b8fde078,e85a91a9-0faf-4939-9e7a-4e5c63e8a739,medium,0.584,lost,email,1222.29,2026-08-04T19:55:51.175565+00:00,
41f5c0f7-6f85-4944-a2eb-2819b6152013,05a03f04-5017-4aad-b6ec-e1c7ce61fa18,4d4c01da-c958-4c24-9f47-2bef8e155a78,high,0.292,recovered,email,28458.18,2026-07-12T18:49:51.175565+00:00,2026-07-13T09:49:51.175565+00:00
98e85d77-4a02-4b36-a47c-eb0632a00325,fae6fdd7-d431-489b-a942-50dc9c207e7e,17d807be-abf5-4e5c-befc-3f66b26f1c6a,low,0.96,recovered,whatsapp,499.0,2026-07-19T02:40:51.175565+00:00,2026-07-19T08:40:51.175565+00:00
69caf16a-e255-44e7-a96f-e4c243b16367,217a5c62-0409-4864-b66d-51635c20bb8d,fac04cc9-99f1-437e-8851-fda21c5978ae,low,0.848,recovered,whatsapp,939.6,2026-06-22T02:25:51.175565+00:00,2026-06-23T21:25:51.175565+00:00
68661282-7c49-4869-86e9-409c8f485f06,0d27c26c-7563-4a92-b040-5037914d8078,02fe9c40-bf38-4eff-bfc2-5b8f22e32cdf,low,0.837,recovered,email,1557.11,2026-06-22T15:50:51.175565+00:00,2026-06-23T05:50:51.175565+00:00
954080c8-0edc-4bd3-abff-d1f2a5702125,338eb4c6-dc3b-44b5-aa15-d34ff0dbcc13,a0ad0a54-23c9-4f93-ba51-e451a12a63cc,low,0.748,lost,sms,2212.45,2026-08-17T01:38:51.175565+00:00,
5804efa6-5cc6-40c4-b50c-1d58f330ff39,a8ae826f-665b-42e7-b707-745c301ea29b,7dfe119d-b311-43c0-ae7b-a8bbb2dfdba3,high,0.298,recovered,whatsapp,12096.94,2026-06-01T23:06:51.175565+00:00,2026-06-04T14:06:51.175565+00:00
67a8a090-3aec-4b39-bf45-d8f85c779e63,0bf00447-18a4-48dc-befc-b7ade0400fdf,73a94aab-b88a-4a65-b785-0ac668826c63,medium,0.452,lost,voice_call,3640.54,2026-07-15T05:55:51.175565+00:00,
b5159b07-ac15-4ff5-892c-b7bb698bd637,6a08b812-203e-4d65-9eee-367accb40371,139d0f06-2726-4aa5-a74e-2d7c484d8795,medium,0.538,recovered,email,4608.59,2026-07-16T06:08:51.175565+00:00,2026-07-17T00:08:51.175565+00:00
48e7c56a-4ab0-4428-9950-9f6180ef3d70,6b4ada61-ba7f-4693-b70d-e1133978b489,8c9b8533-1151-44ab-afdb-49e51bb60d41,medium,0.552,lost,email,5046.02,2026-07-22T16:18:51.175565+00:00,
46c7738e-51f1-4ff0-8dff-580235b28e70,c61a35fb-5d11-4e95-8502-4f04f08b0a59,8e8ae828-4233-4902-aeab-f3efc9de91c8,low,0.808,recovered,whatsapp,9854.44,2026-06-14T22:02:51.175565+00:00,2026-06-17T03:02:51.175565+00:00
6f3beca4-5ddd-4787-a822-ad533b8f40c6,de090047-e2b8-4d13-be86-32849314133b,662db169-0f0a-4d16-82b7-384736f69117,high,0.239,lost,whatsapp,10677.99,2026-07-14T03:51:51.175565+00:00,
f48515ac-f330-41f6-953d-d7b9f8c09c8e,8db6349b-7561-4b3e-bfc4-0dad2e2f391e,ffe1a8f4-131d-4cfa-a505-875fbd14a219,low,0.685,contacted,whatsapp,1181.85,2026-08-21T07:11:51.175565+00:00,
d50549e7-817c-479f-acfb-9f2b52b28b6f,1befb4a5-66b5-4565-9e64-83b12b6c89e7,71171976-2a36-480f-aabe-728365230fcd,low,0.675,recovered,whatsapp,7584.56,2026-08-19T05:59:51.175565+00:00,2026-08-20T03:59:51.175565+00:00
62249e59-1297-4663-96e7-60616ebad9c5,29c6bb7d-bd1b-4bd6-8054-dbcc85ca4b65,4d6b4a63-1d8d-4b12-afb7-a868c18d848a,low,0.742,payment_attempted,voice_call,10739.37,2026-08-20T09:02:51.175565+00:00,
d1ac781a-608d-4966-a687-10c0ed413e71,53d86d46-91fc-4d2a-9170-c2af047a9d60,0aedbd01-bc37-45f6-a683-4eea953f9417,low,0.911,recovered,email,4422.34,2026-06-28T09:55:51.175565+00:00,2026-06-30T12:55:51.175565+00:00
3dca300d-c882-4fac-81e2-251b3bbde9ac,e398f7f1-9306-496d-820b-becb3e709a87,60dcf063-814e-4ee8-a642-ca5ff9552ce2,medium,0.536,lost,sms,2134.82,2026-06-18T17:37:51.175565+00:00,
5fed5260-7a7c-42b2-b207-40d2ee289144,28d871c5-7027-4521-8566-1e52a55fd12d,bd952c62-9f8a-4974-a205-90aa16aa023d,medium,0.525,lost,whatsapp,5775.29,2026-08-06T01:58:51.175565+00:00,
2559ade3-53e9-4886-b4bd-c8abc165e96e,87099d6b-d346-4915-a375-d92b2811b503,7a072d2c-8797-4fe8-960e-f1d51aa5f96a,medium,0.629,lost,sms,989.98,2026-07-14T14:33:51.175565+00:00,
48fc2ff0-ed88-4b04-9392-66a960e875fd,6d5999e8-6788-4913-a8a9-9e023a1be305,4380aaae-8da5-4d4f-903e-a3efe48ef3bb,medium,0.555,recovered,whatsapp,1767.6,2026-08-18T21:57:51.175565+00:00,2026-08-19T19:57:51.175565+00:00
04c271f9-32c7-4f46-b8a7-7aecdfb56812,572e76d4-5c85-4b0b-bb63-6134378f5cfd,2be2e8ab-abdb-4fdc-a04f-8f0b291c6d93,low,0.864,recovered,email,1076.81,2026-06-02T03:05:51.175565+00:00,2026-06-03T13:05:51.175565+00:00
5589fcab-8cf4-4aae-b236-6202d344a1d7,f2c14c9f-f646-4126-9549-28d7ffe33788,080e5b35-faa6-4451-ab00-0dc3517933b0,low,0.651,recovered,whatsapp,4042.38,2026-06-07T10:42:51.175565+00:00,2026-06-07T19:42:51.175565+00:00
30bbf837-d725-4e74-a8ae-94620734baa5,ab659655-dd8a-4e0b-8bbb-f383fc496486,5d4fa669-5c82-4933-9f2e-c4b0f941e8be,low,0.729,recovered,email,499.0,2026-06-28T11:07:51.175565+00:00,2026-06-30T09:07:51.175565+00:00
80a99386-cd9e-4a74-9763-2a8d9f3de4be,7c356f60-3372-4b2d-b97d-35e0228e1b56,effc71e8-4531-4def-a4d4-94d462f0c024,medium,0.442,recovered,email,3575.23,2026-07-27T08:43:51.175565+00:00,2026-07-27T20:43:51.175565+00:00
762ac8a6-d39e-4aab-bf78-adb6a75f0509,d2002ef1-cd89-4027-9edb-00ddf91ec716,838089dc-1a43-4ed3-b050-1d29618c45c6,low,0.801,recovered,whatsapp,1416.58,2026-07-26T11:54:51.175565+00:00,2026-07-28T21:54:51.175565+00:00
67324373-4e9f-4ab4-95cf-4ed662b7c213,72249e0e-485c-44c5-ac9a-d9640e98b384,665c5735-73d4-4344-b7a8-a8885acc00d9,low,0.83,recovered,email,1599.96,2026-06-20T20:23:51.175565+00:00,2026-06-22T03:23:51.175565+00:00
8751b6cc-2d19-4dfb-aae4-49484c796bf4,27c081a2-c79b-49f2-a6fe-d35900e6c52b,7d71edb5-6476-45b8-acc3-e5e17a906cd8,low,0.701,recovered,email,4273.72,2026-08-09T07:20:51.175565+00:00,2026-08-12T04:20:51.175565+00:00
feb3f1dc-1dde-4294-af15-d52aa50be4ca,4c37452d-ad49-4395-93fd-6016b5e920e1,5de632fb-3369-4d07-b307-87d26ea7ddbb,medium,0.384,lost,email,4123.29,2026-07-20T23:59:51.175565+00:00,
38ac3406-3d6f-4030-a119-8205ba8b194c,09b7315a-8b0c-4493-8359-625d911397a6,36522b28-f2e5-42cc-8e26-92419ff008f0,medium,0.396,lost,email,6864.8,2026-06-18T10:04:51.175565+00:00,
cf7e660b-4911-49d4-b962-e36d8a81160c,be39d188-70eb-440c-84b7-7e37d925e6d5,6b8716a6-6afc-42c0-9e99-ba4f4a965939,high,0.27,recovered,whatsapp,3063.31,2026-06-07T10:27:51.175565+00:00,2026-06-09T06:27:51.175565+00:00
39707556-73e5-47df-b9dd-5dc6a3ec7124,411349e3-9201-4331-aee1-eba86749f317,28e91df0-cc3e-4b15-b17e-a1d1e7c9e060,medium,0.617,lost,whatsapp,9882.23,2026-05-30T17:16:51.175565+00:00,
d014516c-fa46-41cb-816b-4a36629e9e68,2ef002c3-d687-446e-8349-1c093ecf4c07,022ea8f0-e757-4bf9-a9ec-8505454ecece,medium,0.62,lost,whatsapp,1002.33,2026-06-06T19:27:51.175565+00:00,
ec87ae2c-9f79-4436-81b1-a3af9ff00922,61e5dfcb-0df8-4dbd-83b2-dbebd6ec969b,d4bd5aa3-4845-4a7c-8a4b-d616275149d2,medium,0.544,lost,whatsapp,3882.05,2026-08-15T08:37:51.175565+00:00,
82eff81d-1c1b-4563-9b5f-9e9a10ad21ca,05ecad5f-0996-4baf-95a0-4e3623d1fb0d,8451122f-e09d-4b40-968d-dacefa3759b7,low,0.652,recovered,email,2192.83,2026-06-21T17:29:51.175565+00:00,2026-06-22T00:29:51.175565+00:00
4841c7e5-9470-4975-bcbd-89743bf54f2d,874d01b6-db36-423e-b4c1-d443b5805ba8,10c130e9-0fd2-46b9-b4ad-918777b45664,high,0.173,lost,whatsapp,5667.1,2026-08-02T21:34:51.175565+00:00,
1636cacb-f89f-439b-a6f5-a177185b77a8,3380cae4-4c01-4b82-845c-c18ee2a9cbe6,298fff67-031b-454e-a620-824a0f694202,high,0.177,recovered,whatsapp,7946.38,2026-06-26T22:39:51.175565+00:00,2026-06-29T02:39:51.175565+00:00
8bba946f-d75c-4419-b41a-b99f2cf23c16,6c2ace6c-5afa-4075-a398-1e2514ca5731,271960cb-9cea-4e67-95c2-a4f8bb872cf5,low,0.855,recovered,email,744.72,2026-07-14T16:54:51.175565+00:00,2026-07-15T15:54:51.175565+00:00
7fc04f7f-5046-4d11-97fb-b94f16293af1,fc823da2-4b32-4e82-a897-3425714e31e7,9c0b2ac6-3db2-404f-8b77-ea6bd1f6bf72,low,0.854,recovered,whatsapp,2430.29,2026-06-23T06:11:51.175565+00:00,2026-06-24T10:11:51.175565+00:00
49c45365-b539-4000-a059-d627828e573d,ed966f48-57a2-4400-bfb5-107a0af785b1,90115a10-03cd-4b50-a789-642aa3111a58,low,0.733,recovered,email,1639.34,2026-07-11T07:26:51.175565+00:00,2026-07-13T20:26:51.175565+00:00
75cb829e-b90b-4ca2-b0bd-a62ee69fba7f,3fc3f8d6-c335-4ce6-a831-50b0eabe1267,0ad404db-c2c2-4b17-b0d1-f36885e8c640,low,0.837,recovered,sms,1889.84,2026-06-18T02:56:51.175565+00:00,2026-06-19T10:56:51.175565+00:00
bd113928-48bc-4b5c-95ad-dbab83ecf325,9c5e9aa1-4424-4ffb-b9db-43a9957b4c87,0795480a-9d22-4166-81b0-524da7caf0a3,medium,0.446,recovered,whatsapp,3371.99,2026-07-25T11:33:51.175565+00:00,2026-07-26T21:33:51.175565+00:00
3ff3f78e-9468-4ee1-8b58-0cd83c3f4f02,9822874e-c712-493d-9ae7-98dc6c77b163,4e757588-c91c-4893-9197-9ca58d6a011e,medium,0.596,lost,whatsapp,863.43,2026-08-01T08:47:51.175565+00:00,
2a507771-db26-45c5-a324-921d029c51b5,6ba1e2e0-d271-4f6e-b0f3-27890e709a32,1833ce84-9560-4f83-bf6f-dac0a76b3c95,medium,0.617,lost,whatsapp,3507.81,2026-06-01T14:29:51.175565+00:00,
8f4edaa4-efec-4e7e-b063-6eb004d2b2d0,f13e8b1c-d621-490e-bd3c-411bafc1fd3b,47dc496d-a7d4-4a5b-948c-2fcc28a95722,low,0.748,lost,email,3499.69,2026-07-25T01:43:51.175565+00:00,
d52e4b33-ff46-4ced-b6e5-60d70d28ba2e,c901400b-8a6d-4f83-bbf1-588e709489cf,757f6914-fcb7-47d2-8ac9-157bbc2a9ea5,medium,0.582,lost,voice_call,6568.95,2026-08-18T14:31:51.175565+00:00,
2fd91f06-e55a-463e-a0c4-1c721088ea10,1b6243e9-c177-4b90-b046-034386d8761f,8c3ef8f2-53fd-42a6-a366-7f1529565c68,low,0.682,recovered,email,12236.35,2026-06-21T05:08:51.175565+00:00,2026-06-23T08:08:51.175565+00:00
5255be3f-901b-462e-bafe-7acec2f6af3e,aa6c8002-3eec-4f13-8504-c26fdd23a50a,a61f5204-3db1-42bb-8c5e-4a2f34c995a7,medium,0.45,lost,email,6773.73,2026-06-01T22:21:51.175565+00:00,
686b02ea-d4c1-4f8a-b37c-70bf64ed1a53,20b8e6fd-2c73-4068-abf1-d564e249557d,a9693912-bf96-4ca5-aa5a-44b49a50221a,medium,0.509,lost,whatsapp,2850.37,2026-07-21T09:04:51.175565+00:00,
80f907ac-2aba-45eb-adac-356821f7e55f,8f2f8b1a-7ceb-4d50-a0b5-ba21b694fddd,c8965e16-6e1c-4ac2-af51-b5613911f4d1,low,0.785,recovered,whatsapp,4620.89,2026-08-04T14:38:51.175565+00:00,2026-08-04T18:38:51.175565+00:00
8c6a4dcd-b093-456c-a899-e536565d6053,7350d7a4-0f41-4686-9299-5ef77a5b8484,033dbb9c-436b-4a0b-a9ef-89305d5d8703,low,0.704,lost,email,9955.42,2026-07-28T12:48:51.175565+00:00,
0fea5f0d-21c2-4544-8fb5-25077c5b5593,38955dc0-07af-434b-a9a6-9ae98378adc3,c47710f2-2608-4811-ac0c-484f6401f4e2,low,0.722,recovered,whatsapp,3061.31,2026-07-16T09:53:51.175565+00:00,2026-07-16T23:53:51.175565+00:00
27c5c217-1bcd-4840-a98c-b2499977f08c,6ee0be28-15fd-4141-af3e-b6958b7d6345,e322d984-6ca0-4ea7-b029-6e45e6d9ef31,medium,0.402,lost,email,8092.3,2026-08-12T06:23:51.175565+00:00,
4f0dd064-d199-4674-accd-8e3e60ef050c,6e7b1a65-8330-4041-b110-c462f5926fdd,66c2c35e-d148-4e46-8e4f-de3690ac2d57,high,0.285,recovered,whatsapp,4229.07,2026-07-03T12:13:51.175565+00:00,2026-07-04T14:13:51.175565+00:00
60751ece-2564-4246-ade8-2d17758e3649,bdf5f7e5-ef48-4adb-ab5b-fa9f61788c8f,a96a3fc9-8a0a-4074-ab25-19911fec28de,low,0.857,recovered,voice_call,2193.69,2026-06-11T21:47:51.175565+00:00,2026-06-12T06:47:51.175565+00:00
0c31a829-1889-4507-86c7-3ebdeae2dd78,26f9c05d-855c-4e94-926b-267cebaf28e0,dd327383-2754-4af2-8ae9-0278d4dad8d1,medium,0.632,recovered,sms,1466.19,2026-07-03T05:05:51.175565+00:00,2026-07-05T18:05:51.175565+00:00
42439f72-387c-4bc0-9665-d0bf27435882,e4982da0-def5-41e6-b420-1bedd86d2531,ba400c8d-892b-4e70-abf7-6077baf879f2,low,0.679,recovered,whatsapp,3510.49,2026-06-17T14:30:51.175565+00:00,2026-06-18T03:30:51.175565+00:00
1eb19880-d87a-476b-84e6-4b7dff9d42a7,673b76f6-8ad9-448c-9208-d15a115462e5,34c2be31-a7f9-44d2-8a9c-56b99c1400ec,medium,0.422,lost,whatsapp,813.36,2026-06-29T10:21:51.175565+00:00,
488f5db4-d65f-4f90-ad95-efd1a23853a8,c0d699de-43fa-43fd-9568-1495e5f88941,76010241-a331-4490-be04-6c19f17502ec,medium,0.648,recovered,email,2486.25,2026-07-04T12:23:51.175565+00:00,2026-07-06T20:23:51.175565+00:00
8acad9d1-e7f8-46eb-a9a4-0fd9e696c7bb,18cb0777-c336-4ea0-b62d-49dac4be94d3,6afbbcbc-fcf5-4cf5-a5eb-cd4c66e321b9,low,0.96,recovered,sms,1691.35,2026-08-16T14:28:51.175565+00:00,2026-08-17T08:28:51.175565+00:00
6e968361-15ee-4edc-af2c-a50fb1040f10,fdce02cd-a345-41fa-8461-a814834cbb08,548f651c-e86f-4af9-9958-45544634774d,high,0.294,recovered,email,5815.88,2026-08-19T06:00:51.175565+00:00,2026-08-20T23:00:51.175565+00:00
34bbf766-024c-42a0-9d6c-61b7f5abc4d6,f68cb8f3-57b6-4795-9f40-dcd997f753b3,b7348d60-4573-4474-8045-25a67c507641,low,0.671,lost,sms,1097.97,2026-06-30T22:36:51.175565+00:00,
77ab69d5-869f-4794-a533-6055ac7010e3,f3085952-9dd8-461b-96b7-9e73e29ee4aa,427e7001-10cf-4e39-bd46-6e01fe52c2ae,medium,0.591,lost,whatsapp,2646.0,2026-07-09T01:12:51.175565+00:00,
d9397a6d-7e48-4ce6-bb43-83dad657b6e0,5165c0ba-8348-4f45-8056-1e5ea09ff8bc,14deb406-4916-4e8a-bf57-f828557e6d4f,medium,0.562,recovered,email,1267.66,2026-06-03T21:04:51.175565+00:00,2026-06-05T01:04:51.175565+00:00
3bf238ba-9fe9-4f34-ae04-4c11155a742d,061a07a2-ad50-43a4-8063-4d623f468d96,ba7f3e00-2348-41ba-84af-fa4b1ffed83e,medium,0.355,lost,email,3370.83,2026-05-31T02:23:51.175565+00:00,
aa8b1997-0335-4387-9adc-feb984f61ac7,4e072eb2-6d61-42ce-9268-b79e462b8975,9336d40a-55ff-4517-b1bb-2795e960601d,low,0.818,recovered,email,4412.94,2026-08-15T04:16:51.175565+00:00,2026-08-16T16:16:51.175565+00:00
3db5d3aa-27e1-4ef4-ad91-12839088b659,a04e0330-521e-4ace-a093-adf02dabed04,88ad17e4-1530-4887-b628-6ef4d3106454,medium,0.603,recovered,sms,1934.74,2026-07-01T22:01:51.175565+00:00,2026-07-04T18:01:51.175565+00:00
257b6f27-663b-418b-86a8-8f462df6477d,8e790598-6392-4323-b0ea-2d5171418140,a07fbf85-a57d-4045-bae1-43e669c49c60,medium,0.565,recovered,email,2267.95,2026-05-27T15:39:51.175565+00:00,2026-05-30T02:39:51.175565+00:00
a7e454bb-95fd-48ac-9aea-66595eaa9af6,b401c8b0-819e-4e06-8f1d-8119495bd316,dde307db-ea8a-499c-aa12-50605c545d9e,low,0.694,recovered,sms,1757.9,2026-06-20T00:44:51.175565+00:00,2026-06-21T06:44:51.175565+00:00
343ee209-4712-4e8a-8592-8aac89b07535,9c8b2959-10b3-4c65-8f3c-c8267670b90d,e83c7fa4-bb4e-41ce-807c-6ccbc1e204c7,low,0.725,recovered,email,3479.91,2026-07-12T16:26:51.175565+00:00,2026-07-15T01:26:51.175565+00:00
45f50b7b-6f50-4770-be3b-de3ebc6b4f48,70b24256-ed8e-436e-8291-31cb80f45e25,b7ccd7f6-8fed-44aa-89cf-640d9898880b,low,0.666,recovered,email,2433.36,2026-07-02T20:57:51.175565+00:00,2026-07-04T22:57:51.175565+00:00
4a391651-5334-42ef-8e2f-1c9fd4456d46,9f0d24ac-95fe-48b6-9e03-82450e74fe64,cf107574-e6cb-4de1-abc2-8c35da80d18d,medium,0.635,recovered,email,499.0,2026-08-08T20:44:51.175565+00:00,2026-08-10T22:44:51.175565+00:00
a657cca6-a6bd-4188-94c3-86454a22ec28,a369b80b-7dac-4809-bbeb-afd66c42d90f,360fb4f8-0ccb-425c-b86d-f8c81508c062,medium,0.447,lost,email,3599.55,2026-06-10T23:59:51.175565+00:00,
1f7d5ab3-6ca6-42f8-9a2e-6ca458fda8e5,5d8a3ec9-047f-4e5e-bf31-fd1b89fd0732,8b88cdb6-a23d-4ef5-bb58-28005f3cd1ce,medium,0.493,recovered,whatsapp,10260.87,2026-05-26T12:48:51.175565+00:00,2026-05-27T21:48:51.175565+00:00
d3b44487-f3a2-4c26-93fa-97826e6ee6f4,0180cfec-2ef1-47c0-9b7e-908c8d7bfdbe,ea95d45c-c0ec-4508-8e90-0257994663e0,low,0.782,lost,sms,1248.0,2026-08-12T12:31:51.175565+00:00,
85248f33-d433-43d1-9e00-3efba85a7e3f,ec984f98-1944-4811-a55c-343f72d68eab,49799fb5-9fc7-48fc-954a-1ea7444848bb,low,0.76,recovered,whatsapp,2229.47,2026-08-08T03:40:51.175565+00:00,2026-08-09T09:40:51.175565+00:00
53e48b2b-c7b3-4042-bb5d-046fa9c3372b,9188bbbe-1f5c-4c64-b845-726efa2174a3,ad691449-9c7f-4a08-933c-22eb7e6ab275,low,0.725,lost,email,3418.3,2026-07-16T05:25:51.175565+00:00,
b3516d6a-b1f7-40cb-bf43-90907c4244a5,e2525682-e196-4548-bcb8-24902ee40df3,8da01aa8-06a1-4ef8-ada3-c542e4843b40,medium,0.573,recovered,email,15674.65,2026-08-12T15:28:51.175565+00:00,2026-08-12T19:28:51.175565+00:00
e82f20b2-1fab-44a8-b649-4f767b6c2f2f,7b20f671-f14f-43c7-af89-ec641755ec2e,28819c80-f410-4b6b-a75b-aa22155ba836,medium,0.526,recovered,whatsapp,1707.13,2026-06-09T11:26:51.175565+00:00,2026-06-11T12:26:51.175565+00:00
423904ec-b57a-41bb-8dd0-4eb28666ab20,6e83c07e-de92-4b87-b13d-e2724edd8307,aee7637e-c867-458b-aeb8-045469bb62f6,low,0.745,recovered,whatsapp,2410.41,2026-08-04T09:11:51.175565+00:00,2026-08-07T03:11:51.175565+00:00
aaa1800c-d2ea-4262-84b0-f62b9d8acf71,94cb4f83-7106-43df-8677-da96b8fde078,92e3b37e-74a9-44ec-be47-8b30de647c34,medium,0.586,lost,whatsapp,5224.51,2026-05-25T07:07:51.175565+00:00,
c7df804a-bdfa-4911-9691-ea26593074ba,a46f4117-ddff-46fb-8b3c-fcbf07fcde6c,da0afc10-c8f3-4b09-9a0e-d0ce32f7567f,low,0.763,pending,whatsapp,4427.9,2026-08-21T04:55:51.175565+00:00,
028535b6-6cdc-4134-bfde-73327edab243,30284c3d-df68-4ca1-84ed-dc332fe586f5,0a9553cb-36c7-4129-966c-8a6e20c4ad05,medium,0.546,lost,whatsapp,2817.95,2026-07-30T04:27:51.175565+00:00,
d6d549e4-8d91-42f5-8b1f-08199c287fbf,78b096c0-ce75-4412-8b15-bf47125c19f2,731249e1-7678-4677-8bd3-7c75a2c32a40,high,0.338,lost,whatsapp,589.08,2026-08-10T06:18:51.175565+00:00,
02181737-f3a8-4c72-bb62-8e66110af1ef,9e2671e6-8cc0-4f1e-af1c-d2be6b91f132,c0d8a981-a737-4259-9d3f-3173b19e8f60,low,0.93,recovered,voice_call,544.31,2026-07-05T17:50:51.175565+00:00,2026-07-07T00:50:51.175565+00:00
0f3ad722-1245-47d9-9874-6b5e45661e9b,94e1cd33-d9c4-489d-82df-fc28561fb0f6,49f3898e-ec9d-4d27-b69a-204080bf36a5,high,0.333,recovered,voice_call,5259.77,2026-06-13T16:08:51.175565+00:00,2026-06-14T00:08:51.175565+00:00
46be5744-9813-4f9c-ae87-8ff783f3c1d3,4604008d-a26b-4213-8e6d-4606d0ed89e6,b13ae1cf-ae6d-496e-be8f-4c494dad6109,low,0.771,lost,whatsapp,1195.24,2026-05-29T16:21:51.175565+00:00,
09813f23-3b40-4745-95a5-c4fb47eb8bc8,9788c6b7-45f7-4e0f-ac74-405d821c4b2d,da4d316e-ef18-45c1-bbd8-5f38b12b62b7,medium,0.53,lost,whatsapp,4307.36,2026-07-29T08:41:51.175565+00:00,
ff741068-17f2-4823-8b90-7a68698c4e51,d17076f5-5380-4df1-866d-a3cce72a7595,2019448e-91fe-4667-be15-cb6ae8c988f2,low,0.715,lost,email,1462.29,2026-08-07T19:44:51.175565+00:00,
2e1b71bc-c1b5-4438-b161-8fd2254f2202,b0f3964b-d02b-4714-aa58-a15e4a5d71f5,40ad74a9-c896-4fc6-811c-9b1115192fac,low,0.7,recovered,email,2360.13,2026-07-11T05:39:51.175565+00:00,2026-07-11T16:39:51.175565+00:00
0f15b0ad-83f2-493c-b4b0-099905b77967,adf0a861-b7e1-47bf-a180-2f17d8bf39b3,f5aabf44-e6be-4297-8409-354670213d38,medium,0.607,recovered,email,654.99,2026-06-08T04:54:51.175565+00:00,2026-06-09T06:54:51.175565+00:00
85bbde57-a7de-4bfb-966f-f133ef7eca34,c0c850c0-f81f-4fa8-af20-e104e42e3349,8c76b67b-e1d5-4dfd-9ca4-835d93500eb9,high,0.251,lost,whatsapp,9891.88,2026-06-21T14:03:51.175565+00:00,
7d07f51f-0287-4c4b-b90a-61a4ff61b9a6,94c5045e-1d93-4d86-b292-b759c1b9c03a,6cec5cce-8f22-4bb4-bf33-9ddd00bc9849,low,0.835,lost,email,1730.41,2026-07-01T04:18:51.175565+00:00,
572779e8-e191-4ec6-b151-210c042ceb1d,49ec74eb-b9a5-4a4e-9ccb-42bad2b6934b,f20d2ea7-a830-4971-96c2-4200eec31c5c,low,0.801,recovered,voice_call,1130.15,2026-05-28T02:02:51.175565+00:00,2026-05-28T12:02:51.175565+00:00
b7e74654-ff35-4a4d-88c2-1a49838062a4,c32abb36-9d9c-4579-b3ab-a9b635ff279b,37c28b33-4728-45be-825e-b8f26e5db46c,low,0.883,recovered,sms,703.16,2026-06-26T10:44:51.175565+00:00,2026-06-29T07:44:51.175565+00:00
15ec207f-28ce-4adf-9560-4f60ecba84ea,4d188e51-9086-4e34-8457-16ce26809634,bb0f3700-b1f1-4e72-9ec4-c2206a31c584,medium,0.419,lost,email,2059.64,2026-07-08T16:28:51.175565+00:00,
25a6c812-3714-4815-b0af-4ea535705fd8,f814b3d4-fa57-4a93-85d8-9c4519168945,8a05d8d0-5dc4-4c76-83e3-b0d2a26d65d5,medium,0.646,recovered,whatsapp,4115.15,2026-07-03T06:48:51.175565+00:00,2026-07-03T18:48:51.175565+00:00
4bf19913-ede5-4191-9b19-8edb4046ed38,1050f63d-9151-48b3-8a68-7685ffb1b276,77c113ef-5ea1-4d55-9ddb-1889217fc580,low,0.705,lost,whatsapp,2020.64,2026-08-04T00:17:51.175565+00:00,
ca6c4491-cf4a-45e1-b9fe-fd42f87f971a,ea28a86a-0ead-48cf-9b24-9a05ca66e244,6412a4e1-1402-4edf-873d-1d467d945960,medium,0.473,lost,sms,1301.65,2026-06-09T22:49:51.175565+00:00,
64fdcab7-88b5-4da1-9a4e-40c1b62651e0,46a16e41-3051-4f53-83d2-1642f5fad243,cdf3eda2-028b-481c-a485-402ef5e73bab,medium,0.418,lost,sms,2187.82,2026-07-22T11:01:51.175565+00:00,
d75e043a-cf48-4d6b-b063-56fd7bd36b0e,a6b91dfa-32ad-45c0-912b-3ebe0efab8cf,cb135f2e-b10c-4b4c-a0ad-85a742fcaee7,medium,0.543,recovered,sms,2336.51,2026-07-01T08:13:51.175565+00:00,2026-07-02T12:13:51.175565+00:00
00ac45d1-47ff-4679-b9af-bda50323d076,50f10b8a-4d6e-4d70-adc2-be53f70216a6,a3326ee2-2d8c-463a-809f-86f606eceebd,medium,0.409,recovered,email,2609.29,2026-06-09T06:52:51.175565+00:00,2026-06-10T05:52:51.175565+00:00
49a3de80-fe45-4c67-b4fd-f15e742191b6,29d4ccb5-aa70-44c9-9f03-6dfe1a497f4f,7ee5f6c2-49a6-4eb3-8911-5b03d0a019e3,medium,0.621,recovered,email,7486.79,2026-06-21T09:45:51.175565+00:00,2026-06-21T16:45:51.175565+00:00
d2088cb6-4416-4f82-a9f2-b6c6ba0deba2,0af75e65-7f1f-4a3e-9632-6be78f281fe9,100333d6-3aad-4db2-b0b9-eaeadb937c1b,low,0.736,recovered,email,686.1,2026-06-24T06:07:51.175565+00:00,2026-06-24T12:07:51.175565+00:00
9b410b49-92a3-4114-877f-087d3698c68b,1dc43768-99d2-4a21-ad38-dc7dd909559e,a0b6c78e-1f4c-4ab9-916c-ece20ba41f27,low,0.668,lost,sms,1773.02,2026-07-18T09:20:51.175565+00:00,
cd986f88-ecaa-438f-8df2-9b69c02bcb7d,2a80a399-be94-412c-8f0f-19c545ac1c28,f8765c75-ddc4-4504-b6ee-12d2c45b04f5,low,0.897,recovered,email,3666.65,2026-08-09T13:18:51.175565+00:00,2026-08-12T13:18:51.175565+00:00
c8d801f9-d5fe-4b7d-9b4e-4804740b04ef,e6d61c8b-5521-4617-afbf-33f984f327f1,dfd6c7f1-4ab7-4b4d-b52f-dfe6b9cd625d,low,0.668,recovered,sms,1894.33,2026-06-08T10:30:51.175565+00:00,2026-06-09T17:30:51.175565+00:00
7c796023-62ca-4c8c-87b7-407013126ef6,3739ba5d-77e0-461e-956c-f91011fe9706,d023a0d1-8484-4876-b48a-e7a2fa4b48ed,medium,0.525,lost,sms,563.08,2026-06-12T00:31:51.175565+00:00,
30d2a53e-2c1f-4e53-bcc7-19768959a662,9a34a0a5-a348-48e7-9cff-be43e156bd8e,ae33084b-a4b7-4121-b919-cb5d7e84eed5,low,0.69,recovered,email,1849.21,2026-06-13T22:19:51.175565+00:00,2026-06-14T15:19:51.175565+00:00
682a74e3-06ad-4668-ba0d-df72117a5c3b,b47eb7ad-bf4e-48e0-bfb3-a2d7ddc389db,16071080-93b2-4d5f-b57e-de4d218bc42d,medium,0.499,recovered,email,1345.08,2026-06-27T07:38:51.175565+00:00,2026-06-27T19:38:51.175565+00:00
59948285-4b02-497d-94ff-a6bd0e035fc3,509396ab-dadf-4c75-9a2c-01439f27dbc0,b22f72ff-d999-4ce6-acf6-39575bca4d60,low,0.762,lost,email,1978.62,2026-07-01T03:23:51.175565+00:00,
0932bf78-3c07-4709-bd7f-31710844fc4c,84fd0969-c8b6-41e5-a568-c54e2e3d1cf1,21c6f2ad-a101-407d-81f7-fb8f74960ab3,high,0.326,lost,email,4106.57,2026-06-25T16:07:51.175565+00:00,
3fe69f8e-05c9-448f-a9ce-a3dcf3c77c6a,e1bb100b-8519-492e-b691-33c79568cd0b,f104e6f6-d9c2-4646-8cbf-3d4e64fd6b35,high,0.268,recovered,whatsapp,3995.2,2026-05-27T21:11:51.175565+00:00,2026-05-30T05:11:51.175565+00:00
6a8b9aba-714a-490a-a733-7676ac01e52e,b376f25f-1ab7-4f92-b7a1-2eae69040d42,25e26953-2d03-46f8-94b7-a0d52d04511f,low,0.883,lost,sms,766.24,2026-07-12T22:35:51.175565+00:00,
f30901c8-0fd7-42f0-8038-ed10855f190b,17ba5ceb-1b3c-47fd-9f76-55daf2fda9fa,062191a7-e168-445f-ad56-9024f53c66dd,medium,0.617,recovered,email,10729.85,2026-07-26T13:34:51.175565+00:00,2026-07-28T04:34:51.175565+00:00
77255080-0fd2-4e44-b985-8203c207df6f,063794fe-3809-475d-86b0-63cf5a9833e5,d4870be7-51fa-464d-b12f-8be8db048c74,low,0.847,recovered,email,2448.29,2026-07-14T01:08:51.175565+00:00,2026-07-15T12:08:51.175565+00:00
5539198e-3dee-4032-a3aa-54d74e5b5b5f,5f52753c-2d2b-4f3f-b412-8a2db9fbdd38,e1aec63f-402b-40ec-8131-3e0d182e2914,medium,0.547,lost,sms,3027.04,2026-06-18T13:16:51.175565+00:00,
d9eb317f-3eef-4723-bfc6-e7ff7a5f5862,04ca9546-fbdc-40d6-8257-22ed1e27f0a0,f3786487-c262-4e45-8dce-e73e87625a19,low,0.655,lost,email,4192.35,2026-07-21T19:21:51.175565+00:00,
77fef3ec-5a1a-41cf-b1b2-f0c853725f35,fdc4f2e5-7fd4-45d9-9b84-9cef71cecaed,f3365901-0410-457d-b3ef-8115d0c3c2c4,low,0.67,recovered,email,4003.7,2026-07-10T14:33:51.175565+00:00,2026-07-12T10:33:51.175565+00:00
0c45108b-f117-42b8-a378-6bf3113b3ef9,b22068d7-9e02-4453-9182-d059e9c727ec,1a2d3e5d-e430-4c3e-94cc-991e2a4fa2cb,medium,0.595,link_opened,whatsapp,10937.49,2026-08-19T20:50:51.175565+00:00,
e9fee2dd-7b3e-425f-98c9-8c23fb8e68cc,c796353c-33ca-492a-a271-e3ff7487add7,485f0f50-8307-4680-a611-8a5ee15cb650,low,0.86,recovered,sms,4060.12,2026-08-13T06:06:51.175565+00:00,2026-08-14T19:06:51.175565+00:00
c46d34ad-4322-4581-8252-43139a2ebaeb,29614f91-93ae-4028-aca9-59560257640f,e105b226-f471-4675-950f-2f5e100bd15f,low,0.796,recovered,email,561.84,2026-06-10T13:44:51.175565+00:00,2026-06-11T18:44:51.175565+00:00
c64972d8-251e-4a28-a405-623b4701b0c5,7951c39f-a082-4058-a48b-77bb86269055,1d40ca6c-31f1-4694-84b8-92d321534baf,low,0.804,payment_attempted,whatsapp,2472.23,2026-08-21T02:05:51.175565+00:00,
5aa4463e-1c2b-4ace-89a7-09d8adb8577b,c935592c-94cd-4e3c-94bc-4ec6e79cb517,18574a7c-b175-4597-aed9-9a217b48ac1e,medium,0.586,recovered,email,3181.61,2026-07-02T17:23:51.175565+00:00,2026-07-03T15:23:51.175565+00:00
5795a19d-33e8-4cfb-8c32-7b4122a2617c,187b6bc2-f5d6-447f-8160-fdbacd14972b,db202989-2d11-4f67-91fa-b2733c624dd5,low,0.71,recovered,whatsapp,1290.81,2026-05-30T22:12:51.175565+00:00,2026-05-31T23:12:51.175565+00:00
ca2e2d16-5ea6-4fc8-91f7-323cff74bec5,da44ca93-e156-4f06-be00-15acc4427500,18b088ec-91f5-4b7e-8d67-de311e0ffa6a,medium,0.498,link_opened,email,4461.6,2026-08-22T21:26:51.175565+00:00,
73117660-3882-4907-a298-4d1b8d323f56,4b480f64-adf0-4d15-9862-07b5791e660d,e463e627-39f8-4078-9c41-8d80f7878c5c,low,0.699,recovered,email,3878.85,2026-07-31T10:41:51.175565+00:00,2026-08-02T06:41:51.175565+00:00
6e785cf8-dc24-4d68-afeb-df3d3c73824c,0e6e0118-7e56-46ab-b52d-a4de302d7526,5c45646f-60d4-48ec-ac04-792f64e47181,medium,0.617,recovered,email,2907.96,2026-06-10T22:32:51.175565+00:00,2026-06-11T15:32:51.175565+00:00
944d772b-671c-4618-b58a-b934b15cf004,97f99e03-8c34-4a1b-8fcc-149540cf4dab,42356ce2-bbcf-4aaf-860a-83f87e9539c9,low,0.759,recovered,whatsapp,2168.87,2026-06-21T15:43:51.175565+00:00,2026-06-23T08:43:51.175565+00:00
e6ba1580-fc69-48fb-bbd2-9853013c7670,8e27ec40-c817-42d6-b3b4-e5c2ca6d94b6,0a2210e2-4526-4971-81e1-a896e4b1ba7f,medium,0.599,lost,whatsapp,4017.74,2026-05-26T06:02:51.175565+00:00,
7cba815c-58ec-44f0-b5c4-5453684bd736,56654e99-52b8-4c5e-afd3-cd5a6ccf8207,a9bc754d-5f45-4c97-a955-72e1ef096e25,medium,0.614,recovered,email,2979.22,2026-06-23T17:05:51.175565+00:00,2026-06-25T21:05:51.175565+00:00
af691574-1197-4538-9e38-6730c1775619,bb93f506-a0ef-44d2-b911-8bbdf5dd3424,9c03283d-eb19-4783-97a6-dd07725d18c4,low,0.755,lost,whatsapp,733.0,2026-07-04T15:57:51.175565+00:00,
798c0917-cefc-4c2d-9920-3cabdf4149be,7479967c-35b6-4c73-8226-5ed64f59beb0,d69cb5be-25bc-4a37-a846-683b6f825359,low,0.746,recovered,email,597.34,2026-07-14T02:30:51.175565+00:00,2026-07-15T16:30:51.175565+00:00
486c1ba9-b198-4c3a-b2b6-8fcb31fed492,ef5ddf25-e856-410d-90b6-29ee795ce8c6,3463f8d8-764d-44ed-b82f-02481355bc7f,low,0.913,lost,whatsapp,9602.91,2026-08-04T15:13:51.175565+00:00,
442639d9-4650-4859-b0e1-ad31ddd1f351,37e5ad4b-cced-413d-bbf7-ce12d806630f,91804279-9255-4215-b6f9-8bf943c0f7e4,low,0.733,lost,email,1622.79,2026-06-28T11:02:51.175565+00:00,
4dc2126f-3f2b-4582-b322-3eb11423e566,3f673a6d-4161-432f-b264-b86050cdb1a9,cae35090-54a0-4dc4-a245-dc8cba5a68b5,medium,0.48,lost,sms,499.0,2026-08-13T17:04:51.175565+00:00,
fae692f8-45e5-43ff-b48e-0eee6976908e,cbecce42-4b08-4112-842c-c9c8a5e1ed93,e1f36581-e081-443e-8a7d-4e089eb919d9,medium,0.509,recovered,whatsapp,2649.11,2026-07-20T05:29:51.175565+00:00,2026-07-21T09:29:51.175565+00:00
4b5c7737-cf81-474e-80c4-53e9a133d245,02b7c001-e5b2-479e-b7eb-4eeedfcb82e3,b5ec48e5-1b62-4e7b-bba4-7ad47214d65e,medium,0.571,lost,email,5408.88,2026-06-04T05:55:51.175565+00:00,
99cfc531-8b71-4cca-a0ad-f6f877cbb729,d66d7f32-e882-42b8-9a35-31a078447bab,57edffb7-cec2-45df-a7ec-37b0265f33a1,medium,0.508,lost,whatsapp,6762.42,2026-08-02T19:31:51.175565+00:00,
88d73282-ded2-4549-a527-45a0f72e1742,8c91efea-a642-4aa0-b23f-3aad41c7d03a,e64ec7f5-c2e6-4da6-9717-036e08e88706,medium,0.381,recovered,sms,933.06,2026-06-06T02:32:51.175565+00:00,2026-06-07T18:32:51.175565+00:00
65a8f715-f830-49a0-a216-1d3f708f1c15,de5c6c0e-adc7-481e-a65c-ee07cec8af64,aef41bca-51c1-403f-91c7-f51d8fc1f449,medium,0.648,lost,whatsapp,1517.82,2026-07-22T11:22:51.175565+00:00,
4bfaf52f-e346-48c1-b831-5b673bae6e91,9dbf81b3-b052-43ad-b197-509fa5c50085,396222d4-b747-4506-b73f-3ea2494ac95a,low,0.879,recovered,whatsapp,4019.44,2026-06-06T19:01:51.175565+00:00,2026-06-08T16:01:51.175565+00:00
458c1802-e5e6-4cf3-909e-eba311408198,fbfebeea-8132-4d4e-bdf7-39e5be3ce492,a1547ce6-0cd2-4b8d-9edd-014134ecb0cf,low,0.7,lost,voice_call,2204.7,2026-06-09T00:11:51.175565+00:00,
2b430bb2-a4e2-4c13-8877-8c074ba0e5fa,e06e59cd-78fb-499f-98ad-84d34269b89e,11cc099e-b4dd-4f62-b1ef-113f7e262c8f,low,0.895,recovered,sms,3628.81,2026-07-31T12:47:51.175565+00:00,2026-08-03T07:47:51.175565+00:00
eddccbaa-386f-4468-9697-a3c7a9dde9dd,5a67a876-d1b9-45e3-9036-1fb3c9dbd715,9515ffd4-6f46-46f0-8058-36085e31b29e,low,0.722,recovered,whatsapp,4431.48,2026-08-13T05:40:51.175565+00:00,2026-08-14T01:40:51.175565+00:00
947036be-7826-420a-ac66-e51e5aefa840,ab438e15-403c-4308-9c96-e8432bc167dd,b4154837-7fa3-481c-801b-559b1d874091,medium,0.453,recovered,whatsapp,14573.46,2026-08-15T05:28:51.175565+00:00,2026-08-16T13:28:51.175565+00:00
71b30624-2746-48f7-9120-60e2a9536949,f3635862-70e6-4a0c-9670-71ad7f100de9,32cd602e-4c55-4fc1-931f-91265b3170c7,low,0.737,recovered,whatsapp,2946.38,2026-07-25T23:12:51.175565+00:00,2026-07-28T13:12:51.175565+00:00
37a1d86a-5a69-4a11-a498-160b9942274c,d7307d5f-f61e-43a3-9182-78d4e397853e,a19512d1-6281-43a3-8968-2c5ccfb4940c,medium,0.568,recovered,whatsapp,854.58,2026-06-06T04:40:51.175565+00:00,2026-06-07T05:40:51.175565+00:00
47718c1e-bc2e-4929-a4cf-de902598aa8f,6361bde3-e6de-4ded-9cb7-35a7a7876fa7,95c6a745-a9ca-4fd5-abeb-119e6908b4b6,low,0.871,recovered,email,1288.16,2026-08-07T15:10:51.175565+00:00,2026-08-08T20:10:51.175565+00:00
02b2d372-13fa-4f70-ab82-2e13ba2930e0,0c0372d4-59d5-4a5c-bedd-e9a1106e2c57,49b53424-040e-43ca-a156-ac1dea5ba14f,low,0.889,recovered,sms,1072.48,2026-06-21T13:33:51.175565+00:00,2026-06-23T14:33:51.175565+00:00
7129646e-bb0c-4ed3-b934-ce6e92a57253,080494e4-a0e2-49ca-9ea6-16a4977a8378,43d11f87-cdf5-4dbb-b102-ec39d2f1c35a,low,0.846,lost,email,833.99,2026-07-13T22:35:51.175565+00:00,
09ed09ac-cb98-4aae-b144-1324e9b635db,05109ccb-3fa7-4dca-8055-2af010a7588e,9a98a31f-52a0-4664-8d2c-56d42c97e7bd,medium,0.491,lost,whatsapp,2631.01,2026-06-07T16:28:51.175565+00:00,
e172a34a-9423-4d91-a337-424398a85e80,a12fd529-6df5-43fe-9c0c-c05e08e54cb1,dcb374f0-c4ee-4098-bd2c-a255ad8944de,low,0.925,recovered,sms,1984.54,2026-06-25T12:51:51.175565+00:00,2026-06-27T18:51:51.175565+00:00
0e86989c-d64c-41cf-b3c0-9a5b90844874,858bbf46-27d2-463e-a5d7-51d80c179170,597dbdd3-2b85-4cf0-9770-d99618756fe2,low,0.754,recovered,sms,9420.28,2026-06-04T09:34:51.175565+00:00,2026-06-05T02:34:51.175565+00:00
ab224496-7c3c-4cda-a7f0-603624ba3c93,1b8ec0b6-a915-4c7f-a304-2d36d7ae2d1c,cb56d23b-d342-4adb-abb1-212ccff94f28,medium,0.364,lost,whatsapp,1230.87,2026-06-23T21:41:51.175565+00:00,
c713d243-9545-4a78-b004-f3411f0488c9,aaf996d2-5109-4bda-a262-2bd920a6b3fe,fb901541-2d88-4ed8-a83b-7d835eee56c4,low,0.923,recovered,sms,1345.15,2026-06-19T00:29:51.175565+00:00,2026-06-21T22:29:51.175565+00:00
45001c40-f4c8-46da-984f-28c47106c26f,617b560d-2e25-4409-9814-0a7dc2112514,1ffdd615-82a9-4bcf-b017-2ab21fcbad07,low,0.775,recovered,sms,1901.2,2026-06-02T09:51:51.175565+00:00,2026-06-05T01:51:51.175565+00:00
89665571-1b02-4188-9bba-4f4f527b390f,6778fa31-8203-487e-8e59-3bc0a9f8ef4b,6e8ef8b6-50ee-4bc6-a02a-5ae1c6c6e3fe,medium,0.535,lost,email,4186.46,2026-07-15T17:41:51.175565+00:00,
3f9f486e-ab4d-42a3-b16c-6bb377f52bb1,209e0fe8-cdab-4110-ba88-4d4c67806426,da507588-f347-404a-9a0a-b6e04de39dd7,medium,0.545,recovered,whatsapp,2527.81,2026-07-10T05:42:51.175565+00:00,2026-07-11T17:42:51.175565+00:00
15b3888b-5c2f-4e6a-8c79-e45c5d63cb5d,4676ed07-10bc-4b05-be60-ccb0364eceea,8f03d0d0-1f5e-4a16-8393-7ae782edbd09,low,0.888,recovered,whatsapp,7677.84,2026-06-02T15:55:51.175565+00:00,2026-06-05T08:55:51.175565+00:00
c8cb5143-d861-403a-9016-02286542703a,7127edf2-76ae-465f-8ba2-d6ea52f3ac6d,9d51c232-6a78-452b-a7c4-278b7680378b,medium,0.635,recovered,email,4963.85,2026-06-27T11:09:51.175565+00:00,2026-06-30T07:09:51.175565+00:00
226e8a4e-8a90-4611-8471-b7c4e5441dcc,b37a60be-d1a4-4aa6-9d01-e83a68ceed65,5011aaa9-9964-4009-97e5-7f955ba86892,low,0.795,lost,email,1650.48,2026-06-05T16:31:51.175565+00:00,
571313a4-6f58-4cf3-92fd-ad701d0dd509,c0896e9f-55a8-4ea0-838f-bf3145bb98b6,cb83dd0b-c214-47b9-8660-b0ac0502a2c2,medium,0.612,link_opened,whatsapp,3688.75,2026-08-20T04:11:51.175565+00:00,
16e609a2-e352-4461-8173-e325521c1ead,abce2f0c-44a8-4a43-ba94-a470c153f6ca,0571a56c-1d63-4270-b9c5-750982407714,low,0.662,recovered,whatsapp,3997.48,2026-06-10T18:30:51.175565+00:00,2026-06-13T14:30:51.175565+00:00
4b9cfbf8-ad08-44a5-9703-949aaaa329f1,b66bf002-7623-4c75-8f29-d4e1251f1eb7,3e6853fc-233e-4e60-8247-20852e785a59,low,0.771,recovered,sms,1466.22,2026-07-19T04:02:51.175565+00:00,2026-07-20T02:02:51.175565+00:00
20be82d6-c0a1-40df-b6c3-08289254fd74,acffac1d-0821-49a8-9290-9c5e87e160ba,2c57217a-f76a-426e-9d1c-eb1131cdebfd,medium,0.508,contacted,sms,3177.35,2026-08-20T22:05:51.175565+00:00,
fb434fd0-b175-4f1b-b1ae-f999bd582fb5,3166fa5b-c7f5-4f33-9c36-366f4986b4f8,7c73d54c-54b7-4a64-bcb4-dc6f310b7334,high,0.312,lost,whatsapp,4241.22,2026-08-02T00:57:51.175565+00:00,
53670ed1-4592-4f24-a6aa-31536743adfb,0a3b1117-28f0-47fe-b394-1e037a2708b9,7fab90a7-059d-4ba7-b923-a219979f754a,low,0.704,recovered,whatsapp,2127.52,2026-07-01T07:59:51.175565+00:00,2026-07-02T09:59:51.175565+00:00
5bae7c09-d443-467f-bf3e-6a90de9c1bf1,c6ef26b9-0ebf-4959-a5aa-1b561fc3721d,581bcda8-2782-48b2-8dd6-f839a52a42b1,medium,0.593,lost,sms,3997.72,2026-07-10T04:02:51.175565+00:00,
4cd3f467-96cb-4bb1-90c0-c7687c6b2d37,c7e3e6b6-9d27-4c1f-b306-a2b8eed9942a,3fa3376f-2356-4128-b1d7-b94566185b44,medium,0.49,lost,voice_call,3310.74,2026-06-03T09:24:51.175565+00:00,
b7eb3a69-792d-492e-afdc-43349b46c37c,9e2d97fc-2128-4cc6-a904-9d59f8305b18,90fbfe91-ef2c-423b-9f23-8fecd7945eb1,medium,0.49,lost,email,5004.6,2026-07-19T05:22:51.175565+00:00,
ca01c78f-6bde-404a-944c-134260be19d9,fe57d267-5f12-44f7-924b-5363325c555c,8999f366-01bd-4d70-870a-4e7be8204889,low,0.727,recovered,email,1732.78,2026-08-01T00:02:51.175565+00:00,2026-08-02T13:02:51.175565+00:00
65492930-a043-438a-b42d-94a802dbc40d,f34ea24a-90c4-492d-bc1d-ac19e0951557,9a3c09b8-4c95-4491-85f6-3b55eec5d1a2,medium,0.566,recovered,email,3522.18,2026-07-13T19:59:51.175565+00:00,2026-07-16T07:59:51.175565+00:00
3fc8dc69-ea4e-460b-b7e6-47dbdade4738,bada573a-0da9-4e2c-b7af-7d66e90497d7,5b82f8bb-1331-4e65-90f7-8115856e7c78,low,0.803,recovered,email,2534.32,2026-05-31T00:51:51.175565+00:00,2026-06-02T22:51:51.175565+00:00
8e58169a-75cd-40c3-8770-39c81df53e92,4d6b104b-0a5c-4925-91e0-9de51698d0e0,4f916218-3857-40f5-8ef2-c911287f44a3,low,0.755,recovered,whatsapp,2800.03,2026-05-31T13:20:51.175565+00:00,2026-06-01T08:20:51.175565+00:00
185e22b2-ec2e-4fd1-8d68-9f9763c2cacf,713ad48e-0568-4d0c-a931-ad73e089f9a3,30704329-bb06-46ca-8d02-c84333da6123,medium,0.614,recovered,email,2875.89,2026-07-31T07:34:51.175565+00:00,2026-08-01T02:34:51.175565+00:00
37f0816a-95af-4c67-811a-aacca4d49df6,8f1664dd-6758-43e1-8528-859aad085d45,fff1b3b0-576e-4d9a-bef1-d974f87a575f,medium,0.597,recovered,whatsapp,7933.26,2026-06-09T16:11:51.175565+00:00,2026-06-10T03:11:51.175565+00:00
a141efe5-fe49-4293-bfde-cef05099786c,4590c823-a461-48fd-8526-3b8d1e223ae9,3b59e384-9a89-48dd-b645-2a442e48b9ec,medium,0.367,recovered,email,6029.48,2026-06-04T14:40:51.175565+00:00,2026-06-05T06:40:51.175565+00:00
8c0b04f2-a5d7-4fb7-99a4-66f858354864,7dbdd5f0-7168-4327-90bc-b07d428f5522,c139f8ef-0bfb-4441-9f1c-1ce80ceabf1c,medium,0.394,lost,email,5119.08,2026-05-31T20:13:51.175565+00:00,
4cacbf82-7c02-4e3b-9771-b33a9a026761,a005f4b5-7af2-4f5a-a005-209dc213758e,d36cc31f-5c72-4db0-8130-1016a4a5dc9a,low,0.776,recovered,email,1913.73,2026-07-03T23:42:51.175565+00:00,2026-07-06T09:42:51.175565+00:00
ed6b1c4a-0f8e-4c50-8af0-74a0e4c606c0,1a5a37df-fbbf-4dab-b6be-ebc12d3efaf2,8b5381c3-f57b-4dd3-bd38-3c3cdae732d7,low,0.777,lost,whatsapp,747.97,2026-08-06T22:17:51.175565+00:00,
1c4ecd67-643c-45f9-90c8-a6d4159942d7,fee02353-2919-42bc-9b52-bf592dc2d5a4,fc9cbecb-0f0a-4ff3-817a-189b57b70572,medium,0.459,recovered,sms,3881.21,2026-06-23T08:03:51.175565+00:00,2026-06-23T18:03:51.175565+00:00
23107460-f058-41b3-a145-276039578e73,48bde8b3-b50a-48cd-af1d-22a7f655cd62,9b12b955-39ad-4c1b-9009-4c8ddc3d2ae9,low,0.788,recovered,email,7189.64,2026-07-02T21:08:51.175565+00:00,2026-07-04T03:08:51.175565+00:00
eab98148-1342-4e0d-b0c1-79aa4d4d3245,e3390787-9f0c-4292-a04a-3a62f766e207,555dd967-c657-46d8-867b-b44540a737a6,low,0.83,recovered,voice_call,10072.42,2026-05-30T03:06:51.175565+00:00,2026-06-01T18:06:51.175565+00:00
89c3c403-1b25-4b2e-9c55-d4cbff3665db,5d801924-fb64-47e7-be1e-2d948516c24a,41cebdd1-f8e7-43af-8c82-2e2f3cca716d,medium,0.639,recovered,email,907.64,2026-06-02T22:49:51.175565+00:00,2026-06-03T05:49:51.175565+00:00
12f3362b-3900-420b-a252-2ed2794505fc,e877f685-7847-4ee6-892b-15ab9cdb0ca3,874d596c-fc83-4da5-9d4a-dc2b0025dfcc,medium,0.442,recovered,email,3671.87,2026-06-05T12:53:51.175565+00:00,2026-06-06T11:53:51.175565+00:00
2ebcbc43-17f1-45e8-80e3-5b0476ac00c7,4890611f-ad58-47c5-b285-1d3c2d80924f,f83e3ace-45c2-4ce9-ba32-e97d926c22ab,low,0.925,recovered,whatsapp,1344.02,2026-06-24T09:01:51.175565+00:00,2026-06-26T19:01:51.175565+00:00
9f32adaa-2368-45ea-942d-0f3ac5a7c49f,ccdbc586-6e13-4bf3-b1a7-188df4455c91,8258d104-6173-49c6-aae4-740c272eebf4,high,0.261,lost,email,2919.19,2026-05-25T07:31:51.175565+00:00,
8fb71ad0-92e3-464f-831c-aa35a5bf88a5,ae2683b0-d9a3-45b0-8c90-bf3b4043b1e5,7b26ac25-a817-4e55-aa72-e1141e07a3ba,medium,0.475,lost,whatsapp,989.81,2026-07-01T01:13:51.175565+00:00,
f2276944-8a2b-4379-bb63-957b73ec4c00,cee2cef6-18d4-4f13-8488-a8dc0b18e983,16789234-6dc1-4fd9-b2f1-0464ae09ee65,low,0.823,recovered,voice_call,3810.56,2026-06-22T21:35:51.175565+00:00,2026-06-24T04:35:51.175565+00:00
96c005e2-0342-4538-87a1-11faebd46ad8,a346dce8-0337-4480-95ac-bb5097de2285,8e56ef9c-e18d-4278-9956-ca502b58eeba,high,0.269,recovered,whatsapp,2694.02,2026-06-15T23:33:51.175565+00:00,2026-06-18T20:33:51.175565+00:00
d90190a1-c1ac-42be-8d82-ae0fa0a8a586,00ec7da2-997f-4f17-9c49-33ceb6118d34,ef73e236-a549-4782-ada8-111084bbd083,low,0.655,recovered,email,2940.6,2026-08-10T00:29:51.175565+00:00,2026-08-11T06:29:51.175565+00:00
418d4c52-3d98-4779-9fbf-e922b8651677,66fda573-3428-41dc-bad8-e33bbb38d243,21d1bade-055d-4754-88cd-db7b07505a57,medium,0.616,recovered,whatsapp,4414.98,2026-07-10T02:18:51.175565+00:00,2026-07-12T19:18:51.175565+00:00
e2869eef-2a9e-4e87-8e5f-2c7caa466373,4874081b-1d89-4e4e-9218-1b68f551d761,9c1b420b-493e-467e-a73d-533d70df99b9,low,0.671,recovered,sms,1356.69,2026-07-12T10:23:51.175565+00:00,2026-07-14T07:23:51.175565+00:00
6b64e7e9-9795-4d13-b003-a2bddf100b32,ef297f91-4d61-4ab4-9fb9-2be442e981e0,4f377560-68fc-4407-b9bd-441bf9f21af8,medium,0.538,lost,whatsapp,2592.45,2026-08-08T23:10:51.175565+00:00,
70da3496-1da3-4606-9436-3dd2b68ec67c,9572d217-a742-4e41-adf7-e84178285cab,7f0c42d8-523a-4b13-86bd-6dce10558df4,medium,0.573,recovered,email,3905.71,2026-08-13T04:13:51.175565+00:00,2026-08-15T00:13:51.175565+00:00
4caad0e3-75b7-4257-835d-88999dd7d044,d8d72335-38a5-472c-8789-776223cbddf7,9281e3a9-89f0-49b6-81b3-3ccb9d07c7e6,low,0.763,lost,email,6468.87,2026-08-01T21:26:51.175565+00:00,
0a1a1734-29ac-4342-8898-0e70d0c36a8a,51109bd6-6285-43c4-b419-41a06989597f,b1032fc1-b849-4102-a876-a067762ea616,medium,0.377,lost,whatsapp,9272.51,2026-05-30T20:55:51.175565+00:00,
739fa690-3dcd-4607-833a-a9b2fc70b259,b6b6ecb2-2ad5-4abb-aa3a-b528473e5c48,a1fc2fc4-b9eb-4ccc-881e-2820bb129739,medium,0.5,lost,email,2033.9,2026-06-19T00:19:51.175565+00:00,
39742503-d3ba-4ea4-9ebd-a18c8648abab,d8a87e02-a894-4938-b45f-bf2d01e1fbde,ddade74a-5e01-49c6-b9c9-256230054e07,low,0.847,lost,voice_call,1449.61,2026-06-21T14:51:51.175565+00:00,
7836d572-2550-4c5b-ab34-1cb999849979,4bc36489-8fc6-493b-bc6f-47a60e063fa3,e00aeb60-9668-4608-89a4-a92d50eb928d,low,0.708,lost,email,4445.23,2026-07-05T06:30:51.175565+00:00,
ca26ac6f-3dc6-483c-91d6-8c61c5bb9efc,aef306e4-4592-4b9c-8f4e-26ec3bee3013,3c19f02c-2b5f-4131-b97c-a1ea8b25dde8,medium,0.509,lost,whatsapp,1157.14,2026-08-19T12:37:51.175565+00:00,
197c1166-2f57-4b3e-895d-e1abd63f4fd6,2f81254c-6647-422b-93be-f005ebe5e017,3e9f2373-2c40-453b-807b-3c33a4593deb,low,0.712,recovered,voice_call,2558.71,2026-06-03T09:40:51.175565+00:00,2026-06-04T07:40:51.175565+00:00
cfd51f75-ec0d-426b-a5d4-f5f81da64595,dd9d087f-61bc-45c0-aaf3-32bc8d9f567d,d2337c33-a5aa-400c-8594-453e775a42e7,medium,0.485,lost,email,3840.17,2026-07-31T07:12:51.175565+00:00,
a078931e-67d3-47c0-9574-ab3b25818ae5,fea5fcb2-6083-4e0c-b733-eef6bc485965,33e1d671-5a43-438b-8cd5-fff6d7cc0ab7,medium,0.569,recovered,email,3390.91,2026-06-14T15:35:51.175565+00:00,2026-06-16T19:35:51.175565+00:00
aafd4e82-b8f3-4f7a-9caf-f9dc69551dac,5a560a97-5ce7-4a88-aebd-82cfb768fe7f,eb286e19-3611-40c8-942f-04b8ac24b27d,medium,0.493,lost,whatsapp,8612.62,2026-07-21T05:27:51.175565+00:00,
d916cf58-19b7-4a23-bbb7-2c9657ac880e,107e673f-3b0d-4a18-b10c-b268b7282640,f7437f87-c01b-4944-96ed-b09c972482d8,low,0.768,recovered,email,1533.15,2026-06-08T19:03:51.175565+00:00,2026-06-09T19:03:51.175565+00:00
6ed7b0e1-429b-4c61-9359-0fa620940ecb,80296923-5ef6-4479-a026-1f62c8aef14f,4640d08c-dd56-4a12-86ec-389e3fa335ee,low,0.689,lost,sms,3572.51,2026-06-18T20:23:51.175565+00:00,
465ce333-cf0f-4df9-91d4-1e20c25e3d71,a6c66d5e-306a-4d6b-bcac-1a26be1eb4ce,2bfeaa63-0514-4a66-a1d7-fbeb7f8bc8a3,low,0.825,contacted,whatsapp,2785.53,2026-08-22T18:50:51.175565+00:00,
bc83d223-2b1d-4f55-b9c0-b3d65d1214f4,32566eae-5041-446a-a4f1-fbd9b0550220,8e88dfce-6292-4652-9ed5-37212c474a86,low,0.762,lost,whatsapp,2333.42,2026-06-13T22:40:51.175565+00:00,
2a087402-1bc1-4210-93d5-80f8b88e57a9,f68f922d-3f46-46cd-ab72-59692f40d4bb,2ed601ce-ea09-4ab0-a613-c2271a2f060f,medium,0.552,lost,email,5140.66,2026-06-26T15:22:51.175565+00:00,
fc0308e4-b2eb-4398-9d81-4bdce8114014,f40952d3-e77b-4dfd-91d0-e403e1ea9c35,b98ab35c-2403-4f45-80b7-947e045b9398,low,0.855,contacted,sms,1987.0,2026-08-19T22:49:51.175565+00:00,
7b117f3b-1cdc-4855-85f9-58b06d5ada39,1273750c-38d1-4a57-afea-e3f563f6d389,ed7c7d23-a3ae-459d-b26a-3ad501a24e2b,low,0.937,recovered,whatsapp,1356.35,2026-06-21T06:14:51.175565+00:00,2026-06-21T17:14:51.175565+00:00
beba4225-202a-42a4-91e9-92f89a7daf4a,a8ded984-2c7d-409d-b6f9-7b70d50ffcb0,a8dbc478-d1c2-46ac-84a4-2319846de00d,high,0.149,lost,email,15558.87,2026-05-26T14:28:51.175565+00:00,
b34d4370-842e-4b15-b389-f6cd669ca555,bbe3f208-ffff-49fd-92ec-8c8feb3ad937,373c01c9-84de-4507-9d4e-766c3f3ded4d,high,0.305,recovered,email,2103.39,2026-06-19T15:47:51.175565+00:00,2026-06-20T14:47:51.175565+00:00
a1560a16-f7b1-4015-9fba-e0dc98e76d5c,8786fa90-ce16-4f2e-b07e-cd44dc1a13c5,80100074-9ef8-4542-84e3-69e00ea17caa,low,0.742,recovered,email,3279.29,2026-07-27T21:06:51.175565+00:00,2026-07-28T22:06:51.175565+00:00
bd7a2568-31fd-41bb-9322-6c984fbb32f4,deea5105-6f03-4f57-a47c-ffb859ef8a4f,8d579a17-9a79-4842-bcd7-aa7909b7978f,high,0.227,recovered,whatsapp,15580.47,2026-08-11T19:00:51.175565+00:00,2026-08-14T01:00:51.175565+00:00
1aaadada-4c8a-434a-8c90-d2d4b8c1c298,bac96eea-eda8-4782-b120-cb2fe4d33a02,c140a353-10cf-4e0e-b433-01de32f826e2,low,0.695,lost,whatsapp,1841.72,2026-08-18T17:03:51.175565+00:00,
e69bc4c3-345f-418d-97ec-593a7a20ce9b,ac9c70ae-91f3-4c9c-9eb4-b3b51071011a,2c45c74b-d938-4543-a8ff-b4de612c7898,low,0.739,recovered,whatsapp,1116.03,2026-07-29T06:28:51.175565+00:00,2026-07-31T03:28:51.175565+00:00
9a52a3f3-f2ec-468a-9efb-2a69081f049d,66d0e35e-664e-49e8-bb51-02513c866f19,69363bd1-961d-4254-9b71-0f2ee0401ee5,medium,0.467,recovered,voice_call,1623.77,2026-08-13T22:13:51.175565+00:00,2026-08-16T04:13:51.175565+00:00
6dfe83f3-541c-407a-8aed-c1d2e57a42c4,86923e45-8b56-461c-b73f-4661424abd0f,196b47ee-5fec-4be7-8865-433f300c038f,medium,0.552,recovered,sms,1665.14,2026-05-28T09:35:51.175565+00:00,2026-05-31T08:35:51.175565+00:00
78ae07aa-ca72-494e-b960-0dc688891dc6,7297af2e-1285-4757-ace5-21cd5dedef50,819ef70f-0d18-460d-8156-cbd6fe9e3e11,low,0.898,pending,email,2618.95,2026-08-22T16:44:51.175565+00:00,
c6577150-e655-4bb9-bf7c-60d8ecc978ec,c300d9ff-be1f-4563-afcc-ea5694df1528,f4c76f47-cdd4-4a1a-afc1-5611eb5f33ef,low,0.84,recovered,voice_call,1581.19,2026-06-18T23:18:51.175565+00:00,2026-06-19T21:18:51.175565+00:00
00ca6d80-7efd-4424-8f53-3659a8f67a1a,a3211881-50cf-4381-91ee-1dbe6efc55a1,49662437-d18e-446a-aae2-586aa7d57cd3,low,0.937,recovered,voice_call,11273.37,2026-08-07T13:33:51.175565+00:00,2026-08-08T08:33:51.175565+00:00
923924a6-39d4-476c-a124-97555116acbf,e0964cff-688b-40cb-97ca-326ff4ee9a56,4a365799-0461-48b4-9e75-96038bc5c00b,medium,0.438,lost,sms,6679.95,2026-07-31T18:47:51.175565+00:00,
4349e92a-5457-4d67-bd7a-ee38a3899a37,26ad9cd3-df4d-4c35-8085-3de57a473e2c,41fd5cee-9ac2-4f79-b968-8c62036fb45b,low,0.829,lost,whatsapp,2351.58,2026-07-27T19:37:51.175565+00:00,
b12f7360-ef3d-4edd-88eb-ae7418c13538,26197040-be16-4672-a6ab-81ab34a09ec0,d6795249-bb88-4d9c-8fb7-74f1cce97993,medium,0.548,lost,email,3559.38,2026-07-20T15:03:51.175565+00:00,
7001e7d0-8080-4288-8662-0b93b74a442a,2071c64b-6781-4d52-8173-3387b8af4054,2185c928-74d2-4099-a39d-85acf20c799f,low,0.866,recovered,email,3193.48,2026-07-17T18:56:51.175565+00:00,2026-07-19T10:56:51.175565+00:00
555413a5-1738-4d97-b643-20e6172524ee,be4d0306-6a79-4f9a-964e-3400c08afeae,62e21d83-b1d5-4a52-8b3c-d2258d118c9f,low,0.78,recovered,email,5996.93,2026-06-16T02:18:51.175565+00:00,2026-06-17T22:18:51.175565+00:00
55bcc53e-ae78-4c3a-bcbc-2fc494e9f67b,d31e5d92-0745-47fb-8e0c-1bc5c2cc1ad1,31227198-945e-4101-b54d-139c089355f3,medium,0.581,lost,email,2175.93,2026-06-19T20:42:51.175565+00:00,
10896c62-a823-4298-bd41-3839aa418849,25e7e389-b849-400f-9172-6e6b021c3c4d,ad8ef8df-6ccf-456f-8cce-898ad549cab6,medium,0.484,lost,voice_call,10804.67,2026-07-28T09:08:51.175565+00:00,
640bdfc9-ee27-4fbc-85f2-a0d400268ebf,55d0defd-e890-428e-847f-fd57c021c130,830fdb5a-05e3-44f1-a1ce-dd09a314898d,low,0.759,recovered,email,519.19,2026-06-07T19:29:51.175565+00:00,2026-06-10T03:29:51.175565+00:00
0054bbf7-2966-4e22-977c-d8821682be31,db21be98-affb-4255-8271-5e4e5c2d4cca,483df875-6337-4c62-b6f7-cae2f4bff86d,medium,0.57,recovered,whatsapp,499.0,2026-07-21T12:36:51.175565+00:00,2026-07-23T17:36:51.175565+00:00
402bef0d-4293-4ec4-aa57-d7ae58927c08,11b18e39-ddb7-45d2-8da2-82fa478dc20f,b0a87e63-6595-474a-82cd-ddacd423b8ac,low,0.704,recovered,voice_call,5895.1,2026-06-28T02:31:51.175565+00:00,2026-06-30T13:31:51.175565+00:00
a19c8917-3b89-418e-a23d-0e79765cbcc2,241f4219-8538-44e2-a84e-1d31f2a58099,a7d81803-cfd0-4f4e-bd19-0aabaf40b174,low,0.794,recovered,whatsapp,1147.52,2026-06-14T03:41:51.175565+00:00,2026-06-14T20:41:51.175565+00:00
cd6a7648-f9a9-4d18-96a7-0d44a037ed53,96674e64-a17f-460c-9998-cea81a8b91cf,d5c54b1a-b72e-430e-8fd4-83dedc352bd1,low,0.7,recovered,email,1307.51,2026-07-05T23:51:51.175565+00:00,2026-07-07T20:51:51.175565+00:00
b7472b16-26f8-469c-9b39-bc1c0404a73c,6e7ce101-95aa-4096-a6e4-2a785d020d1d,8d946c1e-fdfe-400a-94d9-b11d4b2259d7,high,0.147,lost,whatsapp,12888.34,2026-07-20T20:33:51.175565+00:00,
0ff5c6e4-f3c9-4545-90f2-2507af8e4634,fd09af23-b6bd-40bb-bed5-276cf2fca650,4e9ac771-b819-415a-a57b-eb63c284c8a9,low,0.662,recovered,whatsapp,4257.02,2026-08-04T11:14:51.175565+00:00,2026-08-06T00:14:51.175565+00:00
31433396-5678-4d9f-9f7f-85dbaae8ea67,64ca2fd0-96dc-4daf-a996-c85f71f1150b,4f50eca6-93c3-428e-9b10-405bd1db60e0,low,0.733,lost,email,1349.87,2026-08-03T19:02:51.175565+00:00,
f9471845-fdc3-4326-9299-328f3d65db45,093f03b6-c711-4380-8182-019483d61b98,f811f02c-7efe-402c-91d9-39157e34ae9f,low,0.784,pending,email,1423.27,2026-08-20T02:34:51.175565+00:00,
7b44e8ab-9446-4e93-8457-c8ef007943b7,4a38f8fa-2e00-4055-b83f-230b597089d4,0f38e9fc-5820-4dce-89e3-15f808b6e4e7,medium,0.637,lost,whatsapp,3069.38,2026-07-25T13:39:51.175565+00:00,
550eaa6c-1b4e-4942-b8eb-0b26f6171fe2,5aca2bdb-514e-4304-bc3c-155019060cf7,5446707e-dfee-4e02-a3d3-a2135638f716,low,0.852,recovered,email,5639.82,2026-08-12T17:12:51.175565+00:00,2026-08-15T16:12:51.175565+00:00
bfd69f6d-2792-4983-b366-c8435a24b61d,0f0d2329-e917-4d37-af6a-db8803c7c46b,c715ad9c-a883-49e3-80d6-dea8ca460511,medium,0.635,recovered,whatsapp,4507.24,2026-06-24T03:00:51.175565+00:00,2026-06-26T05:00:51.175565+00:00
6ccf2757-cf6a-4fb9-ad8b-c2105c30a3d4,34b9f7d0-a1a3-4057-90cd-5f5ac10d0a93,2ff70625-0028-455f-b285-ee2edcea18da,high,0.312,recovered,whatsapp,7101.71,2026-08-10T12:32:51.175565+00:00,2026-08-11T07:32:51.175565+00:00
b4b03aa2-6c6d-4c2e-8518-cff1b8b4e0a5,809bd028-5113-49e0-8e15-c02e5d5b5f0d,5d6628a9-6aeb-4f73-a2bb-3decd3f869a8,low,0.884,recovered,whatsapp,2799.78,2026-06-08T17:52:51.175565+00:00,2026-06-10T02:52:51.175565+00:00
27928898-2497-4b0e-af56-b0c7c878b7ce,a763d8f0-75fa-4fb2-be54-4f7d7999a0ed,8e8e352b-0baa-474f-9483-0ce23b116bbc,low,0.847,recovered,whatsapp,1122.59,2026-08-13T23:56:51.175565+00:00,2026-08-15T05:56:51.175565+00:00
a6191ced-6940-460d-8a79-cc7526dc7ab2,deb681b3-fa6c-4000-b22b-289c3d60912a,7466cdf9-a2e4-411b-b768-1ab628fe5f38,medium,0.583,recovered,whatsapp,1599.83,2026-07-09T10:30:51.175565+00:00,2026-07-12T06:30:51.175565+00:00
7e4c0b75-7ebb-4a8f-8d3f-d65f71e3f08c,89b34845-7500-4f9f-8630-af8e8617493e,e2d61814-d769-4814-bd1f-558083547f22,medium,0.425,recovered,voice_call,13293.96,2026-08-12T17:34:51.175565+00:00,2026-08-13T11:34:51.175565+00:00
0bab4585-98fe-49d0-8770-444c85b52a6c,98c49610-7556-4c02-aab3-deef75755ab0,7d7f2dda-09b2-4f86-a5df-0c1d5dd83228,low,0.867,recovered,whatsapp,1480.42,2026-08-12T21:51:51.175565+00:00,2026-08-15T16:51:51.175565+00:00
39c18477-89c1-4110-ac7c-c5511519dec1,880fa373-06c4-44f9-8203-a18d8b3f7525,7159131a-af59-4060-9594-d7b20dee3671,low,0.802,recovered,email,1975.95,2026-07-06T23:13:51.175565+00:00,2026-07-07T21:13:51.175565+00:00
8ed11f5e-878b-429c-a3ef-d4b735d383e0,baea30ee-83ae-4729-9aa2-b2125ac8126b,2d4fb5cb-9d34-45a9-bb4f-edc6364ee5f2,low,0.673,recovered,sms,503.51,2026-06-25T17:16:51.175565+00:00,2026-06-27T01:16:51.175565+00:00
1b6e4053-a265-423c-9516-e1d08f430881,d0143fae-b0bd-4b1b-8af6-3748166f5f6f,8eed893e-db73-4313-9515-4d0d74e46910,low,0.814,recovered,whatsapp,1642.69,2026-08-13T20:24:51.175565+00:00,2026-08-14T20:24:51.175565+00:00
54faa200-eca0-47b8-8e12-9469c9cd44af,222a3e51-9775-422b-9bc4-922a729dcef6,5ced050e-80aa-423f-939d-87b79de3e656,low,0.885,recovered,whatsapp,1077.4,2026-08-04T08:38:51.175565+00:00,2026-08-06T00:38:51.175565+00:00
dd10d9e0-152f-4a31-b4be-e67ee3665c81,fde0cd18-4187-41ca-bdc7-2199af2ecc73,ce0fae70-9c5a-44c3-aef5-449d6dddeb53,high,0.329,lost,whatsapp,2474.11,2026-07-20T23:41:51.175565+00:00,
2ad323ee-703d-4287-9145-c4e6977acf76,fcb2c3c2-8f6f-44f2-bbf5-07477c07c79e,fc209b88-4793-4735-887e-bab3ded8da0f,medium,0.481,recovered,email,2304.11,2026-06-29T23:43:51.175565+00:00,2026-07-01T00:43:51.175565+00:00
6158a024-868c-402d-8bc8-44c81d24353d,a2c370aa-3d56-4721-b2ec-6a3787bb4ad5,36b14e36-4916-4cc8-8df5-f4aef2763798,low,0.716,recovered,whatsapp,2470.24,2026-05-26T12:07:51.175565+00:00,2026-05-29T08:07:51.175565+00:00
2f1ff41b-b9aa-4daf-b331-0a413e3d60f2,eb870b6a-5ba1-4221-b5f1-c4c08263034e,0585bab7-c3d0-4e4a-a934-866154c61701,high,0.321,recovered,voice_call,1884.59,2026-08-05T08:10:51.175565+00:00,2026-08-05T14:10:51.175565+00:00
405166e2-4c1b-4132-8e5f-efba388d4358,5f52753c-2d2b-4f3f-b412-8a2db9fbdd38,ab51d137-6c01-4941-a5a8-a54f21780ce2,low,0.841,recovered,email,1941.97,2026-06-03T17:22:51.175565+00:00,2026-06-04T14:22:51.175565+00:00
4df775ef-48d4-4046-ab4f-83dba86eae3c,41f37566-0f12-4791-a6af-50807ceebdb7,7d80bcd5-21ea-4973-be3a-2d82ad24d2f6,low,0.829,recovered,whatsapp,500.85,2026-08-17T00:16:51.175565+00:00,2026-08-19T05:16:51.175565+00:00
5b2826b5-991f-4526-bcf4-d4022686ec1a,7f131c39-3cf2-4f7c-9345-8b59a09d0343,54b34052-daad-4de2-8a53-fa4c4da1bbf6,low,0.723,recovered,whatsapp,9411.87,2026-06-12T17:04:51.175565+00:00,2026-06-15T00:04:51.175565+00:00
2675e00f-fd2d-4d74-ac54-9ae7f2bb8008,8fc174bb-d55b-4098-8223-d5ef8c4e148e,4c9e1da3-6d21-48c4-9827-bf46f8f3efc0,medium,0.509,lost,email,10725.92,2026-06-12T00:34:51.175565+00:00,
717c11a9-d70d-4d26-a2f2-7c3f062e605d,9da0dcd3-52ca-46fd-aaf9-0f57d2d7e6fd,b29fbb7e-3bc1-4281-89fc-666c4c374cf2,low,0.806,recovered,whatsapp,549.16,2026-05-28T04:03:51.175565+00:00,2026-05-28T14:03:51.175565+00:00
afbb3efb-2b0e-48d4-a3fe-cfbaef21bd50,ee166142-9dae-4318-a0a7-8d4664ce373a,8f30485e-093a-43d2-8d51-78bc8169c49a,low,0.95,pending,email,1714.38,2026-08-22T07:45:51.175565+00:00,
ff7e0481-0bc5-4694-8201-7374b4b2736c,f541398d-2b58-42f7-b2f1-5a321f387506,1b120aba-9345-44f6-9d07-ac6db0942cc1,low,0.873,recovered,whatsapp,2916.48,2026-07-14T20:46:51.175565+00:00,2026-07-15T10:46:51.175565+00:00
d506f0a1-ef69-4c22-99bb-578197e38f9b,525f348d-2aa5-4e29-8632-386cf1a67a00,94f41f98-c0b2-4571-898f-0fb8bbd9f89d,medium,0.555,recovered,email,856.53,2026-07-06T05:54:51.175565+00:00,2026-07-06T12:54:51.175565+00:00
9ae5b1c0-d366-4831-86e7-a75ae100622d,0c5328d2-3f1c-476c-89a6-6f2142119410,9cd37594-4032-4a17-8edd-1d4ac6c5c716,medium,0.519,lost,whatsapp,1082.68,2026-06-25T14:53:51.175565+00:00,
4335c5a6-a0da-41fc-bb56-d9e34c682e75,5d5b76e5-a8f9-4ee4-8da7-6f6b2d6c1808,ea57c0e1-1646-4c24-9d25-47bfcb4357e5,low,0.771,lost,email,1148.71,2026-08-12T00:42:51.175565+00:00,
8dc8213d-eec9-47b9-ac03-4110bdf2b91d,78cdd3f2-e17f-4c65-ae7b-c6027cf8cb09,667aabdf-f2f0-4467-b653-30375d6799e5,high,0.201,lost,email,4093.51,2026-06-24T23:11:51.175565+00:00,
2a921ba5-9f54-4b07-be13-6a77447a2d56,538a50a2-11c6-45f8-9091-e78c05d79c72,4e41b947-8144-46e2-bf35-e36e400f81a0,medium,0.403,recovered,email,2875.58,2026-06-19T07:37:51.175565+00:00,2026-06-20T07:37:51.175565+00:00
4215832d-4349-4d62-8573-f578bb222613,643d57c7-9025-4b80-b930-95e155328b5d,f149aa9f-16f2-4689-a3ae-7fd6be2e5823,medium,0.572,recovered,sms,6044.63,2026-07-23T00:39:51.175565+00:00,2026-07-23T14:39:51.175565+00:00
3b6a4bff-b106-49f5-8f3d-049f37a7727e,a054d78a-ad35-44fa-9850-637ce9c7c895,b93e16ae-1101-4e97-b2ed-9c81df24b5ca,medium,0.494,lost,email,5040.92,2026-05-30T11:17:51.175565+00:00,
de548c03-ae0f-4e8a-98a0-4f895a2e4362,ecc3d1e7-9b72-4438-9dbd-e2c770b3ffdf,1fd194f2-d603-46bc-a0a1-a8a7f89ac25f,low,0.809,recovered,email,4146.99,2026-06-29T18:30:51.175565+00:00,2026-06-30T05:30:51.175565+00:00
4e5370bc-4d0b-4a8f-af8a-9e83e56748a0,c7190db3-e413-45d8-b81c-c4c250e2afdf,ea581546-6349-494c-84e3-83210e8b75f5,low,0.809,lost,sms,3392.45,2026-07-07T06:06:51.175565+00:00,
73e9f567-25fe-468b-b6a6-3e9ee838f7c4,a10623e0-5ba8-4e85-9b47-30251235cd02,4433cde9-051b-4da1-a9ec-c51a24cea6ca,low,0.787,recovered,email,1200.92,2026-06-18T19:34:51.175565+00:00,2026-06-19T16:34:51.175565+00:00
5dd1b856-6e4f-4cfa-bba9-1fabaf4d27d3,b4bdd1a8-7cd2-4c28-8530-94d988c4cf27,50e0a93c-ff90-4086-9f6b-b782b537751b,medium,0.484,lost,whatsapp,1588.67,2026-06-26T10:00:51.175565+00:00,
ce47572f-aa0d-4e69-8703-27c7b97844b4,f9b56832-4b91-4a18-ba6a-1389c45b886c,30e085f9-7392-42ae-9791-a742e7e2a7f9,low,0.765,recovered,sms,3085.8,2026-07-11T23:14:51.175565+00:00,2026-07-13T13:14:51.175565+00:00
d7b918fa-6113-40e6-bf22-02420d2e3684,97a3d055-f506-40c8-8f64-d650f41e3acb,6b49c963-30c4-449a-b488-daaca4c0e6fe,medium,0.506,lost,voice_call,10852.1,2026-06-01T10:42:51.175565+00:00,
62957e5e-3fc9-445f-b8be-5569b7f3a0da,4414c2c7-fa71-4a3d-8570-0c3892b9a7c4,5cf638c0-0f6b-413f-b3b5-b7814da1924c,high,0.306,lost,voice_call,1384.31,2026-06-06T08:51:51.175565+00:00,
8117b5c9-9cd6-45e6-9865-d4ec6dd00b75,759e2656-f054-497a-83db-b8b87ff611f7,dc3ed216-3fe7-44d2-87d0-1c953d20c3c4,low,0.824,recovered,email,3405.51,2026-06-21T19:45:51.175565+00:00,2026-06-24T18:45:51.175565+00:00
853554ea-8e47-4b16-9ae9-e41b9c43a993,3c551dec-c16c-4b5e-b90b-c2640e521f34,2b42a97a-12d4-41dd-b0ff-f77b642fafb1,low,0.778,recovered,sms,2798.62,2026-06-25T06:09:51.175565+00:00,2026-06-27T17:09:51.175565+00:00
412fff28-6f4d-4e3c-8e89-53145992255e,0275f4eb-cb1f-477d-896b-e55e2cb0b3bb,7057088c-cc6b-4b0d-b683-7f610d129b90,low,0.73,lost,email,4441.52,2026-07-12T20:11:51.175565+00:00,
1c5edb64-a3aa-4c85-891c-765972a7b464,083a9276-c5c7-4e28-8e17-2a54ef99f4b0,73333b95-6eef-4ef9-9a2b-130cbdec79d4,low,0.85,contacted,email,2619.27,2026-08-21T19:23:51.175565+00:00,
6a35b46d-3090-4173-91d9-d25665b8e4a4,037e4ef0-20af-407d-8705-00f27e34f486,488cd21f-133e-4665-a999-b079eae688a4,low,0.827,recovered,email,512.04,2026-07-20T18:09:51.175565+00:00,2026-07-22T04:09:51.175565+00:00
1da5ce02-950c-4c67-86c1-c2efbcf5ad68,1dd38242-ee2e-41a6-b4b0-5d640719714a,1c8e8d35-bb8e-418f-ad4e-093e31ddfcd4,low,0.707,recovered,whatsapp,1435.33,2026-08-09T06:38:51.175565+00:00,2026-08-10T14:38:51.175565+00:00
2ec22c7d-89e7-49b4-abed-01e26df679a0,27deac0c-dd5c-47de-bbb4-45be146c081a,fac5d184-3dd5-420f-841b-f65d4c0f5997,low,0.847,recovered,email,3930.47,2026-07-23T09:11:51.175565+00:00,2026-07-23T16:11:51.175565+00:00
6e6d63f7-7c9e-47a1-9a36-8d6ff0f152d0,516aa2ca-df78-4b61-b57d-e3a3c4b64175,9049b4fa-bc3f-43e3-951a-66778e0af503,medium,0.487,recovered,whatsapp,7109.4,2026-07-04T17:42:51.175565+00:00,2026-07-06T15:42:51.175565+00:00
34c7afe7-df16-4dd7-954d-11d9567542f5,8446ad64-7f59-49f6-b86e-5cb8783fc291,f72f65ac-5243-4d21-97fa-3a1cae119639,medium,0.644,recovered,sms,2930.05,2026-08-15T12:59:51.175565+00:00,2026-08-16T15:59:51.175565+00:00
20a0a997-44b5-4787-aac8-6b658aeb43de,3993625d-ea74-4074-a3ea-bc7c5b53e06c,50ba99be-d0aa-45fc-9860-5b8f1e7503e7,medium,0.447,lost,email,2923.29,2026-06-20T11:17:51.175565+00:00,
38464b4d-04d1-4854-a603-5500cd031e88,dba095f6-7dd2-492f-af12-f8ad1fae7b6c,bf3ddecc-5667-44e5-a472-1eb01c5d71fe,medium,0.51,lost,sms,1248.08,2026-06-23T09:48:51.175565+00:00,
91c94504-bce3-4fa5-81f2-e7f2a32f0c5b,547a3310-ddb6-4301-bff4-99e5ea18a08d,450624fa-1fdc-4ddf-afc5-14269ab25d30,low,0.733,pending,email,1715.21,2026-08-20T04:04:51.175565+00:00,
f1d3fed6-3b8c-43f6-b824-216d34b699ef,43295e9b-a116-4d5e-b9fc-5b995b58cc86,1d19b79b-25f5-43e3-b203-e677e6c6858d,low,0.733,recovered,email,970.58,2026-07-29T19:50:51.175565+00:00,2026-08-01T05:50:51.175565+00:00
4761671d-51bf-4499-9576-bd507878a68d,ac624023-a19e-4f62-b97f-caa3f30c68bc,d554cae1-0a84-4f8d-8698-f1c4e271aafb,high,0.321,lost,email,2549.41,2026-08-17T13:27:51.175565+00:00,
0788adf8-01c5-4540-9886-40e3a08244f2,e81bc3ce-3c16-4169-92ee-2657db8a7f25,cc4a0408-c1d2-49ed-ab37-7979607c5dd6,low,0.764,recovered,sms,4308.39,2026-07-30T07:05:51.175565+00:00,2026-07-31T06:05:51.175565+00:00
c0f6bd5a-e3e8-4d39-b1a5-e67dc321024a,8cb1dc1a-6997-4648-a82b-e0ea7298e01f,dd2f1ff9-dba2-4e3d-aced-c94098cf7ad6,medium,0.62,recovered,email,1431.38,2026-05-29T06:17:51.175565+00:00,2026-05-30T16:17:51.175565+00:00
1ecd9bee-c10e-49ab-88ce-65bca72ec2f0,d774ee8f-80a1-4116-8124-0c13939f3412,883bdc6d-6faf-4fb2-ac7d-c130fbc6df4b,medium,0.38,lost,email,1051.84,2026-07-18T14:16:51.175565+00:00,
072f9ef9-4115-47ff-a2c7-93f8e5394dc0,5b1f2ef9-6fa0-4778-a0ee-4334dfe59cb2,d9301b6d-c406-4969-bdb8-1ff5555722dd,low,0.851,recovered,whatsapp,1515.29,2026-07-31T07:45:51.175565+00:00,2026-07-31T19:45:51.175565+00:00
8b55ace6-a602-4e24-b741-037bcd881b67,45372b77-6efd-407c-b0a7-d608938ddc8e,a3efc67c-8152-4662-815f-7d9cfcb0cc42,high,0.325,lost,whatsapp,3302.08,2026-07-07T07:57:51.175565+00:00,
7f81530e-25f9-4f53-a670-12faf18f0bd4,11f0de07-53b2-4a62-82ea-7457f780e4a5,1f1f8681-b2d3-41e3-ac4a-d4981e9dcb2f,medium,0.35,recovered,email,8975.51,2026-06-27T20:12:51.175565+00:00,2026-06-29T23:12:51.175565+00:00
9a572967-9069-452c-ac47-a78a1390b4b9,983ce563-06cc-41da-8b72-6cd6196ed6a7,ef129dfb-888f-485f-ab9f-908364de9885,low,0.687,lost,email,4771.31,2026-06-17T06:34:51.175565+00:00,
acdeb7aa-516f-473d-a2e5-1971f861c1eb,490fe9c9-520d-46e9-b5f2-d99f535658aa,3278a513-2551-441d-bc21-05439b7588ec,low,0.673,recovered,email,2512.46,2026-07-23T04:32:51.175565+00:00,2026-07-24T11:32:51.175565+00:00
c2cad172-10c3-4310-b480-6fd950eac55d,532e1ba4-774e-4d2d-8df0-81ce5f87e0f5,12347354-079a-46f7-bbe6-a1e8d1d74499,low,0.655,lost,email,3544.24,2026-07-11T11:30:51.175565+00:00,
5155d5a9-41b6-40ee-8df2-29ebf46e8db1,06a00840-63aa-4b61-bca9-500676a6aa3a,a9d3e1e0-3050-486c-98db-60d49c9afafb,medium,0.624,lost,sms,4483.87,2026-07-16T08:42:51.175565+00:00,
67a39b42-7fa7-449b-a42b-6ba880dbc767,5c2bb3dc-868b-4544-a9cc-772ba857f8e0,18f6e150-da73-464b-8783-8e401392e282,low,0.674,lost,email,1696.31,2026-07-24T16:08:51.175565+00:00,
c42d6397-7c69-4ab6-81bc-73184bc8b59c,863ee05a-7471-40ad-83ca-acf702e661e0,eb7d3cf9-fce2-4ce9-90ce-b57d45c265e2,low,0.797,recovered,whatsapp,1231.22,2026-08-10T04:09:51.175565+00:00,2026-08-11T09:09:51.175565+00:00
20db3f3f-ae12-4519-aa41-de9a35e9fbb2,06a0fa72-3183-4e21-b79a-290642324ee2,8f43f62e-14b8-4ebb-b0e0-3f01a62b9aab,low,0.846,recovered,email,825.52,2026-06-25T02:10:51.175565+00:00,2026-06-27T22:10:51.175565+00:00
1483d468-1fbc-4c89-b884-eb7b9d642629,a957a8d2-ad6e-42a2-b82d-13393a7e0a47,7e4ac6ab-d14d-4229-b0a8-5cdf9b7f1acb,medium,0.479,recovered,sms,953.23,2026-07-04T16:07:51.175565+00:00,2026-07-06T10:07:51.175565+00:00
73e58e51-a89b-4c7a-8fab-d23080fb299d,4b1ba3b3-0485-4192-8f6c-fb8c5457c483,64e6404c-ecdf-4d79-bd66-a42b109b99ac,low,0.672,lost,email,988.31,2026-07-26T09:55:51.175565+00:00,
8fa0dc3a-f4d3-4c4d-b5b0-d69c3c7508ad,e6b584c4-f5fb-4503-9c42-850ebd3e695f,cccef5b3-6319-4faa-8ef6-350cd19ed224,medium,0.47,recovered,sms,3440.6,2026-06-08T17:23:51.175565+00:00,2026-06-11T06:23:51.175565+00:00
51e2a64a-e6e4-4abd-a14a-1a25463977a5,59474e66-35dc-479d-937e-fd0e72dd1831,faaf537f-f173-45d2-aa3a-7b6cbbf3ca59,low,0.766,recovered,whatsapp,2681.39,2026-06-11T19:51:51.175565+00:00,2026-06-14T13:51:51.175565+00:00
867a8398-e59c-436b-92c0-83c6442311da,c68fb105-6381-41ab-af55-5906ddb1e2a9,5f9bddfa-abd0-4bd2-9726-7d492d732e71,medium,0.557,recovered,sms,6876.76,2026-07-01T23:30:51.175565+00:00,2026-07-03T23:30:51.175565+00:00
bc2f8933-d14a-4ee3-902b-f5d0abf9dfe1,0ede59d8-f586-409d-849b-1b33c8b7b1ea,91c3da32-5438-4e89-bece-c196dc28ff2c,medium,0.602,recovered,email,4962.94,2026-07-01T20:33:51.175565+00:00,2026-07-03T14:33:51.175565+00:00
a8bf5804-b130-4b42-a549-fbdea70885b2,9f65a0c6-f33d-4691-a64b-1312d62eb00f,9a694f8c-002d-4618-b07d-85e14ccc42b3,low,0.756,recovered,email,2203.37,2026-06-17T17:45:51.175565+00:00,2026-06-19T13:45:51.175565+00:00
e30c3cc6-5ddf-4d61-8b44-8083fcd9d0f8,f2382e17-f62d-4ffe-8b25-e3497fc7ee08,a9e71265-1b08-4c8e-8ece-2f1a288f19e2,medium,0.423,lost,sms,9474.43,2026-06-15T00:15:51.175565+00:00,
796e2a35-08c7-4ba9-844f-2a28901e7abf,dc280060-d5ff-43b1-a3e0-25869cef0b19,7c9d4646-e9f2-4b1e-aff1-eb63b4ab917f,low,0.839,recovered,sms,3781.75,2026-07-26T00:30:51.175565+00:00,2026-07-27T16:30:51.175565+00:00
1acca351-5264-44c0-b56f-32ecb40178b1,0b7f77f2-c144-4767-bbaf-1db2e509ccd7,17259801-6d11-4170-ad10-009897638f87,low,0.797,recovered,email,2189.06,2026-07-19T01:39:51.175565+00:00,2026-07-21T15:39:51.175565+00:00
1634b5c9-d69f-4319-85f0-a374c39b029b,6e2adc69-7e58-4aab-8ed2-6ea48e3cc3d5,906f16f6-27df-4812-a3ea-1bfedb67fc0b,high,0.282,recovered,email,12713.33,2026-06-14T02:39:51.175565+00:00,2026-06-16T21:39:51.175565+00:00
fffb7e15-681a-441e-9484-cb1ad8c2ff27,3d534666-fdbc-46a4-9d96-dc4938b7c90c,f9a6bc98-6e53-42d5-b9a3-a5bee7092f03,medium,0.618,recovered,sms,5392.56,2026-06-09T22:25:51.175565+00:00,2026-06-12T11:25:51.175565+00:00
bed0b2e5-6c44-4887-8691-12909af4bb86,16c145a5-6c95-472f-834d-1f7b7d2f16d1,8c8de31a-966b-4da5-861f-58e92cb7c1fa,medium,0.648,recovered,email,2270.1,2026-06-14T19:23:51.175565+00:00,2026-06-15T13:23:51.175565+00:00
2316043a-d82e-4b6f-b3f9-552b61fa269a,b9017dd9-c0c2-4869-b62c-03ccbb08b19a,49427243-ae18-4a01-8b47-fc4cefa45dfe,low,0.761,recovered,email,2458.18,2026-07-30T16:08:51.175565+00:00,2026-08-01T16:08:51.175565+00:00
947e2c51-6d23-4415-bf03-7980cf172ba5,75342c77-3f9d-4550-beaa-ade234bb2a31,d0620bc7-5023-4afc-b4bf-f7e5f56aea0d,low,0.882,recovered,whatsapp,2998.62,2026-08-09T17:29:51.175565+00:00,2026-08-10T09:29:51.175565+00:00
6031d783-2622-47dd-beb3-b9a8f3876148,771f4880-826a-41ef-9b61-615f5c8e6446,5e5d8b3e-3789-49bc-9081-7b4126f2bbb7,medium,0.427,recovered,email,542.86,2026-08-06T05:08:51.175565+00:00,2026-08-07T15:08:51.175565+00:00
3ac4e6df-fdc0-4990-a0c7-6d6b3f63dbde,a69df1fd-1c19-45c5-a52b-35728492c25a,ff79d46a-4fad-400f-b795-991c560fde1c,low,0.792,lost,whatsapp,4372.34,2026-07-13T02:28:51.175565+00:00,
58adbb92-9fb6-4595-84ae-7843be4a777a,20841447-7b15-4556-b750-6e4066252ff0,c8d8b1a7-72cd-474a-b3e9-94d00529e842,low,0.715,recovered,email,1459.28,2026-07-10T17:50:51.175565+00:00,2026-07-11T16:50:51.175565+00:00
c9612947-043f-45ac-8a50-0501920bc039,893f6a94-026c-47ca-816c-8491665df94f,bfd54e8a-8ecb-483d-ad18-60e3d8063e19,medium,0.56,lost,voice_call,3480.39,2026-08-01T05:55:51.175565+00:00,
57117991-6f2a-43ef-a05c-7a5db6ad268e,192ce3a7-fcca-4d1d-9d1c-b699dd5f9a59,eb3b7166-0c0e-4a08-b1c3-c60f4527311f,high,0.171,lost,whatsapp,13786.41,2026-06-10T00:04:51.175565+00:00,
73a85326-b441-454c-9422-0f8e523acad4,8135e485-d4ad-41a1-a89b-45e1f405ca5d,01830744-feca-4163-ae63-7374d5033d45,medium,0.504,recovered,voice_call,2748.64,2026-07-23T15:43:51.175565+00:00,2026-07-25T09:43:51.175565+00:00
fb4ec42d-81b2-45a9-b2bf-0341535aa6a6,466966e1-2d1f-4323-b60f-de2250e950c3,868b5939-8f7a-4eb8-acb8-fec22cdc0e1a,medium,0.376,recovered,voice_call,4670.53,2026-06-06T21:47:51.175565+00:00,2026-06-09T18:47:51.175565+00:00
fdb09b2c-1fc6-480b-a801-0ff6010cedb8,582151ee-c4d7-4bac-806e-8e603b6217d9,e417fc61-32f6-4f75-ad59-8e8990df466e,low,0.821,recovered,sms,1457.5,2026-08-11T23:27:51.175565+00:00,2026-08-14T09:27:51.175565+00:00
156a0502-205d-492d-bc13-ec10ac282e7c,170a1faa-48cc-42bf-bbad-9eae64061411,545d8aaf-e9f7-4e96-8f95-4b6405d07e65,low,0.71,lost,email,2656.42,2026-05-26T16:38:51.175565+00:00,
ce92e7c0-3b27-407e-a652-31cfa573e83d,9892fbfa-766c-4591-bda7-ae2be356d6a7,e76254ec-9b39-413c-a77f-60a07f6e0217,high,0.275,lost,whatsapp,894.28,2026-08-01T14:13:51.175565+00:00,
ad6c52e3-16a7-45fa-ad84-8fcaf5449d3d,4414c2c7-fa71-4a3d-8570-0c3892b9a7c4,04087e84-25eb-497b-a944-3043c7ebe497,medium,0.546,recovered,whatsapp,3600.26,2026-07-14T15:19:51.175565+00:00,2026-07-16T16:19:51.175565+00:00
4a46a387-8a2b-4ecb-a0a9-ab2924e1926b,e7cb6edd-4a08-4d8b-a8f6-6384358a2123,21cd11ef-b57b-46d6-a444-5629544b8e4e,high,0.345,lost,whatsapp,7971.47,2026-07-30T19:50:51.175565+00:00,
1448dbe9-26a6-4ca2-9896-991f4316af33,3456d7ca-daf0-4966-80eb-a761b7c87486,5fa5c5d6-210b-47f4-9a44-fa2e6c18c084,low,0.658,lost,whatsapp,2613.4,2026-07-01T23:58:51.175565+00:00,
c0789aa1-e75a-4eaa-87dd-3c33839112e8,978fb199-227b-4449-9aa1-46b54836da05,c052fe91-0659-4ec1-8b2f-95155354fcba,medium,0.611,lost,sms,1226.2,2026-07-21T16:59:51.175565+00:00,
78a33a6b-14bd-4d09-a24c-6408e63326d2,a286f331-5ad1-4912-aa6b-059184c15bea,e524d232-ae1b-4870-95b2-87ee8d862ca1,low,0.786,recovered,email,4100.96,2026-06-04T04:47:51.175565+00:00,2026-06-05T16:47:51.175565+00:00
75f01ac7-b727-412c-81e5-84f32ece0de6,cdb7fd16-843f-4463-9fd5-a5f367b381a8,3ff10ef3-5a16-439a-a483-50d2eaf398dd,low,0.858,recovered,whatsapp,949.12,2026-05-25T14:45:51.175565+00:00,2026-05-27T09:45:51.175565+00:00
7099995f-794a-4e80-b0c4-28952cae87dc,be41a222-bd53-4ad5-b0dd-65041ded5e06,03295782-4952-49db-95be-49817c63fda6,low,0.95,recovered,email,3557.85,2026-07-15T03:19:51.175565+00:00,2026-07-17T11:19:51.175565+00:00
6234985f-1ded-4c15-8236-6fcc5efdc928,8d172b59-5946-410b-a55b-3cb6bde425f9,2ef76c3d-ea1e-43a9-8d4e-299bb5c01889,medium,0.591,lost,email,5923.67,2026-06-22T06:46:51.175565+00:00,
46b6d0fe-bcf9-4399-9d15-0077723903e1,8e046228-c8b0-431c-89ce-e9455b256ba6,7adbeff4-a4d5-48e8-9057-75cdae0c30de,low,0.744,recovered,email,2940.47,2026-07-02T03:23:51.175565+00:00,2026-07-05T00:23:51.175565+00:00
d707dca6-a267-425d-a9cc-af7dcfdf701b,b86eae35-2b73-4b7a-8343-25b47e46b6b9,139e4c6a-5fa7-4c8b-9a45-a2544fc856ca,medium,0.58,recovered,email,1860.0,2026-07-27T05:22:51.175565+00:00,2026-07-29T16:22:51.175565+00:00
b516dd32-eb46-468e-968c-502e3146c39b,843609b1-7c06-4a5a-bf5e-199eddb3840e,82476501-c026-40bd-a001-d3820b2328be,low,0.876,recovered,voice_call,1650.44,2026-06-24T22:15:51.175565+00:00,2026-06-25T09:15:51.175565+00:00
7cc978d5-a983-432e-94d3-418f3e2491cb,c77d95f0-4d73-443b-97e4-7de1589dc847,58b3eca1-82d9-4add-ac67-b21d876a762f,low,0.759,recovered,sms,3434.93,2026-08-03T23:16:51.175565+00:00,2026-08-06T11:16:51.175565+00:00
fafae579-7702-4c72-914a-ece1793cdf79,0757bf53-058d-4bb1-b266-0b2cc1a0f809,359db28a-cca2-4934-b9a6-89acd74323c2,medium,0.467,lost,email,2074.73,2026-06-03T23:52:51.175565+00:00,
56f3ed6b-891a-4498-95a0-b67730c9fe5a,cf64320f-81bb-431f-b333-e036eeeb4f79,08948fb9-d2c3-4cec-a603-bc653c6798d5,medium,0.415,lost,whatsapp,6822.26,2026-07-12T18:09:51.175565+00:00,
c197c6e6-dc99-4aa3-aa68-ab7b762c7eac,d098f8b5-17b3-4ce5-9af4-115ba2663213,63413aac-d9e4-47f0-abf6-2dc4857f93a1,low,0.841,recovered,email,2786.65,2026-08-01T23:08:51.175565+00:00,2026-08-02T18:08:51.175565+00:00
a4d49732-4290-40f1-9a63-93fb7728fc1e,e6c363ed-77da-47ef-ab1c-53eb7b8453db,a97c0550-6dbb-4ae6-8c60-effe2e12f6f5,low,0.942,recovered,email,1174.33,2026-07-22T15:18:51.175565+00:00,2026-07-24T14:18:51.175565+00:00
cc6c9544-ce0f-4325-ae7d-fdc3b6c8a0ad,d8064b41-f87f-424e-9f41-c07a1afa9fe7,64dd731a-34d1-46a2-8bb3-14a7a2771e60,low,0.867,link_opened,email,1704.95,2026-08-21T04:33:51.175565+00:00,
f029cd2c-fd1b-4e31-b671-4f8a467f09ef,b262ac05-136c-4ba1-b4f5-68309145e84a,101718c9-d31b-4191-a2f7-0d293e14ff52,medium,0.573,recovered,whatsapp,6668.1,2026-07-11T06:00:51.175565+00:00,2026-07-12T22:00:51.175565+00:00
7183b121-f87c-4bdb-8e21-86d05b9e0003,38cc91dc-b4c7-4cb3-bd88-d13e9b389c1a,03528d53-c44a-4570-8f23-8a0f20e3276d,high,0.18,lost,voice_call,4997.13,2026-08-07T01:57:51.175565+00:00,
a6b36eb1-891b-4f41-9deb-a0cb51abded8,0b40ff93-6a01-477e-80b3-4f6a6590aa9a,adb43dae-ab76-4353-aa08-50a1e140d747,medium,0.366,lost,whatsapp,3611.4,2026-06-09T07:46:51.175565+00:00,
a026c4a7-10d0-4964-a5ce-9e2d8e3ee27d,bfd18b2d-c356-49b1-b6be-9ab8c01dc938,03f7db0a-9cda-4ad0-943a-9858e349b87f,low,0.865,recovered,email,2643.01,2026-07-15T10:03:51.175565+00:00,2026-07-17T07:03:51.175565+00:00
fa91e1e5-e02d-4e70-80a6-eda25095a2f3,31b64788-11d3-4931-92c8-27b3f4cf3259,66aea1ab-5ba1-4740-8a6b-44efd7d7081e,medium,0.644,lost,whatsapp,2886.56,2026-07-27T15:18:51.175565+00:00,
c0d9aea2-38e0-46f8-a4f4-7a13c8c6df76,ac2c6c38-4435-490e-8e36-dd4fc573571a,c5ed5a2c-d5ef-4add-9fcf-04089e0edfb7,medium,0.376,lost,whatsapp,1092.68,2026-06-27T05:31:51.175565+00:00,
5af9eaa5-ff6d-4481-9e95-4688a25233b0,b8315042-603e-427d-951f-61d7d863f1b0,56e0845c-4638-444d-941e-8e550529a483,low,0.699,recovered,sms,789.79,2026-06-21T13:51:51.175565+00:00,2026-06-22T01:51:51.175565+00:00
b37f7c43-46a1-40d8-af16-ea78f376fcfd,617a84f5-1212-4054-b3da-83c7708e1c24,2960e1cb-cd68-48a4-895e-92f2effaa4cd,medium,0.385,lost,whatsapp,2622.64,2026-06-22T19:19:51.175565+00:00,
25271d32-1a8f-40da-b17d-692875db9b09,4a718702-38f0-4aa9-89a8-e0dd54c189e7,868b2679-1813-45bc-86a9-549cf3af10b6,low,0.715,lost,email,2640.63,2026-05-28T09:45:51.175565+00:00,
1f0589fa-f47f-4823-a11b-c82245948e01,eecdf93e-5e95-4a2f-b39e-8d2d8c8183cd,0a37e42a-a3af-48ff-a707-417d337b6246,medium,0.51,lost,whatsapp,5120.34,2026-08-05T01:34:51.175565+00:00,
c1439383-9685-47e5-9eeb-18668712b88e,23a0b438-ec3d-4fe2-8576-c1041eeed120,a37e0802-2a39-4fc9-a82b-56a74dcf148b,medium,0.571,recovered,whatsapp,6555.74,2026-07-31T18:05:51.175565+00:00,2026-08-03T06:05:51.175565+00:00
7e229998-95ad-44cf-8f28-b570d514711c,2635a6ca-2a35-4b47-aa61-d6717e467f33,05609698-b618-4ac3-bde4-5b20c112d05c,low,0.752,lost,email,1720.41,2026-05-26T07:40:51.175565+00:00,
9355c486-2399-49f0-b89c-1025032e211c,c179b789-61bb-414d-88c3-c18bc12abac5,28324cfa-1c65-4680-b166-592a1ee31675,medium,0.464,lost,whatsapp,2523.22,2026-06-20T22:40:51.175565+00:00,
1606fe9b-a778-4582-9dd6-aa08618bec62,357eb34f-c052-4de7-91b5-602f74c7fb3e,2e948a26-3b78-4101-9be8-dc668eac8908,low,0.769,lost,email,2377.67,2026-07-28T14:39:51.175565+00:00,
b4b643bb-7df2-4994-8b19-84a245dbb8c0,d675ca91-5ed2-461a-b9f1-96cb3f44ffbe,ecf82b60-3a0d-4996-98d8-887562b4602a,high,0.172,lost,whatsapp,9537.55,2026-06-10T19:21:51.175565+00:00,
2451b230-1398-42f4-acdf-53e3621be2c7,6e8c9473-6fdc-4e92-84f5-72a83d1fe81c,0786c3d1-a5a3-4e5e-819e-3032187c8268,high,0.274,lost,whatsapp,5512.04,2026-07-28T17:29:51.175565+00:00,
4eca751f-a348-4edc-86c6-b18133f4f688,a0acd2e3-4dfc-4031-9e18-962ee6708adc,d07fa931-dedd-4ab2-aec3-e87a1baecba4,medium,0.462,lost,voice_call,1115.58,2026-08-02T12:37:51.175565+00:00,
e79c1fa6-7728-4ab8-a2d2-c54a5767df7c,94ce368b-f7f8-4767-a621-79b3178fa359,39ddc979-4005-47ed-9f3a-dd13c026b2b6,low,0.763,recovered,email,2589.61,2026-08-11T10:44:51.175565+00:00,2026-08-14T00:44:51.175565+00:00
e66d43b7-4189-4b4d-9ecf-67fc4c44c6c7,81dec460-3a11-4e18-b657-0a6503c93f4f,b1bc1adc-5413-4ffc-b547-fcc23ac98f6e,medium,0.636,recovered,sms,1378.07,2026-08-18T04:21:51.175565+00:00,2026-08-19T21:21:51.175565+00:00
88d097a7-4059-4dc6-90d4-a5ca664c04ac,593ec5f9-dc6b-4a34-80c3-8ce563683bd8,9fdb7f49-caf0-41b7-8bd6-30e9e43b30b3,low,0.681,recovered,email,1684.74,2026-06-11T01:55:51.175565+00:00,2026-06-12T12:55:51.175565+00:00
ef49852b-777b-4c7b-933b-75f67ebb89af,6be517df-5e64-489f-8ab4-313abb4a3d53,4fd75424-1f69-4e9b-9a5c-c3ebbfe1d2fe,medium,0.604,lost,sms,1039.01,2026-07-25T08:10:51.175565+00:00,
b6327585-ccca-4d0f-975b-8d5df78c2fc8,0bd478b2-23bd-40db-9ae6-b3303865d43c,cd34e375-135d-4919-afa8-da65908fa705,low,0.707,recovered,whatsapp,1490.3,2026-06-22T12:12:51.175565+00:00,2026-06-25T02:12:51.175565+00:00
9b25ab5b-7d87-4edc-adff-386f6ef38d7c,1aa8af57-b6fb-47f6-9116-1b1b580c6bc6,496e529f-6a11-43e4-a99b-1ecf2126b20f,low,0.728,lost,email,2829.97,2026-06-21T02:41:51.175565+00:00,
e87f7e36-188e-4b20-bfe0-2c5e932aed37,f9b56832-4b91-4a18-ba6a-1389c45b886c,f0c8251e-4f4d-444b-993f-6f3b9f28e006,medium,0.377,lost,email,16532.37,2026-07-04T05:26:51.175565+00:00,
5cb41e5e-4a8e-4de4-99c3-f5fa07ce83aa,75a81c22-2602-483f-8ef5-bb07bbf5f171,a0f97e85-239c-48d9-9ab4-2b6410173823,medium,0.614,recovered,sms,2104.25,2026-07-26T23:29:51.175565+00:00,2026-07-28T12:29:51.175565+00:00
eefe829b-09b1-4b3b-9001-c30f980dd128,8349d873-ea47-4d34-a77a-a3b19ff02c3c,8a371d21-7a5b-469a-9ec2-a8a5f2cc877c,medium,0.43,recovered,whatsapp,8861.88,2026-08-04T20:11:51.175565+00:00,2026-08-06T08:11:51.175565+00:00
c86589f5-8947-4132-b063-e657aaa7663b,54929bb7-c89f-46bc-a061-ba008c71ec2b,d7af3c3f-3d61-4ec0-a9eb-85cfd0ed305d,medium,0.36,lost,email,2329.13,2026-06-08T23:06:51.175565+00:00,
e90e362f-47d8-4646-8509-4a66adac222f,08bac25e-68ae-4174-9d6f-c9a2cee6a849,a79e8e63-6b77-4b0f-8e47-11f81c3184d2,medium,0.473,contacted,email,6296.09,2026-08-22T02:16:51.175565+00:00,
177e4d7e-c504-4a3a-8b5f-3f94713f2401,e9ead32c-6de4-4bcb-b49e-648c98cbcb1d,dd0d08fc-5004-46fc-8bb1-6ff292656256,medium,0.59,recovered,email,2066.67,2026-07-15T11:37:51.175565+00:00,2026-07-18T07:37:51.175565+00:00
eb60fea9-8240-4b30-9173-584d224e5ff3,6318943b-6ae8-42ad-b1d6-6cfe03c45162,18d42026-1617-4395-b21e-55e817b018fe,low,0.664,recovered,email,3510.95,2026-05-25T10:14:51.175565+00:00,2026-05-25T16:14:51.175565+00:00
7ab34a94-ce25-4801-aaad-f16901521397,d19aed5a-9483-43dc-a2e7-979c2fd4e1af,a3dc90b0-7a11-4ec9-9c22-18f2b8ce67c4,high,0.266,lost,voice_call,9597.89,2026-07-05T03:05:51.175565+00:00,
f78ccc2c-b363-4d5a-b3bd-291d664fd29e,91277fd3-5857-4523-8f25-c32c6c7d5563,fbd3abae-a225-4ad7-b793-d813ef761583,high,0.305,lost,email,1698.21,2026-07-01T15:24:51.175565+00:00,
594895af-f2dd-4287-ad4c-0523118bff83,61dc98ff-4fd4-44ae-bb8f-e6b4ecf9a3da,29b6fb11-0009-4b16-8c00-67c8cb0bf825,low,0.715,recovered,whatsapp,1147.98,2026-06-02T16:06:51.175565+00:00,2026-06-03T08:06:51.175565+00:00
98a0919a-08e7-4ac0-ac2a-ff92c5d0d4fd,b28cb063-09e7-45e0-b0ca-b0ec37403c00,0e38b3fb-a689-45eb-8ec3-9ec4d1f50967,medium,0.556,recovered,email,1328.65,2026-07-04T17:46:51.175565+00:00,2026-07-07T08:46:51.175565+00:00
4f78ece3-2bfb-4c6b-a99e-abc5cb6719b4,6f21983f-8cb2-4838-b8dc-c071ccc4426f,0483dfd0-98e4-4f7e-8d89-90ab06ff64ea,medium,0.36,lost,whatsapp,1034.5,2026-07-30T12:37:51.175565+00:00,
b8d5cf09-df22-43c0-8f48-98149e08f3c7,9c552866-f688-4f86-a64c-8b844db918b8,fa9ebf19-6cd3-4ef7-9946-3194164eceea,low,0.794,recovered,email,1920.32,2026-08-03T00:06:51.175565+00:00,2026-08-03T21:06:51.175565+00:00
1c945426-6362-4055-8880-d69a8d187881,076b8a88-7957-4f51-b839-8df02fa66d3b,b32fccc6-4f45-464f-89c5-8fe059a91b26,high,0.269,lost,voice_call,1636.0,2026-06-23T07:56:51.175565+00:00,
80f40007-7c2a-4070-b663-e84abfa35c97,56ca10de-c769-40aa-a57c-b0b1734d7500,ef9a20aa-9c75-4faf-8b64-ce9f4d81cc02,medium,0.443,recovered,whatsapp,1745.92,2026-08-14T04:42:51.175565+00:00,2026-08-15T07:42:51.175565+00:00
c3b9f555-ec70-4438-8789-b675b353a8b3,3ffebd15-84da-4845-8c64-49b28210ac2f,6b177802-1419-4c7e-a3be-e3a3d13d5e68,low,0.806,recovered,email,703.63,2026-05-31T20:25:51.175565+00:00,2026-06-01T04:25:51.175565+00:00
c4cab9fd-b8b8-499e-bd70-f96d9d312204,a590b492-edcd-4768-9c82-0fce1a1f021f,053a269a-8f85-4924-9ff9-993a05d28160,low,0.706,recovered,email,2483.95,2026-06-28T12:13:51.175565+00:00,2026-06-29T05:13:51.175565+00:00
20c7d9a1-ab67-4cda-99af-59eee58ac0ee,9bc36c03-6d15-4ae4-8e55-4106305beaf2,a6f8e0ce-8b9e-4bf5-90e5-d3af5a0686f4,low,0.725,lost,email,1199.35,2026-06-22T17:54:51.175565+00:00,
6eb14104-2b8f-4004-a5cf-c653ad6350c5,a1edcd86-6dd7-44d7-a16f-048033115d29,af26c21a-20a0-4b8e-b62d-6971762d83d2,low,0.881,recovered,email,4153.68,2026-07-28T18:51:51.175565+00:00,2026-07-30T10:51:51.175565+00:00
6ef43bd7-9b64-40c5-9e81-5611f46d27cc,439aebd0-af6f-4d59-82ea-8bc458fe90de,70df6a1b-be65-4431-b95c-6deb35ec8b21,high,0.206,lost,email,21229.88,2026-07-26T02:26:51.175565+00:00,
baa40dfa-bc90-466f-9d2a-b68e39ca098d,d2e70d5c-720d-4a22-9dfe-31efc51b3876,6a1da379-c072-40e7-9138-c1e22b8909ac,medium,0.578,recovered,whatsapp,2723.65,2026-07-29T07:09:51.175565+00:00,2026-07-29T16:09:51.175565+00:00
4269e0ee-6b12-45d4-828c-3f4f1977f748,93e3b498-59db-4455-8b44-8958616aad7e,21fdb588-f8e7-4b97-8e53-4e8da99835c8,low,0.66,recovered,whatsapp,2763.8,2026-07-31T10:47:51.175565+00:00,2026-07-31T17:47:51.175565+00:00
a63e5554-e1aa-441a-8d41-2578bb99b862,e9e14f1b-b868-4944-b376-680561e4c80b,4052b5f8-fe8d-45cf-aea8-142f11fcb7c8,medium,0.407,lost,email,8483.61,2026-06-29T00:11:51.175565+00:00,
753f3600-254a-4daf-8aa6-fe6acb7e450b,bc8d371e-8d4b-461b-8691-9739af952c3b,51076625-679c-440a-ab73-e5384e12fbe4,medium,0.461,lost,whatsapp,4460.0,2026-07-09T15:34:51.175565+00:00,
8483be87-5d21-4d3d-bf86-5356fced0b0d,f69ff31d-06c8-4f16-97a7-25f823901e18,e7412bdb-bcbd-4f2b-8dca-1ef559cdcd50,low,0.689,recovered,sms,670.81,2026-07-09T22:28:51.175565+00:00,2026-07-12T12:28:51.175565+00:00
de50a722-b051-4d1f-b2fe-e26bc3bb79a5,59f74774-8c60-4c79-a380-b302320018fb,514540d9-71d8-4ea7-a93b-2be86b183240,low,0.726,recovered,email,3270.07,2026-06-28T03:12:51.175565+00:00,2026-06-29T08:12:51.175565+00:00
88313ea6-b941-4f79-bf85-6f0f7ada6ce5,3845d59d-821c-4915-a240-fa1a9e01c506,35854d8b-7932-42e7-b949-d236ed4b67d9,high,0.312,lost,whatsapp,17865.62,2026-07-19T08:14:51.175565+00:00,
77b78dcf-4b72-4eb7-a823-9eaba79b85fa,cdd14652-1c58-4d45-a5e3-dba7a8492dc3,dd041f30-eb7f-443d-916d-90bb2b2c4987,low,0.727,recovered,email,4115.05,2026-08-19T09:03:51.175565+00:00,2026-08-21T12:03:51.175565+00:00
39666c3f-47bd-4a1d-ac80-82397c2184d2,fde32b49-262d-48f1-9330-796dbf1e3f53,3def574d-1228-46a5-ad06-3fce599a0426,low,0.697,recovered,email,3279.84,2026-08-17T17:33:51.175565+00:00,2026-08-18T15:33:51.175565+00:00
eee2e2bc-cc82-4ec8-b85b-2a6c775f75b4,2578db06-3777-4006-ac98-a533cfd64026,6a271c41-47e8-4316-8ab3-9809927be699,low,0.68,recovered,voice_call,6569.25,2026-07-30T05:21:51.175565+00:00,2026-08-01T16:21:51.175565+00:00
c1fca333-dddd-46ce-b763-0a207660c247,bc7a5adc-044b-44b3-9126-39a65482c3a7,e9bee41e-5509-4414-afca-773b27968e85,low,0.683,lost,whatsapp,7335.57,2026-06-11T01:43:51.175565+00:00,
08fe42a8-2020-471d-bc62-787311433b3d,5d2b3ee0-bcf8-4da2-b1b6-5ebb19b6437f,54aa18bf-a1d8-447d-b8e9-3ca114d665ca,medium,0.453,lost,whatsapp,1689.07,2026-08-15T17:58:51.175565+00:00,
c155c6be-c673-42e2-aafa-dfa6111968ab,77d53faf-560c-4823-9f8f-f13b5015fed8,02fafe2a-64f9-4e6f-899f-eff3914ed575,low,0.809,recovered,email,3170.48,2026-07-27T09:05:51.175565+00:00,2026-07-27T18:05:51.175565+00:00
7c0abeb6-0ab5-4764-a8e3-394745a5cbf2,b15df20f-d825-4eb7-90a5-373d35e77077,d5cccb0c-043f-4a0b-b152-6c3f5f247db5,low,0.773,recovered,email,2478.91,2026-07-31T10:16:51.175565+00:00,2026-08-03T05:16:51.175565+00:00
ea34fbb7-c6e6-45dd-8319-5c51c2ab4847,659c7cad-dd93-4d2c-97f2-a75331461f92,6ee0ac51-f160-47c9-8cd9-e46d8b7c312b,low,0.684,recovered,email,1362.36,2026-07-04T21:40:51.175565+00:00,2026-07-05T23:40:51.175565+00:00
9f7a475a-7ce8-4755-8514-9b6c6619a1ba,a1fb1106-32de-4af6-b027-12dee571da17,6f55af0c-09e7-4c2f-90c5-6127aabd1b16,low,0.79,recovered,whatsapp,3136.29,2026-06-29T10:33:51.175565+00:00,2026-07-01T23:33:51.175565+00:00
e046b0f8-35d0-4368-bb97-253e95a321f8,72c93027-0fce-4bb2-b7b7-b3e73b98ae10,3fb6ed43-5641-45e9-a607-69f271779dba,medium,0.567,lost,whatsapp,6450.66,2026-05-30T19:46:51.175565+00:00,
a52519b6-57b7-4977-a830-2b57ef84b8e0,6af72292-fc35-46bc-aa5e-586f38095f90,5451a61d-9b64-4222-835d-2c4e3735831d,medium,0.522,recovered,email,3609.36,2026-07-01T11:39:51.175565+00:00,2026-07-02T15:39:51.175565+00:00
f9899b76-2ad4-4da3-b68d-cf8d6b5706fa,676b384d-bb96-4aee-91cd-ad3cdfd10604,55693163-5613-41fb-bd39-e13cf6096241,low,0.886,recovered,email,1147.91,2026-07-10T07:33:51.175565+00:00,2026-07-10T23:33:51.175565+00:00
34b23e90-fbb2-4ac8-8c44-34b7a3650b72,e15ec68c-5675-45c4-b7af-957581ec7b23,e339b555-2595-4a56-b0be-82eb00b7918b,medium,0.517,lost,whatsapp,1343.02,2026-05-29T17:13:51.175565+00:00,
60880850-a0fe-4733-8874-f5b47d67af19,47d184d5-0551-44f4-9e79-58ca0259fbef,c99efd4e-cb11-4774-a697-29d80837e747,high,0.348,lost,email,1380.36,2026-06-15T09:36:51.175565+00:00,
5198af49-515e-4cb5-b02e-98b514952bb5,247f6089-858a-446c-a5bf-95e5a39f3ecd,b5eba61d-f173-4e3b-a00e-750482e84acb,low,0.888,lost,whatsapp,3880.21,2026-07-30T13:29:51.175565+00:00,
661f62e6-41ec-405a-9ef5-77fb644e1d5a,20de0e5a-2b45-4104-8cad-8280d1927d8d,5cb5fd6d-c328-4233-9a05-d2f7fdf2fef9,low,0.878,recovered,whatsapp,2157.67,2026-08-12T12:39:51.175565+00:00,2026-08-12T23:39:51.175565+00:00
49b4f311-4df2-4229-9b45-a87d8e33126a,d9e0147b-9aa8-47fd-b9fd-ba909cc79c75,5a3f2e82-bca8-4352-bcc9-e756285e4076,low,0.781,recovered,whatsapp,2325.73,2026-07-20T02:35:51.175565+00:00,2026-07-21T01:35:51.175565+00:00
c1b218ba-8953-4634-9c01-a4a1d692cf05,61056869-21a1-4368-b229-1d7a24a31a82,d3fc7dc4-7743-4cd8-95f6-50e0c391dbc2,high,0.121,lost,email,15619.07,2026-06-05T22:45:51.175565+00:00,
1012bfa7-bdb2-4b5b-9e7e-2a9115773b15,ecc3d1e7-9b72-4438-9dbd-e2c770b3ffdf,c8a46beb-ac2e-46a4-a902-17a92011519c,low,0.678,recovered,email,1735.93,2026-07-07T02:05:51.175565+00:00,2026-07-09T20:05:51.175565+00:00
629e32ed-ffca-4d06-b14d-cdc35aa75d4f,6bfee86d-28f5-4865-a023-0d81353c704d,4759a155-d343-49fa-aff3-62a56f81ee67,low,0.666,lost,sms,499.0,2026-07-30T21:17:51.175565+00:00,
8772a41d-e925-4584-a257-7122d8a6d7d5,7d81c27b-a309-4ff1-8e24-e3b0ae32e9be,682c32ab-510c-4e23-b20e-ef6fc67dfd9a,low,0.69,recovered,whatsapp,499.0,2026-05-28T09:04:51.175565+00:00,2026-05-30T11:04:51.175565+00:00
1b3c7c5f-cbc9-4d78-9dc7-6cb32abb989e,8ad16b1f-9387-4562-9329-de176a20a8b8,fcf59725-d807-40e7-9c52-c91838b7d561,medium,0.62,recovered,whatsapp,661.34,2026-06-30T02:48:51.175565+00:00,2026-07-01T16:48:51.175565+00:00
3c7d50b5-be13-4e28-bc1e-c82d5f6e164f,04536795-10c5-42d8-9445-8349cec4aee9,91ccc4fb-5d07-45c2-b447-756b8576c406,low,0.701,lost,whatsapp,2198.27,2026-08-06T07:48:51.175565+00:00,
c168550e-0609-41f5-b163-d5e8f0d28747,3a2772fd-de96-4b99-8798-fad3c2ec8236,76f2c97a-ccd6-4b89-9416-258f82ce0a64,low,0.673,recovered,whatsapp,7744.75,2026-07-21T16:30:51.175565+00:00,2026-07-22T02:30:51.175565+00:00
3abdac21-9bd8-4258-84c6-e8cdb799e9e1,7297af2e-1285-4757-ace5-21cd5dedef50,5f677ce4-4fc0-4ac7-aa51-c496b72032fc,low,0.807,recovered,email,814.03,2026-08-17T10:22:51.175565+00:00,2026-08-19T08:22:51.175565+00:00
6e18e1f3-54e7-4777-9c59-f1b51bf331a5,ac488eb0-21ab-4ac2-9ed1-559e49d51862,68959b8b-fb03-484c-a04d-a45ed1da0899,low,0.8,lost,sms,794.48,2026-06-16T16:12:51.175565+00:00,
62d40868-378e-43a8-8b8c-a34fa6c23ff2,553f3e49-5dd9-4629-8b81-17074aa93d2e,0fa17c8d-9113-4d36-a244-5088fb5073c0,medium,0.376,recovered,email,1025.16,2026-06-26T18:07:51.175565+00:00,2026-06-29T06:07:51.175565+00:00
47b1992c-0a6d-4606-bb04-5c3bdb90434a,22b33eeb-e154-4688-a6ed-d7484d0027e7,062f08b8-69f0-4a15-8e99-6174bb403de0,medium,0.414,lost,whatsapp,6817.77,2026-07-13T19:19:51.175565+00:00,
a59ca8bf-2211-40d0-8ceb-1a410a831d8b,4e924f44-0849-4f9e-b549-0035cdbf7e43,bee08772-791a-44d0-95be-0b42c9344946,low,0.716,recovered,sms,3218.42,2026-06-11T04:37:51.175565+00:00,2026-06-13T06:37:51.175565+00:00
9fb1ab36-4ff6-42f3-aeab-76ae06e2c30c,45c83712-3a8b-44ea-ab43-9b5ac36fd5e8,141fdc7e-9b7c-4df0-b67d-cf4335b0ffca,medium,0.552,lost,whatsapp,887.07,2026-06-16T02:27:51.175565+00:00,
561b53ba-abb2-4e86-894c-68b003d85c93,9ea7c7a8-3c47-474e-b81b-827246c16069,11985ff2-4bae-45bf-a0e9-e59cc52cf889,medium,0.45,lost,sms,1561.18,2026-08-03T08:56:51.175565+00:00,
6ce0a86f-1222-4822-a135-93f47150f66c,df42a9fc-28a8-4bb4-bf7b-29736c1bd1c0,7b17e126-b946-4471-adcf-56ef9fedbe72,low,0.787,recovered,whatsapp,2775.8,2026-07-28T05:05:51.175565+00:00,2026-07-28T19:05:51.175565+00:00
ffedfb34-1aed-41d6-9501-ef48c3047dad,af88a7c8-fe5a-4ab2-a379-8549fafca84d,28c6d1b6-bed0-4c51-af24-77eb25abc6f6,high,0.282,lost,whatsapp,10046.9,2026-08-13T10:53:51.175565+00:00,
f491ccab-603e-475e-a419-ef8dc4eec50c,10c6c387-e88a-40b9-a6fb-64223e35fc45,f7d11167-0ef5-4d8b-ae79-b395759f3fbf,low,0.7,lost,email,1129.92,2026-07-13T00:27:51.175565+00:00,
bb49a50f-8960-42ed-bacd-eedce96f60bb,0e1ed240-87a5-4a03-807a-9b9809a24714,3e108d20-dec7-452f-af80-11df54fec6ff,medium,0.431,recovered,whatsapp,4716.57,2026-07-02T11:51:51.175565+00:00,2026-07-05T05:51:51.175565+00:00
cd0440ed-7b07-4c40-85fd-32cb166b1842,11a96bfb-2ed8-40ff-b46b-90a3a3a1344f,c3616b28-bf3f-42e0-b3af-f00a6a08b352,medium,0.625,lost,whatsapp,5577.6,2026-07-09T05:06:51.175565+00:00,
e05d2aca-fd77-4c0b-ac6a-723d27c38465,a42a1282-8504-4825-b6d3-03622341ea32,8376c287-5b88-49dd-b62e-abdf73db6fd3,medium,0.614,lost,whatsapp,3257.03,2026-06-23T21:32:51.175565+00:00,
ba253210-7094-4409-b438-20fdbc100f80,8278df7a-6b8e-4f21-b202-380213564f84,4faf66fd-68ed-4449-8ad1-c4506158433f,medium,0.546,lost,sms,9534.55,2026-07-19T00:19:51.175565+00:00,
7b35046b-19f6-43a6-93fc-dad4ec4411b8,704ef555-f822-4b3b-bb68-7729f41ed190,25172f58-1c00-4d86-99d4-16d0d33f4260,medium,0.616,recovered,email,2851.99,2026-06-25T15:41:51.175565+00:00,2026-06-27T09:41:51.175565+00:00
336f3887-b435-4401-a127-3b6ddb2c3b2b,ee4c4bf9-2dbf-4b34-a741-1b4cafbb17c9,f18dc130-d94c-4a35-9b61-8fa257f4446e,medium,0.625,recovered,whatsapp,2678.79,2026-08-01T23:25:51.175565+00:00,2026-08-04T07:25:51.175565+00:00
ffcc95b5-5c86-4ead-9250-08e8ca4d772a,26197040-be16-4672-a6ab-81ab34a09ec0,fffaff82-c0bf-4edf-a542-f679fa5a44d7,high,0.131,lost,whatsapp,24770.45,2026-08-13T08:15:51.175565+00:00,
728a8d25-a24a-40ae-8795-e3419b289526,93abfed3-b85e-4b5f-9a46-761173eec0c0,c77a87b3-3df9-4940-8147-ec5c75682fd2,low,0.792,recovered,email,2568.09,2026-07-21T02:00:51.175565+00:00,2026-07-22T18:00:51.175565+00:00
b83782ab-8007-43f3-b97b-fa3832f481fa,05109ccb-3fa7-4dca-8055-2af010a7588e,9be39627-7dee-43ed-871c-22b6d80e33c7,high,0.316,lost,whatsapp,7719.26,2026-07-02T12:37:51.175565+00:00,
974daaf5-04cd-4a57-9adb-8a35f11adcf4,86e38756-2b2f-43c9-8101-3eecbe141bab,820c6273-c02f-4f07-abd0-6288b081810b,high,0.273,link_opened,whatsapp,1011.95,2026-08-20T13:04:51.175565+00:00,
0536aad4-62b2-41ff-b0e8-acf2123f1ca1,0ce56345-6e8d-4ba1-ade7-4e7a237ef273,c2d26f2c-7570-4e1e-9f99-d56866635ffc,medium,0.565,lost,whatsapp,1762.06,2026-06-12T10:37:51.175565+00:00,
5c909316-edeb-46ff-8fb7-1e8e4fa9f47c,c4bb6ea1-9e63-43fb-b5c4-dce3fd7ea1b9,a4ed8590-a316-4cf7-ab67-4f9c82dbb9ff,medium,0.476,lost,whatsapp,7059.75,2026-07-15T09:52:51.175565+00:00,
61540346-43ce-4ef1-9b52-479d1eb54e73,34723b40-d9c1-4004-bd91-0513b031df25,9a1dd2ab-a345-4e52-8a39-f0821ac451b7,low,0.853,recovered,sms,499.0,2026-06-29T06:55:51.175565+00:00,2026-06-29T11:55:51.175565+00:00
18f203f5-7e88-470a-8adb-c09481e66a68,5a42b915-103d-4acc-ae09-46ffbffd1c68,17d37bc8-8f64-4757-b7ce-7409707893a1,low,0.766,recovered,whatsapp,499.0,2026-08-08T13:23:51.175565+00:00,2026-08-09T06:23:51.175565+00:00
94a73440-d447-48d2-a054-0d881e738537,0e02586c-5141-4dd5-b5c3-3ce18ab35bac,3465ec31-70bf-4e67-ac93-2c30e9d2e967,medium,0.612,recovered,email,1460.44,2026-07-29T18:41:51.175565+00:00,2026-07-30T03:41:51.175565+00:00
79726fb3-79e5-4a72-aff7-8c19f9a7866d,5d22621b-cecb-4e6d-bdf7-90dd32e73c1b,6572e75a-506c-438e-bea8-8a9383969539,medium,0.581,lost,whatsapp,2633.42,2026-06-29T17:14:51.175565+00:00,
21ea2314-ba03-4bf8-9d22-27c899cf4c96,0e01775d-ff45-4442-9911-2b472d142142,dd2d638b-d9df-4dae-9336-da20eb5ac3be,low,0.841,recovered,email,4711.31,2026-07-04T22:36:51.175565+00:00,2026-07-05T20:36:51.175565+00:00
dd1cd257-6fb7-4053-837c-946dfc168f24,075ea1a5-f0a2-4b94-b05f-0bfd3b839666,691ce63d-6e0b-4a4b-8154-1446fdb65184,medium,0.618,recovered,whatsapp,5161.86,2026-07-15T01:05:51.175565+00:00,2026-07-17T16:05:51.175565+00:00
0907a723-f1d9-4d4b-a87f-938f9b02c19f,8828eca9-414b-45cd-9980-36cb8e3aee89,3c55e942-c378-4aeb-8579-5197b5abafcc,medium,0.553,recovered,whatsapp,2429.76,2026-06-23T12:18:51.175565+00:00,2026-06-25T15:18:51.175565+00:00
47ea08fe-ade8-4c42-812d-e30576909c57,703b076c-a0f3-4fd1-b8a0-0153b6077051,aa03d8b3-bd45-41ac-b81c-ebed0658f404,low,0.702,recovered,email,3800.37,2026-07-13T02:44:51.175565+00:00,2026-07-14T17:44:51.175565+00:00
76a78043-1cc2-4571-a549-606bbaf7466c,bc17d633-55f9-4041-b90f-86f1a406434a,aebc0a58-5e86-47a0-a9b3-1973d472175d,low,0.687,recovered,email,2342.12,2026-07-09T03:41:51.175565+00:00,2026-07-10T12:41:51.175565+00:00
8e237dc3-c31d-4998-84c3-c1cd297639b3,902aad41-e105-4262-8ae9-8ddea15684df,987e1220-7280-4e5d-96ad-16e5a3948c13,medium,0.608,recovered,sms,691.58,2026-07-20T11:44:51.175565+00:00,2026-07-20T23:44:51.175565+00:00
c953c5f0-f27b-4bd4-84c5-9ee921644adf,579adb3f-4f82-4f46-a195-20db002ad7b6,a46adc54-6deb-41a0-8650-7e0f60e4d99f,high,0.228,recovered,whatsapp,7097.26,2026-07-06T08:57:51.175565+00:00,2026-07-06T23:57:51.175565+00:00
448b965c-ae72-40f3-824a-0dd032199f19,191393af-7a33-484f-9c7e-3dedbb9e36ef,2bc04842-931a-4928-9d95-303ebbec9788,low,0.889,link_opened,email,754.72,2026-08-20T11:11:51.175565+00:00,
f215975a-7ad7-422b-b566-b3a666b8f20c,3e9f8cda-9907-4ee0-82b8-9d04679d177b,f05fb351-9d98-4649-9acd-88a7f053484d,medium,0.554,recovered,sms,5300.32,2026-07-23T11:14:51.175565+00:00,2026-07-25T08:14:51.175565+00:00
3befa4f4-87a3-4185-becb-f74e8df91f8d,9f125b5c-3209-4e59-99ad-05b1a5a1e0ed,a0c97a85-302c-4810-a97a-57483ccdd2e7,medium,0.635,recovered,whatsapp,9692.81,2026-07-22T00:48:51.175565+00:00,2026-07-22T05:48:51.175565+00:00
a382114b-fec6-439d-9562-48be517c4551,67d38837-f3f3-40b8-af49-8d8bf58db8c2,451d664e-50fa-49cd-a74e-71a0f5dbb3ad,low,0.678,lost,whatsapp,7683.68,2026-06-21T05:51:51.175565+00:00,
5cff4c95-d5c6-4da8-a320-4061624fc47e,eef5dbc7-ada1-46b0-adae-b29217cd2bf0,f460d00d-f4b7-4f11-8420-14f483a9e369,medium,0.585,recovered,sms,5042.7,2026-07-27T03:38:51.175565+00:00,2026-07-27T13:38:51.175565+00:00
d2bc506d-0eee-4c5a-ae19-eed306abe2b4,8b1370d8-a36c-460b-8856-0de54d5dedbc,340f9cfc-3c51-4624-b705-2a6c56bf5ed9,low,0.79,recovered,whatsapp,1710.49,2026-06-05T11:46:51.175565+00:00,2026-06-06T06:46:51.175565+00:00
d37b3e8a-b8e7-42c5-8c96-014a5c58a795,d79d6f01-3ceb-4929-bac9-af4472b3d027,780686e0-cfe5-449f-9b3f-9d9e281b8fa3,high,0.289,recovered,voice_call,11831.2,2026-08-01T22:38:51.175565+00:00,2026-08-04T08:38:51.175565+00:00
8b36d617-d33c-4f78-880c-a35448028363,b4fa3b22-6de3-4263-85fd-a94245261873,e3cbbe4c-beaf-4b76-b860-84744d3c3ec3,low,0.894,recovered,sms,1095.64,2026-07-29T04:12:51.175565+00:00,2026-07-30T07:12:51.175565+00:00
4b3ec9c2-2185-4d0e-85db-e778fe080a65,3bab2974-02b5-4dfc-b58d-d00bc7056215,62da1ac3-31a3-408c-8b92-2e55a870e64b,medium,0.468,lost,email,2870.24,2026-07-18T20:52:51.175565+00:00,
2ec28379-d8f6-4b14-87e8-05f02f00b34f,4d585783-7398-4d58-9754-6a1c3495b5bf,7bde6b22-a269-491f-88b9-3ad8c297ab61,low,0.88,recovered,whatsapp,1511.54,2026-07-22T15:12:51.175565+00:00,2026-07-23T14:12:51.175565+00:00
ee0c2744-d4ab-4899-bc02-3fa641f76eb0,98e900c1-078a-45c0-8270-61d87500b93c,ad35721e-aa92-435b-9f19-45c2003d0962,medium,0.533,recovered,whatsapp,2623.43,2026-07-03T05:54:51.175565+00:00,2026-07-04T04:54:51.175565+00:00
64920a5f-0775-48e2-9e7f-9c8f59b3c2af,fda8bc23-5367-497b-acbf-c0224c310371,672c3a76-0c58-409e-89e9-b7b271bb1628,low,0.896,recovered,sms,1230.87,2026-07-22T08:48:51.175565+00:00,2026-07-24T18:48:51.175565+00:00
8f165c40-2c99-4c69-8bd4-476921924790,266bdd95-34e4-49c2-97cd-29121284f178,4a196917-7244-4e11-8ff9-6010d23b4621,low,0.729,recovered,whatsapp,2703.8,2026-07-03T06:51:51.175565+00:00,2026-07-04T01:51:51.175565+00:00
8a140aa0-81a5-43dc-bea6-e360d17a79c5,7b5ff001-5e74-4a57-9082-4a30ffe1a1da,31257faa-4330-4db1-a59b-8736e5e49b2a,high,0.257,lost,whatsapp,7284.05,2026-06-01T04:09:51.175565+00:00,
c04168f3-2b65-4ae4-a42f-785b3a8ae80e,728e30dc-4d26-44ef-8a90-0bbe9bc30d2b,f9a6cccc-f72f-4785-abfe-8b34b6d01ddf,low,0.855,recovered,sms,2700.08,2026-07-12T02:18:51.175565+00:00,2026-07-14T02:18:51.175565+00:00
baaa3e7d-3584-4a4d-aa99-b6d89d7c906b,ee31ae57-4a25-47f0-a557-aac8a2a85797,74553b30-7c9c-49e3-89ce-80fa625172e4,low,0.818,recovered,whatsapp,1707.07,2026-07-19T01:47:51.175565+00:00,2026-07-19T23:47:51.175565+00:00
256f8761-eee7-4bcc-b6c7-747a848e44ad,0992ab06-6f23-4950-9969-8be5d9c0211f,ecd0bd55-dd54-4a2c-8374-be6a63ae480f,medium,0.593,lost,whatsapp,3660.99,2026-07-27T09:20:51.175565+00:00,
3f7a8d54-1ea4-4fe8-9d92-27fc83833ab5,bb6951bc-7710-48bc-93e4-1604dfcc17da,51d673d6-644f-4e52-8216-3f403a077319,low,0.71,lost,email,1112.93,2026-05-25T01:09:51.175565+00:00,
167418e7-45f0-4943-af33-761d0248426f,5e7a579a-aba2-483c-a0df-3b58a2edd501,e5ba7919-4969-4b5b-8340-6571d457ff7f,medium,0.627,recovered,email,2958.77,2026-07-06T20:04:51.175565+00:00,2026-07-08T13:04:51.175565+00:00
fbc07287-3e02-4f5e-8fe4-7638f3f16954,2889a5bd-5695-44ea-9946-07332a351ff8,095cee13-1019-41c3-86e4-cdb92ae334a8,low,0.933,contacted,sms,499.0,2026-08-20T05:23:51.175565+00:00,
93bd2c44-672b-4660-b96f-1805a91f24b8,db06f073-e97b-4038-9aa8-78b500231ee9,39601f4c-70cd-4d77-88ac-465989d64ec2,medium,0.363,lost,whatsapp,729.64,2026-06-26T08:43:51.175565+00:00,
7f02dd87-4625-41b8-95e4-42cbf2851547,0cad6b4b-e6d4-41cc-b7b8-35e4d7e75aaa,304eb3f9-ea91-4f16-8b54-fa2e27015c56,low,0.785,lost,email,869.78,2026-05-27T05:44:51.175565+00:00,
ceb7bc08-7605-4485-9190-c55c72e0e9e2,eb3ff89e-213e-4ff5-98d5-1f39d83b779c,f043d484-53b5-4292-a463-80473f17eaa3,low,0.762,recovered,whatsapp,1438.14,2026-07-13T20:56:51.175565+00:00,2026-07-15T19:56:51.175565+00:00
1f098f2e-7dc8-4763-96e5-6acb98842a7d,009bcbf1-574c-4d05-8de8-65c1d4a0d90b,51b3ba65-10bf-4ab1-befe-d4fc55a7b7c8,medium,0.649,recovered,whatsapp,5387.54,2026-06-29T03:28:51.175565+00:00,2026-06-30T19:28:51.175565+00:00
5e9ff236-1486-4e6b-b77a-0e2ba25fe604,eb59db84-ede1-4073-98d2-57c854967dfd,19a0cdaf-f44f-4ca2-96e0-ff5b3fa6a267,medium,0.569,recovered,whatsapp,6201.26,2026-06-09T23:47:51.175565+00:00,2026-06-12T04:47:51.175565+00:00
d433515a-1752-4d43-8309-2635e932bf17,dd6891b2-0fba-4e8b-8b6e-858e628591d4,c5a3eea6-1005-41e4-b7d7-8aa7b61a5c52,low,0.858,lost,whatsapp,6889.94,2026-07-05T18:53:51.175565+00:00,
0a67a2a4-4f9d-4013-811a-9065ac0db663,bf91f0fa-076f-447f-826e-b688cec3cdda,8a1ac62e-9340-4784-a90d-2049c2800b10,low,0.935,recovered,whatsapp,508.11,2026-06-30T01:18:51.175565+00:00,2026-07-02T16:18:51.175565+00:00
11749ddb-cb20-4bc8-8f69-459338a83a7e,435dc2f1-a4cd-41f2-9b74-9598823463ab,aeac9f0f-6191-4c77-8528-95a36bf7c016,medium,0.504,recovered,whatsapp,1936.92,2026-07-02T10:29:51.175565+00:00,2026-07-04T06:29:51.175565+00:00
7be49c74-e730-4da2-908b-ad31c24184e3,d02f859c-e8b4-4595-a4b1-3b2340ed117f,037642f9-7978-4fda-b3a9-2ab27f47b5d5,medium,0.54,recovered,email,5213.53,2026-06-12T00:40:51.175565+00:00,2026-06-14T21:40:51.175565+00:00
061029a1-3555-40b2-95d7-da5043af2cce,eb1f7d77-c1fc-429b-bb5a-0461ae05afda,2be6c709-5b8d-433f-aad3-ad15669cfa58,low,0.762,recovered,whatsapp,1940.47,2026-07-12T14:25:51.175565+00:00,2026-07-15T12:25:51.175565+00:00
c8323b94-81d6-41d6-a9e5-05f083a77798,bcc5c7d8-5a5c-4fec-af4a-5b2d647c28fb,37b8461b-410a-436e-819e-e38ec77434fc,low,0.83,recovered,email,4349.65,2026-07-06T13:43:51.175565+00:00,2026-07-07T15:43:51.175565+00:00
1e38c94b-ac72-4f69-bc5e-4d7bce5db67e,dcd24d31-86a5-4f88-b4ab-78a83ab8cc49,bfac7c32-004c-4650-9068-bf5cc6b35f15,low,0.776,lost,whatsapp,1571.65,2026-08-15T15:14:51.175565+00:00,
cea515a3-d1e0-48be-ade8-060230e34062,7e36604d-0789-429b-ba15-0152d811ae78,061f945a-285c-4eee-859b-610bf6ae0d52,medium,0.553,recovered,email,4512.22,2026-08-03T09:36:51.175565+00:00,2026-08-05T02:36:51.175565+00:00
1cb8fb7a-c661-47a2-b483-52d58040ca34,6408951d-b181-4bab-87bd-4d4578b96189,ac32fbc2-191c-4ca3-9601-7e5605f2c6a2,low,0.772,recovered,email,1092.37,2026-07-14T11:10:51.175565+00:00,2026-07-15T14:10:51.175565+00:00
80704669-9394-4ee3-8475-fa348298a12c,31346388-f1f7-485e-8d69-26cefff51559,d1948159-0d81-4fa0-a06f-02dcbf12f14d,medium,0.648,lost,whatsapp,1535.46,2026-06-29T16:26:51.175565+00:00,
f9360432-7ba9-4451-a256-5449495440e9,6de184d3-d36e-46a6-ad9b-c54bd4c478d1,bfc485ec-af71-4432-b3c7-fb71b753abe5,low,0.815,recovered,sms,788.41,2026-06-20T20:45:51.175565+00:00,2026-06-22T05:45:51.175565+00:00
43b30ff5-2895-49d8-a6bc-5f476b36e115,8b1370d8-a36c-460b-8856-0de54d5dedbc,185886f8-c39b-401e-a153-93306ac8d140,low,0.818,recovered,whatsapp,1350.16,2026-07-21T18:07:51.175565+00:00,2026-07-23T02:07:51.175565+00:00
1a90a3cd-3d84-4e24-a583-73f3fc8e7f48,8766e66b-1e7c-481d-8f40-ad7fc39c90c4,abc133b2-f41e-4638-b1c9-f6cae9c6abb4,medium,0.518,recovered,sms,7778.74,2026-07-02T03:07:51.175565+00:00,2026-07-03T19:07:51.175565+00:00
93893430-7dcc-4127-8146-2f05c562b5e2,8fa455e8-85fb-4e32-af92-782bc35ce8bc,49a87859-540f-4303-b7c1-ae49c89de089,medium,0.629,recovered,sms,9351.35,2026-06-26T22:59:51.175565+00:00,2026-06-28T18:59:51.175565+00:00
a9cb8d5e-f8d0-449a-b386-b34a441d1173,b6555060-53cb-487d-94a1-cff7dd561498,5ae061d6-ec63-47f5-bdf8-ebcd5fa2f29c,low,0.71,recovered,whatsapp,7541.24,2026-06-12T15:46:51.175565+00:00,2026-06-13T13:46:51.175565+00:00
ff718d77-7b1f-496a-9e01-54e57d05473e,19f04ae9-e31f-465c-ba54-e8098ecb15ca,8d5b8d81-fa38-4f45-983d-bd4d14e21ff8,medium,0.622,recovered,whatsapp,7731.24,2026-07-08T23:50:51.175565+00:00,2026-07-10T02:50:51.175565+00:00
9ee2124e-5d99-415c-a90d-8649586e146a,952118ed-d819-43ba-9f00-b7b13f7ead30,1d2562b7-eb2e-490f-a0eb-2d25361c129e,high,0.284,recovered,whatsapp,9672.42,2026-07-11T17:51:51.175565+00:00,2026-07-14T06:51:51.175565+00:00
d2f8d9b9-3367-42cb-adec-b179bf3a5686,e9d78e39-c609-4ce2-865b-5d785fc8a980,1a2a7316-37bf-4b5f-b405-2fd54b6db955,low,0.778,recovered,sms,1940.53,2026-07-07T10:58:51.175565+00:00,2026-07-08T00:58:51.175565+00:00
b0f5adb5-03f5-49d1-bb29-1a9b30e208a1,6c0c8159-eb1b-44f0-8f05-9ab8146eec43,d1a64e99-4fbd-4bfd-b3de-36f95113d335,low,0.846,recovered,sms,723.44,2026-06-17T02:00:51.175565+00:00,2026-06-19T13:00:51.175565+00:00
e3c87a2e-e489-4d91-947b-06a6081513dd,2dcac8c9-b3a5-4dfc-b59a-0711cb8c27ed,1c5f869f-12c8-47ce-924a-1976bd5d621f,low,0.693,lost,email,1473.38,2026-06-25T16:09:51.175565+00:00,
24248142-adf3-4111-8b87-c67a73d90347,a90a6f01-4746-4bee-8d78-49fd2890cb0d,29a84c2c-dab6-4bb2-88c7-08deea14732e,medium,0.515,recovered,whatsapp,4064.39,2026-06-13T05:04:51.175565+00:00,2026-06-15T04:04:51.175565+00:00
c20edba0-4a07-4d6c-b936-1b93c653915d,c48e7d81-8c4e-45cb-8a76-43832e4d540f,66024375-4c26-4c36-88f3-8e025bc071da,low,0.88,recovered,sms,1509.35,2026-06-03T16:11:51.175565+00:00,2026-06-05T20:11:51.175565+00:00
4e9aa100-946e-4537-8e1d-6d3bfe2ba019,427821d5-1dcd-45a8-b343-6e4ca60382b6,1a8cd859-1c60-4be0-b9c6-19657aef2efa,low,0.732,recovered,whatsapp,1273.09,2026-06-19T04:20:51.175565+00:00,2026-06-20T04:20:51.175565+00:00
05c8794c-51ff-4d39-87ba-35b2b21c1db3,314e2088-ae73-4953-a75f-98c89d2132dc,72c7a38a-3192-474f-a6be-dc358cfdf915,medium,0.626,contacted,sms,8260.53,2026-08-21T22:03:51.175565+00:00,
19c41d48-bf10-4ffa-9d70-6977285b513f,366346c3-9428-40dc-bb9c-a998362d5392,111b022b-5f06-4fe4-8a6b-abe65d5cc8ff,low,0.893,recovered,whatsapp,2949.57,2026-07-08T04:32:51.175565+00:00,2026-07-10T14:32:51.175565+00:00
2f55209f-8661-4f63-bda8-b5e9645fed50,81ee6637-9c47-41c7-841b-d4fc9bb9577a,25f926e1-f1a8-46f6-ac1b-6f394283e86b,medium,0.645,lost,sms,3815.45,2026-07-08T13:55:51.175565+00:00,
d75512e2-7492-4370-8a6d-16d457a4de8d,3f36c196-ac38-4b06-934b-b93ea853441c,0a773dd5-99d3-4a95-9e26-29252da5054f,medium,0.395,lost,email,597.77,2026-07-20T17:41:51.175565+00:00,
07088b1d-68f2-400b-95da-86028c067ae0,590a8818-991d-42a0-8164-7d7f510a4058,57d91932-0528-4ca6-bb0f-6f34b92849c6,medium,0.418,lost,sms,2012.62,2026-06-22T04:46:51.175565+00:00,
dfe6d8be-f244-45cc-941b-01a4f1c16d37,7b48a799-4d42-4784-9b56-9797d4d1091f,b417b4a8-705b-4eb1-8995-0a05741aab86,low,0.835,recovered,email,6098.74,2026-07-07T08:15:51.175565+00:00,2026-07-07T19:15:51.175565+00:00
6149db94-826d-4a5c-a5f7-b16e26b1fbf1,06959645-1d85-45a1-a05d-93c5b11e547e,bd535198-a662-410c-8392-92b1b1930d9c,high,0.336,lost,voice_call,6658.62,2026-08-08T21:02:51.175565+00:00,
07ccf9c0-dbd0-4e96-91a0-9a659cb8a6ee,80e76a4a-cacf-4c6f-ac3a-fa78bfb76bb0,5ee69d01-3a52-44b0-b7ab-8312d8aded97,low,0.793,recovered,whatsapp,2467.54,2026-08-18T11:00:51.175565+00:00,2026-08-18T19:00:51.175565+00:00
60698371-5c43-4090-aef0-17010fea4558,2393168d-14d4-4b75-80c5-743dd0b2bd5d,c4853a21-833c-4946-9f50-c5454a6ccd98,low,0.708,recovered,whatsapp,4534.63,2026-06-28T09:31:51.175565+00:00,2026-06-28T21:31:51.175565+00:00
4b8d9e5e-2ae1-4690-b882-e17c6e339274,20ca7ef2-e7c1-4fb1-9ddb-5e02372e2943,696a7043-c17e-4653-8932-686471f43f83,medium,0.563,lost,voice_call,4021.61,2026-08-05T12:25:51.175565+00:00,
11e87d3e-d7bc-41e6-970c-5316334f0707,fdda338d-a20f-4745-a3a3-bf8950e7f2f9,e3c8231a-35cc-45ca-b77b-d42a3c690700,low,0.655,recovered,sms,8143.07,2026-07-23T14:55:51.175565+00:00,2026-07-24T07:55:51.175565+00:00
515f51ae-534a-48a7-9adc-598050f4b766,383090c9-95d0-495d-808a-0b8809dfd637,e6201ab7-e4dd-4412-97ce-c8a206538494,medium,0.632,recovered,whatsapp,11442.12,2026-07-10T01:39:51.175565+00:00,2026-07-12T22:39:51.175565+00:00
47221fe3-3c14-4eea-b1bc-4925637e72b5,8ad16b1f-9387-4562-9329-de176a20a8b8,0154dd02-807a-4b1e-aeee-0a1b5b0971c9,high,0.304,lost,whatsapp,5335.82,2026-08-11T16:55:51.175565+00:00,
a89da236-f62d-4acf-b689-4da487dd767e,51f9490d-66a2-4417-ac72-a751b2b58b03,f5efd8e4-b55b-40c9-9e1c-f2ffd153182f,low,0.925,recovered,email,2024.51,2026-06-29T22:56:51.175565+00:00,2026-07-01T00:56:51.175565+00:00
05b82d3e-f2db-4eab-9a47-d269da919168,af9d1e82-776d-4239-8a0b-5aa66254e623,d1a5a0ea-2bf3-4b21-b140-bbdc1252d0d0,low,0.707,recovered,whatsapp,4410.35,2026-05-29T09:29:51.175565+00:00,2026-05-29T19:29:51.175565+00:00
40404af5-7887-45bb-9d7a-b98da16147cf,32768204-fbc7-4d45-abac-15f538482403,24f285c5-8869-481a-8ee5-0caadfebf648,low,0.863,recovered,email,1687.61,2026-07-07T13:30:51.175565+00:00,2026-07-07T19:30:51.175565+00:00
676a64bf-703e-4527-a8aa-41f2abc59d99,a36ec11f-b2d1-4c0b-b4c4-c54701876cbe,b338952c-ad96-4861-81e3-dbf60d2e324c,low,0.809,recovered,email,1403.76,2026-07-25T08:23:51.175565+00:00,2026-07-26T03:23:51.175565+00:00
4d4404b4-a8c1-455a-a67b-3c2fd19b15b5,82d3d499-cf8c-4ca1-8761-bc6629ca8540,5e2b1c9c-c04a-4f28-a071-b964889062d0,low,0.714,lost,sms,1315.0,2026-07-14T21:13:51.175565+00:00,
05555275-9fea-4cbd-8b38-ff742600307c,cd6835d0-bae1-421e-a2b6-cd7cf75d6221,4d72aad8-a2b8-41b6-8d5f-7d2594aa9dbb,low,0.839,recovered,email,8871.46,2026-07-28T00:05:51.175565+00:00,2026-07-31T00:05:51.175565+00:00
ae67d34c-63ea-45d1-ab53-a01038266abc,99aa01d1-48df-43a4-b94d-f26fde1d3663,a6b4ce5a-e15c-4fdc-9a7a-0e655514bb62,medium,0.642,lost,whatsapp,2816.61,2026-07-01T09:40:51.175565+00:00,
9fd60fb9-b5b7-4ea5-8be3-8f09c30ad0b3,da9ef5d5-48a1-476d-bbff-6c16ebf4f1d3,5bde73f2-dd33-42e9-863d-823a78f1c9bf,medium,0.594,recovered,email,1200.57,2026-06-14T13:27:51.175565+00:00,2026-06-16T13:27:51.175565+00:00
651be287-be16-4cf2-b620-ad22b5fb623b,1a489dfb-9c0f-4820-a2f3-69d1c3dcb857,50860c7d-0298-4000-8e8a-e74cb371b7e3,low,0.791,recovered,email,3581.48,2026-06-05T16:48:51.175565+00:00,2026-06-08T01:48:51.175565+00:00
c4340018-5a60-48b4-8e65-e8db046ecf56,7c61f33c-5c51-48bc-9022-333b23227323,bd496a6f-02e2-41b8-92c5-2c8fa340c7ea,low,0.709,recovered,sms,499.0,2026-06-26T01:11:51.175565+00:00,2026-06-27T11:11:51.175565+00:00
e69b1b0f-1b55-4966-aa8a-56aeae51224b,b8d4a9c1-ee25-4c99-b542-be54077a49aa,446afe63-5884-4697-b008-797863f3fe4b,medium,0.384,lost,email,5241.44,2026-07-06T10:02:51.175565+00:00,
b306d195-b12a-42e5-9ae8-c213e2eb62e0,b66bf002-7623-4c75-8f29-d4e1251f1eb7,2206e034-48af-44aa-85b8-6b5ee097ebc4,high,0.087,contacted,whatsapp,22269.82,2026-08-21T20:39:51.175565+00:00,
ba3b84bb-a6c2-47db-a10b-72220cd0e977,e37a336c-d560-4d55-bc68-2eada1e50368,16568f1d-9641-4399-9562-acdb25cb00d1,medium,0.425,lost,whatsapp,10782.96,2026-07-02T10:11:51.175565+00:00,
83aa8c41-07ad-48bc-bdc2-a93489c93404,076b8a88-7957-4f51-b839-8df02fa66d3b,1f2bbedf-dd04-4161-b5b9-651d455a49c6,medium,0.498,recovered,email,4096.23,2026-08-07T00:39:51.175565+00:00,2026-08-09T22:39:51.175565+00:00
1c81ab8b-9c02-482d-8766-3cce09ea3a59,f9b60644-f1fe-4e6d-805d-ae5f3dc8b931,a51ad28a-45ee-47ae-942c-63f6ea013edd,medium,0.57,lost,email,1482.69,2026-06-08T03:42:51.175565+00:00,
c2f93593-7706-45b3-9f11-6b998be05c04,ed7201fc-32ee-4b35-a05f-a88621a27f7c,37f5df4f-54de-4f6a-ac3a-144c32c3dc1d,low,0.673,lost,email,2196.33,2026-05-29T13:54:51.175565+00:00,
2889ffee-a391-436f-b461-37b842ed8ed6,54ebdba3-bd34-44d5-8fce-3e9d1c89c3c9,bca01126-c1dc-4167-ab52-25e9f72e034e,medium,0.556,recovered,sms,5652.22,2026-07-01T17:30:51.175565+00:00,2026-07-02T17:30:51.175565+00:00
0a528900-2076-472a-ab43-d11914103082,ae826600-764a-4fd9-8288-09b7e185be8d,627bef02-faa3-4744-a0f6-36cd95085718,low,0.66,recovered,voice_call,4688.51,2026-06-15T21:38:51.175565+00:00,2026-06-18T10:38:51.175565+00:00
53d69304-e998-4506-8b65-af004e2af55e,42104513-2b09-4373-a265-08094fdcd4a5,1cc33618-beb5-41e9-8cb0-7e91c1b5d3a3,low,0.792,recovered,email,2469.91,2026-07-15T20:19:51.175565+00:00,2026-07-17T19:19:51.175565+00:00
aee37406-141c-4e98-bcbc-2cda17695fe8,6281bdbb-b67e-4635-8406-7435269f25e5,51d16f43-3ea7-4804-b3d9-7e627b6d7d63,low,0.804,recovered,email,1740.0,2026-08-08T17:53:51.175565+00:00,2026-08-11T11:53:51.175565+00:00
8ac7b15f-8cfa-4f5a-8cfb-37e67509450e,5c2f0b7e-9ef1-45a1-9295-be8987b20464,0f06d092-b263-42c4-b335-2a86af6bf5a8,low,0.792,recovered,whatsapp,10372.64,2026-06-02T00:12:51.175565+00:00,2026-06-04T08:12:51.175565+00:00
c0e3e4a6-def6-4299-841c-950a45fbae59,f55052af-1849-4056-beb0-a41bc6b58fdf,742d8665-494f-40d5-8c15-c1db6b391065,medium,0.642,recovered,whatsapp,1863.44,2026-06-19T07:25:51.175565+00:00,2026-06-22T05:25:51.175565+00:00
75c5b10e-e5e0-4b41-8025-2587443c8b48,643ac216-aa22-4100-9b41-8a5f12abbc0c,3f4c9f1d-f68b-46d6-b45f-524f8c23aefa,low,0.681,recovered,email,1708.0,2026-06-01T12:54:51.175565+00:00,2026-06-01T23:54:51.175565+00:00
8969b8ef-3c2d-45bd-ae3e-850b7b5a2768,cea02cd4-f7b3-4224-b818-dc9cff841709,0ada133f-9d08-4e94-8211-6c6e56f9be04,low,0.725,recovered,voice_call,499.0,2026-06-23T01:31:51.175565+00:00,2026-06-23T11:31:51.175565+00:00
cc2929f8-5a0a-4bce-a84a-998306cf57a6,4cff6622-9483-47a1-90c2-5e306304742b,9191fd93-aa92-43b0-8945-7b67a8bc8017,medium,0.597,lost,whatsapp,9448.2,2026-07-03T08:57:51.175565+00:00,
c4943ce2-167d-4234-bdaa-8e7ea3ff64b4,8cae464b-b4dc-4c5b-901a-0563dc99197b,8403e991-8f19-4969-b79d-c157c04ee30f,low,0.798,recovered,whatsapp,2526.85,2026-08-17T08:39:51.175565+00:00,2026-08-19T21:39:51.175565+00:00
4bef3e95-a2f0-4a23-b196-c2070e2e2448,c2a4fcf2-606c-403f-bdb8-9d8c47693007,bcda0814-efe8-4c8e-844b-2e05848640f4,low,0.777,recovered,whatsapp,708.4,2026-06-27T11:20:51.175565+00:00,2026-06-28T22:20:51.175565+00:00
7eb5cb79-1be9-48b1-8205-595b6cc7392c,41a066e2-b85f-46d2-8b59-327b726300ae,d4f6a924-6bec-4998-8f8e-0e975b0e1b6b,low,0.674,recovered,email,1182.43,2026-06-25T20:03:51.175565+00:00,2026-06-27T17:03:51.175565+00:00
37e00fc5-315f-4c25-a30a-08253515a7ab,c6954d46-8380-424c-9ad6-edbd8c894f77,0dd18d0c-3be8-4f42-ab4c-29b566adbb76,high,0.215,lost,whatsapp,15459.78,2026-07-26T08:17:51.175565+00:00,
ebfe41f7-a643-47c2-b7ea-e43c627f9cea,6a6d0358-5e9f-4906-9cee-4f1e25c68044,37f6d3af-ef43-4570-bf2b-3a47acb35559,high,0.269,lost,voice_call,7962.58,2026-06-23T01:55:51.175565+00:00,
f0a68937-a5c1-4a2b-b30b-b9cbbc420d97,704ab237-b506-45ad-91a6-b8519a7d458f,3bbb89f6-e3b2-4719-b244-9fff5c54beb2,high,0.18,lost,whatsapp,6927.45,2026-06-05T01:16:51.175565+00:00,
1e78c5b7-b599-4863-a40f-06dcefc7d96f,8cae464b-b4dc-4c5b-901a-0563dc99197b,4107b904-cb36-4544-827c-589d13e7fb6e,low,0.701,recovered,email,7398.58,2026-06-05T07:47:51.175565+00:00,2026-06-07T21:47:51.175565+00:00
48eb4156-b37f-49b7-9ce6-00dd4766536e,b3f3f173-0314-4a06-9a92-cafc67b59e74,4fffde5a-d4e1-43a4-9d67-0e85af21c585,medium,0.568,lost,email,2722.51,2026-07-13T01:50:51.175565+00:00,
9c25b547-b8e5-418f-ad1e-b9b727c83144,d90ad003-7481-4c34-bc82-2a643f065387,66e5f786-8417-415b-9fb9-c74715c3d269,high,0.319,recovered,voice_call,1313.87,2026-07-17T13:56:51.175565+00:00,2026-07-18T09:56:51.175565+00:00
3cede998-aec1-4707-a66f-a9b428c05fb2,ff2e36c5-5ee3-4fcd-beee-aa8820d61ae0,15557369-42a1-446e-a0cf-d47c7201b9f1,low,0.842,recovered,email,1941.54,2026-06-08T01:28:51.175565+00:00,2026-06-09T05:28:51.175565+00:00
cf857c41-9a6e-4262-8161-464fa6975287,a1edcd86-6dd7-44d7-a16f-048033115d29,a039cac2-d8d1-4f86-9cb3-aa77d47ea659,low,0.81,recovered,sms,6377.14,2026-07-08T07:08:51.175565+00:00,2026-07-11T06:08:51.175565+00:00
b012bb79-7a71-4d3a-b8c0-139f4414b2b8,216e9a59-e1ac-4a10-a43c-e999e7740705,ff518137-defb-4841-ae0d-7dffe4bfdd98,high,0.208,recovered,voice_call,1554.92,2026-05-26T14:45:51.175565+00:00,2026-05-27T10:45:51.175565+00:00
c765d940-50a2-48aa-9f15-4e9091619016,28353789-e7ed-4f93-b8f7-bd3988f3084f,8bdd60ce-0456-4eab-8954-6dfdea4d2888,high,0.33,lost,whatsapp,4597.02,2026-08-12T14:51:51.175565+00:00,
823fd0c6-6f22-44ea-a163-88bcae99acbe,96dca023-60cf-4cfa-83e1-e2a2618fe020,abce4de3-1f42-46b4-b95d-51ade646a61a,low,0.724,recovered,voice_call,3428.63,2026-08-01T05:52:51.175565+00:00,2026-08-02T01:52:51.175565+00:00
9e161bbd-ce2d-4fe6-b617-92a81a2f719f,d21a3ad6-3cfd-4551-bfc8-db568fe46a0e,9f7a4df3-b406-403d-b127-5405680944d1,medium,0.609,recovered,email,1124.52,2026-06-18T04:37:51.175565+00:00,2026-06-20T07:37:51.175565+00:00
e5753950-899a-48d1-af07-03106ea6283b,5e99f1bc-34ea-418f-9f13-268361448cd3,3266b760-8a95-46ef-9a8f-fc6f94e45e02,low,0.688,recovered,email,2142.08,2026-06-28T09:14:51.175565+00:00,2026-06-30T12:14:51.175565+00:00
1276429c-df09-48e0-ab76-8feaef01f83f,00d039d1-a893-4722-9667-27e1155f133a,f5da07e2-944b-4495-8a6d-f05badf619ab,low,0.763,recovered,sms,499.0,2026-06-06T23:27:51.175565+00:00,2026-06-08T16:27:51.175565+00:00
a34361d5-30bb-4af5-875a-33f7be825a78,5de826b1-04b6-496b-ac88-9834b4abe72f,97364566-2083-4ab5-b723-728b82936406,low,0.667,recovered,whatsapp,2602.8,2026-06-01T02:57:51.175565+00:00,2026-06-03T13:57:51.175565+00:00
c77fe1c2-6072-4f23-885f-74cd7114e81e,d5812986-632d-4e7f-8593-b2993d378094,150d0d5c-e47a-491a-842b-bf024c4ddaab,low,0.708,recovered,email,499.0,2026-06-05T10:22:51.175565+00:00,2026-06-06T03:22:51.175565+00:00
31833ac6-ba14-46fe-91d1-f99f264a3b54,7e2dd005-499e-4985-9d80-cf8c96cc2521,8a650ef0-8a5c-4a32-a045-61a6f9b13c9c,medium,0.376,lost,whatsapp,2932.09,2026-05-26T18:02:51.175565+00:00,
fbcb7818-0b7b-4fa2-a6dd-0ed0f067d062,10d500c5-6792-41ef-8d54-b3f860a6c317,1c4d68f8-9a9b-47a8-96e3-c1c3f3522f6e,low,0.669,recovered,email,2792.19,2026-07-28T05:39:51.175565+00:00,2026-07-30T11:39:51.175565+00:00
259e5ce3-ea80-4f38-b370-27860aa31258,80fc7a6f-fc5c-458b-a6a9-9a47911f9107,d6a0ce30-1d5f-4c91-8ca0-b474c88ab144,low,0.778,recovered,whatsapp,7119.13,2026-08-15T10:40:51.175565+00:00,2026-08-16T10:40:51.175565+00:00
12763882-5d6a-451d-b811-9453914f549e,5cf7c2d1-3626-4575-bfc4-1cf8052e6e69,e7283afb-71d2-4103-ad77-b6a80637e002,medium,0.523,lost,email,3485.09,2026-07-02T04:11:51.175565+00:00,
26569624-adb3-4569-a772-0bf43344a959,8fd9bb8a-18b8-4609-bfe1-cdd82085e416,24bff1c1-291f-43e4-b438-de20940f4213,medium,0.631,recovered,email,2670.98,2026-07-29T01:08:51.175565+00:00,2026-07-31T19:08:51.175565+00:00
807f0b61-6806-4b4b-b006-f28771cf8a1b,d416949f-ead2-457f-beba-f4940bc6c6c5,5beba300-3c4a-455c-a5f6-89b62468cdfd,medium,0.526,recovered,voice_call,1779.77,2026-07-21T17:02:51.175565+00:00,2026-07-23T23:02:51.175565+00:00
a4bcbe4e-5278-4673-8122-a87a39ce8594,f3e91707-9ccb-492e-8e50-ff5419b8df14,c9d7d3d2-ab5d-4560-93f6-23cd9d676192,medium,0.488,recovered,email,1783.03,2026-07-02T17:34:51.175565+00:00,2026-07-05T09:34:51.175565+00:00
2ef682eb-08f1-45c8-bc12-285be410710a,9e651a6b-4136-40d0-8883-5ddaac0e6a28,106dddeb-0640-4694-8f01-548e6c958824,medium,0.457,lost,sms,1187.16,2026-05-24T22:57:51.175565+00:00,
f3e8d613-99ae-4fe7-986e-ef527d605c64,030695f7-3fd1-4db8-a73c-65c58f7b4867,a5d213a2-f73d-4f86-a33f-f79ac26f08a1,low,0.814,recovered,whatsapp,4258.9,2026-06-18T02:45:51.175565+00:00,2026-06-19T13:45:51.175565+00:00
81d7a010-6847-41a3-a969-bd802670b560,79ac0dda-9738-4ff9-9f3a-e38c338a91b3,94557a9b-5abd-452d-96c6-aea96bab63cb,high,0.343,recovered,whatsapp,2365.76,2026-08-06T23:34:51.175565+00:00,2026-08-08T19:34:51.175565+00:00
c9dfb92f-d145-4a8a-9bb3-055c14386f9b,a748ee61-49ab-4135-abc7-2c08e412c99e,3ee175d8-c697-4bd7-8c06-9c830f2a7af1,medium,0.429,lost,sms,1510.56,2026-07-31T13:20:51.175565+00:00,
1bbbf7a4-8db6-4a0a-bc30-8a4e6eeedcdb,61b0d77a-c6bb-4832-8030-2e0f2923c680,5d1e9835-434f-4393-b7dd-70105d134f96,low,0.729,recovered,email,1330.55,2026-07-02T01:32:51.175565+00:00,2026-07-04T08:32:51.175565+00:00
bc773be8-82ca-4cbd-a9cb-f964de602768,217cf56d-5d6b-49f9-b2e1-68ec5113c99a,a55f3e55-23f7-48b7-91cb-92a3ad24bac1,high,0.242,recovered,whatsapp,8046.66,2026-07-09T05:27:51.175565+00:00,2026-07-12T02:27:51.175565+00:00
a097c8fb-29e4-4c5c-b4ae-c629a9acbe33,28de25e7-e392-4822-9e31-fe84ff93ffcd,eb7faf0e-0b3e-4e3f-aff2-4f423290f9de,medium,0.578,recovered,whatsapp,4269.28,2026-07-25T09:52:51.175565+00:00,2026-07-27T04:52:51.175565+00:00
e8c10cd7-2a7e-4086-ba0e-c5d291e41370,3a4a480c-8f94-4637-a062-4b5ac79c188a,b625905e-20f4-49fa-b2e0-9a3bd598a625,high,0.106,lost,voice_call,28431.38,2026-05-30T14:41:51.175565+00:00,
8042c6d1-fa7f-4e86-b1eb-b7e73b86c275,2a635642-d076-47a4-a8b6-bebebdd1fbae,09f70ca9-9590-42bf-989b-50a023cb90c2,medium,0.581,recovered,whatsapp,4064.32,2026-07-13T06:12:51.175565+00:00,2026-07-15T12:12:51.175565+00:00
756d258f-5301-47ae-8058-fde768539aeb,7ff1a1e9-e500-4228-8100-9bb241cb5d4a,45d198f1-6d5c-4df0-839b-df184cd2cbdb,low,0.678,recovered,whatsapp,3266.45,2026-05-30T07:13:51.175565+00:00,2026-05-30T13:13:51.175565+00:00
e9d7c8fe-b010-4c8f-93af-3e2aa9294ba1,794950f3-eb48-4978-aa12-7906a2c19e6a,c046d74b-96ef-4d57-b163-d1b4fe530e19,low,0.814,recovered,voice_call,7941.3,2026-07-25T02:15:51.175565+00:00,2026-07-25T09:15:51.175565+00:00
cfa7f66a-78e7-47dc-8d73-4443d8307349,ae004590-097c-4caa-b6a8-35e949bb2294,b457f68a-37c1-4ce7-bcfb-cbd8c503768e,low,0.875,lost,sms,5531.82,2026-07-18T04:28:51.175565+00:00,
5516b267-5583-4ed6-ad85-113346456d7d,cbb65eba-5ee2-4842-8070-cd1aba5ae2c2,d7df03d4-59b0-4205-8210-3722bdae4199,medium,0.637,recovered,whatsapp,3001.16,2026-05-31T18:27:51.175565+00:00,2026-06-03T16:27:51.175565+00:00
fb751e60-54ef-464d-8484-8c57a3d42655,05f7144b-2922-4ee1-9651-35d6d220e2c7,4da9358d-d6d9-4c50-9c82-8eecfd112223,medium,0.398,lost,whatsapp,10308.19,2026-07-24T07:36:51.175565+00:00,
60a19772-db8b-4f13-88f7-efb86e9e539c,e540d796-4f19-4628-9215-e29366a13a24,33e8dda9-9244-41bf-baa0-7e5c9ae513c9,low,0.751,recovered,voice_call,14972.85,2026-07-30T01:49:51.175565+00:00,2026-08-01T15:49:51.175565+00:00
413a7a81-ae36-45fb-a4fd-9ea79e0791df,f554cbd3-6330-4f5e-937b-77b8ae94de20,70eca9b1-ad3f-4f74-b3f3-8bdaf9fb70b3,medium,0.36,recovered,email,3952.43,2026-07-07T09:10:51.175565+00:00,2026-07-08T20:10:51.175565+00:00
8776c1e1-996d-4421-b54d-f290446ec5cb,6ca71532-7755-429b-8896-6c245936d252,25232fee-b6d0-41e1-9fbe-9d295cc820d3,medium,0.434,lost,sms,2852.99,2026-07-30T16:13:51.175565+00:00,
b76b34ec-0c09-4188-b6d7-fe728a3cee4f,acac1f11-0d0e-4518-971e-d464de685698,54b3724b-6d38-42d2-950b-b2e325e456eb,low,0.823,recovered,whatsapp,3397.91,2026-07-11T17:53:51.175565+00:00,2026-07-14T15:53:51.175565+00:00
562f84f0-6e97-48db-881b-248888b3e504,98db2a51-f4d6-49be-8fdb-da6338c7ce6c,4715342c-f34b-48cb-abca-7581c83555bc,low,0.668,recovered,whatsapp,1669.06,2026-06-09T17:54:51.175565+00:00,2026-06-10T23:54:51.175565+00:00
f5c7de92-649d-492e-9d49-40c4fa084d13,2fa3618f-8221-449f-a5cd-e1aee3cf95bf,a5d9bb1a-d1b2-4b20-a742-d44cd63d50a8,medium,0.45,lost,email,4481.21,2026-07-04T13:33:51.175565+00:00,
b578d462-9685-4a93-aa8e-e9a349ea0e22,c42b1e20-76dd-4c9d-85a8-a4b95db6f40f,88d83464-7a10-4cfa-b7db-7ef2297ad8a5,low,0.792,recovered,email,2137.58,2026-06-07T16:52:51.175565+00:00,2026-06-08T02:52:51.175565+00:00
179b3e71-f22f-4d41-b400-b72629ffd606,8e1300aa-872e-4e5b-bdca-c87e878d719e,da60c4fb-e99e-4552-a172-ed5969a0d509,medium,0.38,lost,voice_call,10039.59,2026-08-06T13:06:51.175565+00:00,
4d29f956-9757-4b37-8155-6a64bd00d23b,25fc60dd-e473-48de-a2b5-3c1bcc9fe655,ee67d367-7153-45a7-862b-8432b8195e86,low,0.933,recovered,whatsapp,844.46,2026-07-12T16:26:51.175565+00:00,2026-07-13T17:26:51.175565+00:00
06ae13bb-cfac-484c-99b4-5a1e9cca6045,861fe159-1ffe-48f3-8d58-d0926972221f,e0fc2bf3-7e84-48b2-ac62-3d24090641fa,medium,0.609,lost,email,1496.84,2026-07-30T23:49:51.175565+00:00,
c7557169-6193-41fc-bcd0-c5dd820ba4bd,647101ef-1334-461e-ab96-3bfa2fdbfcf0,7d9972ac-7dcf-4265-9e02-67738bb0c4cb,medium,0.489,recovered,whatsapp,9218.34,2026-05-28T18:29:51.175565+00:00,2026-05-29T12:29:51.175565+00:00
dcb63c9c-5d15-4409-9a27-67cb8edd122d,95f6716d-3e9a-4c59-becf-3a2dda39dd13,7ce31166-7da1-46e3-bf21-4b5e982c6f50,medium,0.518,lost,whatsapp,499.0,2026-06-30T08:21:51.175565+00:00,
afec30e9-9b89-41ec-b662-823941c27e21,6187e483-95a9-4e23-8f64-e7a9552b8609,a55b5809-fe92-4156-804a-d2793a416e6f,low,0.726,lost,email,1561.24,2026-06-20T13:53:51.175565+00:00,
a89baee2-9833-4160-a931-c5fada31fbd0,90c846b0-da92-45af-ae06-a9d0166dd7a5,15770a40-e181-4665-8b27-ca12df8eec5a,low,0.836,recovered,whatsapp,2567.76,2026-08-11T19:26:51.175565+00:00,2026-08-14T01:26:51.175565+00:00
e6c0ac55-0fb7-4465-b2d2-994bac8e8d11,023813d2-e64c-4e57-a4aa-8cdbd0d4448e,165bd6be-9b74-484e-b3c2-23059d7f5c29,medium,0.45,lost,email,2892.38,2026-08-10T23:40:51.175565+00:00,
43367d01-d6b4-4d46-9460-04d27595d453,49bdaa10-0a48-40af-95a1-c31e36708015,0958b631-4402-411b-b60c-0c327dc3d063,medium,0.425,lost,voice_call,2148.56,2026-08-19T11:25:51.175565+00:00,
fd3dbba7-9920-4ad0-9267-96154fcbd7cf,7757d8a6-807c-42a0-9e3b-7216e05e3a31,879ab432-df38-4fe3-ac81-2d2b63735aad,low,0.818,recovered,email,1317.84,2026-06-17T04:22:51.175565+00:00,2026-06-17T13:22:51.175565+00:00
883bd28c-d588-4f4b-a0e4-a04be2621ca3,0a1d3745-b69e-465c-833a-d25209f505ee,6d53203e-41cd-47c8-9dde-f29211e03059,medium,0.62,recovered,whatsapp,2477.86,2026-08-12T07:03:51.175565+00:00,2026-08-12T12:03:51.175565+00:00
b90f609c-e31a-4cda-8f72-e683d51a8055,3add5289-a38c-4fed-81a7-558ea7c28b09,7589f1a1-e1c5-4e4c-96e6-e76d8d89bb55,high,0.322,lost,voice_call,11971.44,2026-07-29T14:32:51.175565+00:00,
48de7074-8acd-40e6-924f-f06ba9fb772f,462b79a8-9434-4109-9c1a-984e21cac9ff,6f86fd64-71c4-4d17-8e62-881ed6d983a2,medium,0.448,lost,whatsapp,979.97,2026-06-16T03:24:51.175565+00:00,
a49b0c7c-5ee6-444d-b29f-aa34a97e5512,05b09986-a93a-4759-adb7-8b42f6782631,ac8cd2e0-3636-4bde-8981-f256a1425980,medium,0.571,lost,sms,4956.93,2026-06-05T03:19:51.175565+00:00,
47dd6d20-bd74-4242-9a42-f25e1016e418,e38fcb5b-d812-4175-ac23-279b5428696e,86388ce5-57cd-444f-9c63-fc4f669eb250,medium,0.367,recovered,email,3683.39,2026-06-12T05:26:51.175565+00:00,2026-06-13T14:26:51.175565+00:00
f93772ae-c489-4ef9-98b0-bd12cb48b12f,acb984ff-29cd-4907-867c-41b19ff871a1,c1380697-be3c-4198-a6ea-45506b0ff376,high,0.326,recovered,voice_call,2183.1,2026-06-17T14:43:51.175565+00:00,2026-06-20T07:43:51.175565+00:00
f1aeac8f-9803-4049-a48d-53cd6068986c,a999f864-c62a-4f07-bdfd-48abd3c41164,33852a0f-d369-4714-8f26-fed23b4ce64c,medium,0.629,lost,whatsapp,1825.42,2026-07-17T17:39:51.175565+00:00,
b1904959-163a-4058-931b-84d0a008848a,2e2ef079-7853-4bb1-aaf6-15a95044746f,a1a612c5-6e53-43e8-b518-e49494e04474,low,0.738,recovered,email,2534.46,2026-06-10T05:09:51.175565+00:00,2026-06-13T00:09:51.175565+00:00
1df19ab9-89fc-4896-bd67-06810340e592,351c0c7d-b4bb-4271-a037-159f08f3110f,054d1dee-f079-41e4-a371-2b5f1c14c32f,low,0.853,recovered,email,2057.02,2026-08-08T16:59:51.175565+00:00,2026-08-11T00:59:51.175565+00:00
3e851075-005c-46a5-a2f6-f447511e04bd,65e4ebcd-4f26-46d9-baf9-b4c470a8b95e,0127915b-aef0-4bac-b4e6-d5cd36c0d5df,low,0.691,recovered,whatsapp,7907.31,2026-06-25T13:35:51.175565+00:00,2026-06-26T18:35:51.175565+00:00
7a0b094f-0ceb-4e9f-8c5a-4631d416be7b,a847ceaf-41cf-418c-9e14-020494d28cff,76bef7f0-42e7-45d8-8072-fc7e3972e9c3,low,0.829,recovered,whatsapp,1389.12,2026-07-05T05:12:51.175565+00:00,2026-07-06T17:12:51.175565+00:00
5ec60e21-3b43-4006-8a98-4f971fd84c09,336bf7e6-7c57-46a3-87b6-160ea7f1e15d,0b9cc7c8-386b-40a6-b84d-f621bb887e61,medium,0.648,recovered,voice_call,1144.64,2026-08-12T04:12:51.175565+00:00,2026-08-13T19:12:51.175565+00:00
5ca26f8f-e5ce-45fb-b55e-b9445b039637,603f8ced-7b15-4086-b199-d58705b62ca7,d7e199e4-033f-44b2-a87f-679a7dff7b1e,low,0.792,recovered,whatsapp,1119.83,2026-06-12T00:18:51.175565+00:00,2026-06-13T21:18:51.175565+00:00
5eb0b253-d79e-4f1f-94de-224739a5a503,46c488a1-ec3e-4f8f-9a0e-cce56503eede,f26464ea-0cf0-4308-a27d-8bb83f41056a,low,0.834,recovered,whatsapp,3181.46,2026-08-14T10:10:51.175565+00:00,2026-08-16T12:10:51.175565+00:00
1601b260-ff5d-44c4-9193-719e20496bff,720e7db5-c483-45c1-a40c-d873664cab6c,eba80684-2f2d-4a80-ae11-6c47be8ef764,medium,0.535,lost,email,2066.86,2026-05-26T02:27:51.175565+00:00,
54ce5a00-af4d-493c-a482-ba1447bc092d,fadb3a37-55c2-4d9d-9263-ba17385500f3,e6923046-b6b5-46e0-8562-95452dc6029e,medium,0.415,recovered,whatsapp,6233.53,2026-07-02T15:39:51.175565+00:00,2026-07-04T10:39:51.175565+00:00
b63e2d43-ecb3-45e3-9c34-dadbaceca4c2,3fad39bd-ed85-40de-ab21-e3a4931ff0be,c24569ca-c1fc-4c85-9723-44d3eb54b5ff,low,0.651,recovered,whatsapp,4371.3,2026-05-26T21:19:51.175565+00:00,2026-05-28T14:19:51.175565+00:00
90457742-b166-4541-93a5-1ad26c245c4f,5ec63bdf-b60a-46b2-a0af-e5ea133f525d,1c213987-2c02-4b79-8c1d-fe7991b16932,medium,0.632,recovered,email,6492.74,2026-07-11T21:47:51.175565+00:00,2026-07-12T06:47:51.175565+00:00
eb1519a8-2726-4400-a311-b9c85f9aab5c,e7636283-b06c-46c1-b04a-4e824bb9b1a7,2d475355-98d0-44c5-b9bf-c93925a21ed4,low,0.754,lost,email,1458.8,2026-06-05T18:59:51.175565+00:00,
3a243c38-bb23-4b34-b0fb-fae44ae6de0c,6ece12c3-3139-4fa2-a48b-a020aa9993a6,dff5a474-d230-49c5-b2c7-a4fa0fd45ef4,low,0.843,recovered,sms,1229.4,2026-07-26T12:33:51.175565+00:00,2026-07-29T12:33:51.175565+00:00
996e6c1d-f8d7-470d-bb42-7e01d28a1193,1bdeee5e-7f10-4043-b848-ad637165f3ea,28b681b5-4ff7-46ea-879e-783e75fa042a,low,0.698,recovered,whatsapp,1912.06,2026-08-11T11:43:51.175565+00:00,2026-08-11T22:43:51.175565+00:00
7db499cd-a9bc-4299-8607-891090e54e9f,fc545aa1-012e-4170-ad1b-ddd456198250,c37fecf7-f6ac-402b-a15d-1dbd36d06b2e,medium,0.622,recovered,email,12930.71,2026-06-01T15:46:51.175565+00:00,2026-06-03T05:46:51.175565+00:00
85bad5a0-c722-46c0-83ff-2bdb8460b565,b7232322-ad52-4486-8930-4b4d7a71e916,24f1b426-dcac-4d5e-ab28-2cb3a4469969,low,0.799,lost,email,2847.64,2026-06-01T00:44:51.175565+00:00,
91ee535d-693a-47c3-b80d-d6e94120ccf1,a4c47980-252b-4aec-80b8-8263ceadd6b0,f17ff0b6-3d5a-495f-8c35-700e7532ad18,medium,0.636,lost,email,861.0,2026-08-04T08:10:51.175565+00:00,
51c0de3f-1214-4088-9090-d3ee40b6c388,594655a1-5de6-41d2-a128-b9469aa50c5c,fcaa30b1-9fbc-407b-9b0e-898e37a4d847,low,0.765,lost,whatsapp,1581.41,2026-07-19T10:53:51.175565+00:00,
fdc63bb9-b002-439e-acf2-9b60eff2d3a0,cd00e6c9-5f38-409b-ac94-09ba13fff08a,9487045a-8da0-42db-8ef1-cf423118c0da,low,0.651,recovered,email,5982.12,2026-08-01T19:19:51.175565+00:00,2026-08-03T05:19:51.175565+00:00
fc31496e-78fd-4b1b-b9ca-e8206b9ec7aa,8922bca4-a32a-4a5c-b614-6889d9222fbf,5900eeb2-3002-443b-ab13-cbc38f8ebfcb,medium,0.583,lost,email,7759.99,2026-08-19T14:21:51.175565+00:00,
6873710c-92da-48bb-87ef-c667faf8e29a,7b6f2dc1-1034-4fe2-855e-03b0434ed171,c7390dc1-1628-44bc-8fe5-5090f3402f62,low,0.831,recovered,sms,499.0,2026-07-10T21:00:51.175565+00:00,2026-07-12T09:00:51.175565+00:00
aa231f37-eea4-4eed-bda5-643c0d13c34a,da0d678b-85c5-4e2e-be46-9dea13f6da78,2c45052d-9e1a-42e6-8009-acf0bccc2343,low,0.714,lost,email,614.49,2026-07-14T08:35:51.175565+00:00,
254d7fda-7428-4fe7-8fa0-7052d0e8e409,ff06a557-01dc-4da8-ab25-a6c2cc388688,a2f19dba-ad1a-46af-8cae-984bee5bf9ed,medium,0.643,recovered,sms,2574.18,2026-08-15T07:44:51.175565+00:00,2026-08-16T14:44:51.175565+00:00
a487f7dc-f4c8-47de-b9e8-cefdc3a6ad84,769da6d1-09e0-40d4-b5a7-73ac160572ce,39e1f0bb-7e31-479e-9768-1b976bbbd4ef,medium,0.514,lost,sms,1807.47,2026-08-14T22:52:51.175565+00:00,
e81f5c87-6f62-4303-a1a3-078897d57ad0,5389f7ee-751e-411b-88e1-62e274899647,dd954690-d8da-4e53-a7e2-2b2c728b4510,low,0.812,link_opened,sms,2600.81,2026-08-23T01:38:51.175565+00:00,
d50a38f8-157c-4eb3-a727-3e4740df3bba,0fc2d971-f131-43fd-96e0-2e4df7f93242,8d59e958-2184-4b23-9881-2341a8cd5be1,low,0.932,recovered,sms,499.0,2026-07-05T19:55:51.175565+00:00,2026-07-06T18:55:51.175565+00:00
8a28cef3-b4a6-4f91-aa32-056e02bd6a92,ba4792e7-dcd2-466c-8675-596c4611269a,157c1683-ce07-48bc-b800-ee189a9f8ab0,medium,0.542,lost,whatsapp,816.09,2026-07-24T01:12:51.175565+00:00,
c869991a-da64-455a-8837-de992e3d1033,ce1f1406-7128-418d-8f12-c693da6bda0c,a5aeeead-1567-4dc2-881d-14a6d64449c2,low,0.786,lost,email,1380.38,2026-08-15T13:00:51.175565+00:00,
fabef6a2-3241-4d92-91c6-d78d618ddf64,8f8c27af-6e20-4060-a6ba-159da46dc98d,6197291a-8b15-4180-bd47-51791cdff016,low,0.77,recovered,email,6684.47,2026-05-26T13:19:51.175565+00:00,2026-05-27T19:19:51.175565+00:00
330a38de-2ef1-44f6-ada4-fca060a1e060,d4392b76-58e0-48a0-8b5b-b2c50524f14c,e598f6f8-24ea-4f3e-b863-eb78dcc2a1d6,low,0.859,recovered,sms,3148.52,2026-07-07T19:02:51.175565+00:00,2026-07-10T13:02:51.175565+00:00
92c5ee17-7c99-467c-80ed-fe9f99de74a4,f1c41ddc-8eb1-4a1c-8c8a-baa9a13a2274,0450908b-8e37-4045-9e4c-0bf076ab5234,low,0.791,recovered,email,4008.74,2026-07-13T13:11:51.175565+00:00,2026-07-16T03:11:51.175565+00:00
ecc7ebf1-8cdf-42e1-b011-1b25ecc48892,3dd1c486-c734-44fb-aed4-2bf4f1238d70,ccfe017c-82ad-4585-9720-e725f808091b,medium,0.622,recovered,sms,4059.33,2026-06-01T00:15:51.175565+00:00,2026-06-03T10:15:51.175565+00:00
f9de6870-d7df-4e10-9037-a5c1d4d7a746,6956ea48-028c-427a-96e1-8c20e7f45a23,334f8e4f-b9ca-4573-b90e-a4631cfb3be5,low,0.92,lost,email,6852.61,2026-08-05T14:55:51.175565+00:00,
91ffe8eb-7d5c-41c8-b3ee-aebe6247cba0,621c5836-450a-451f-a92d-1c2daf7280b2,3f9f14dc-b8f4-424a-a7fe-b66b623c73cf,medium,0.474,recovered,whatsapp,1058.95,2026-08-15T21:06:51.175565+00:00,2026-08-18T16:06:51.175565+00:00
2cde8df1-c239-4b70-82a3-f8f01b7a56c6,4a5982fd-1150-425a-b6cd-f94ef5954a63,26e393e4-91f2-4e0d-a059-b8ee07f224ef,low,0.752,recovered,sms,3537.62,2026-07-19T13:08:51.175565+00:00,2026-07-22T04:08:51.175565+00:00
c59b2d41-ac37-4fb2-ab90-47c3cce0616f,bc6331ba-2524-4610-a3c2-99612e79f118,4a81fbe8-9145-4c00-962a-7f3661c351fb,medium,0.551,lost,whatsapp,4712.17,2026-07-25T19:44:51.175565+00:00,
aabba31a-fe13-4715-aaa5-d4ffb71338c0,bf8f9a10-9cc0-4106-90d6-943dd119bef6,e92e94b5-5666-4814-94de-be9f799ff0c9,low,0.863,recovered,email,5226.99,2026-05-27T00:04:51.175565+00:00,2026-05-28T11:04:51.175565+00:00
626c3dbc-4a5e-49aa-84d8-8a719e08fed7,910480ad-b3cf-44ad-a628-cc18843d8a59,48aab735-51af-47d6-98d8-038aa34c1311,high,0.228,lost,voice_call,3631.41,2026-06-07T10:10:51.175565+00:00,
a9089d20-4876-4933-b8ef-90e969a36cc9,72fa7273-12f0-40d2-84d4-bb4614c673b8,c2e125ca-059e-49ad-b3a5-b632f502fa7e,low,0.81,recovered,email,3213.69,2026-07-15T07:51:51.175565+00:00,2026-07-17T23:51:51.175565+00:00
94b23b7f-e3d2-481f-a22d-e3b314987a5e,7ae87610-01ca-4c62-93c5-a2d722631f9e,740c8600-dad9-44c8-b477-b47756f3f3b0,medium,0.551,recovered,whatsapp,2935.24,2026-07-14T01:07:51.175565+00:00,2026-07-16T07:07:51.175565+00:00
44c50ded-456d-45b3-809b-08ffb46fb3ad,9a03c8fb-ec63-4080-8321-06b78e0294d9,7d0d9547-a077-4149-a844-e90d49707621,low,0.745,pending,email,1632.48,2026-08-22T13:19:51.175565+00:00,
30b9a6d3-7d1e-406b-9406-886f09f9e26b,a797cdba-d9f8-4bc9-990e-ab9151aaad0b,273b656b-a39f-4aaa-9f78-5df5850e975d,low,0.775,recovered,email,1675.19,2026-07-10T10:10:51.175565+00:00,2026-07-10T17:10:51.175565+00:00
191f9f05-3e3c-492f-a3e7-44b5280d5687,f509fcce-82c9-4144-ac1a-ec959f70b6cb,df8d3379-bb17-40fd-b711-5564f8162007,medium,0.599,lost,email,3813.05,2026-07-22T14:09:51.175565+00:00,
72049206-1f4b-4368-8706-34aa2e2c05b6,a0ad4ebb-6eb4-48c7-ba65-3e7ef779ba8a,31132e17-94f9-42bc-8f1d-f6d6e2cbf9db,medium,0.645,lost,sms,4846.47,2026-06-21T03:58:51.175565+00:00,
a03b851d-7b5c-47c9-8ae8-f37a75ab51e4,4d1c3b11-09ee-4bc1-8595-d0ab3517a0a8,ee0adc87-cd5c-4d63-87c9-1039cf7e3175,medium,0.445,lost,whatsapp,1821.82,2026-07-29T00:17:51.175565+00:00,
321d2b6e-2e2a-4ff4-be9f-1372ca9b1c12,8d24d5f2-a63a-4fe4-bbd7-25549ee933de,3ec1513a-9cd3-4827-9126-9ab495bffec9,medium,0.53,recovered,whatsapp,7223.89,2026-07-05T23:06:51.175565+00:00,2026-07-07T12:06:51.175565+00:00
77e99abf-e89e-4799-8096-c6aa5c88e0d8,61904336-61a0-4ace-a472-d24e4cc601eb,21b77c2a-d7d6-44cc-abdc-5ab6e7aca19b,medium,0.595,recovered,whatsapp,499.0,2026-07-25T01:06:51.175565+00:00,2026-07-26T12:06:51.175565+00:00
47abe88d-4df7-4920-a5d5-964f0adfac75,26615c8e-1ed4-4564-9d3e-1d41332b0b76,d2ebfcb6-9d30-4f64-8e85-3096c37226fd,low,0.777,recovered,whatsapp,10652.1,2026-08-09T19:37:51.175565+00:00,2026-08-10T17:37:51.175565+00:00
c799001f-776e-4db4-aee2-fb5f37c1465d,d3f9ffbb-ab05-475c-a3ec-306b3fdf92f4,70362d94-9350-4304-9ac6-154aa1bfa155,medium,0.351,lost,email,1245.33,2026-08-08T19:20:51.175565+00:00,
78afca0c-795b-489e-9a85-3b4e0933fa2e,5854cffc-cbe1-4db8-b223-c592cae7a0c8,bcd036d2-98b3-483a-a695-7d04b05911a1,medium,0.5,recovered,voice_call,1684.88,2026-07-28T19:26:51.175565+00:00,2026-07-30T19:26:51.175565+00:00
1cc52083-351f-48d4-818c-b3e90ed6b68d,95b2f37e-972d-4230-8d68-4c17f39ecac1,94331cc8-5ab9-4a50-a95d-f1b8fb1d7f97,medium,0.475,lost,sms,499.0,2026-06-14T18:37:51.175565+00:00,
fa9ffa06-3cc8-4bf0-a9e1-21ad098c5013,050321d7-93fd-4a7e-a889-5ae0cff0902c,93d10198-27b3-4da9-ba3d-efb41d79d168,medium,0.597,recovered,sms,1293.07,2026-05-29T02:05:51.175565+00:00,2026-05-30T08:05:51.175565+00:00
4c983375-dcca-4966-9764-13d1c2e7b4fd,0a1d3745-b69e-465c-833a-d25209f505ee,06ac22a0-d098-43e2-bb7c-6e98b1d6e65e,low,0.723,lost,email,3256.91,2026-06-18T07:00:51.175565+00:00,
5800e4ee-8f11-4b32-a5ab-910818349649,83c7e637-1ec4-456c-ac3e-8cb4e14725b8,e7a32d3a-be5a-48ed-a7d5-4a11275fd8ae,low,0.661,recovered,email,3421.78,2026-06-19T04:35:51.175565+00:00,2026-06-20T04:35:51.175565+00:00
ec0e7678-52e9-46cf-ad71-22f75e10f9ec,5473eb58-c3a9-43eb-baae-17b189919cf3,292feb4b-068c-4abc-888b-272be36a0139,low,0.892,recovered,email,1476.75,2026-08-10T14:30:51.175565+00:00,2026-08-13T12:30:51.175565+00:00
44aa5e49-d664-46bb-ab0f-7bf2a71fb951,a9636703-f412-4551-8f7a-a778168027f8,03071cb8-dec6-4b4c-8b3f-f30dc7d5cf58,medium,0.586,lost,email,8586.54,2026-08-19T13:18:51.175565+00:00,
5fad218b-6fa0-431f-ac42-a0e2352f255f,3027a2da-cc64-4ef1-b6c1-8301f34532af,e952b515-e2e9-4278-b19a-284263cf9ba6,low,0.893,lost,email,1950.65,2026-06-17T11:52:51.175565+00:00,
2e78c5a1-cac3-44aa-95e1-cee5985a78b6,d9e101a8-58a8-49c0-a985-832ba056677b,5ec6530e-3629-4908-86f9-29dc75ae26dc,low,0.692,recovered,email,2701.8,2026-06-05T10:55:51.175565+00:00,2026-06-06T15:55:51.175565+00:00
8d3980ac-dc7f-4f0b-8ac0-f04f1d28702f,b4bdd1a8-7cd2-4c28-8530-94d988c4cf27,f80853b6-ed75-4dfe-be9d-3d47655765b8,high,0.172,lost,voice_call,20410.04,2026-06-22T06:39:51.175565+00:00,
1fa4cab5-6d80-4921-b0aa-5f7bd1b02c00,7a88fc8e-a95f-443f-badf-20e175bdcf0c,b6bb3d8f-b2e4-4ebc-8cf8-f5a9924d61fd,low,0.776,recovered,sms,3413.0,2026-06-17T14:16:51.175565+00:00,2026-06-19T02:16:51.175565+00:00
183bb240-9a95-49a9-b472-b15a2321564f,681911a0-d181-4306-a45f-135e5643cc78,8cc239fa-86cf-487e-a133-494d9c171a88,high,0.327,lost,email,6189.01,2026-08-05T21:29:51.175565+00:00,
e6709634-9f57-42a3-aaae-c9dd4d8c655e,7064f27e-9df5-4849-9c11-41b4c7edf274,761cfe2c-254f-4b5b-ad95-d68700dd29e2,low,0.681,recovered,whatsapp,6386.53,2026-07-06T16:29:51.175565+00:00,2026-07-08T04:29:51.175565+00:00
c40782b8-32f2-4728-b49b-55dcda2699db,83537437-4543-4bfe-959a-3b62452011d8,405ba078-acff-4ada-9607-211000cf72c7,low,0.713,recovered,voice_call,1088.09,2026-07-31T14:12:51.175565+00:00,2026-08-02T22:12:51.175565+00:00
8d03716c-f8e2-4878-b075-2a2c673eb064,27502207-624b-4e88-9d87-949d98a56de7,f9e044ed-66b6-4661-ae59-a4c9abbf9f40,low,0.84,recovered,sms,2006.71,2026-08-19T17:33:51.175565+00:00,2026-08-21T01:33:51.175565+00:00
00d72c4c-d2ec-4bcf-bf7e-e92090f7ddec,12fab7e7-8a05-4e73-a535-a220f97be1fc,8f402b9b-52a0-4ec7-99d0-1ff49da5054d,low,0.889,recovered,email,2383.45,2026-06-09T15:16:51.175565+00:00,2026-06-10T04:16:51.175565+00:00
2276e27f-40d4-4df8-9e4e-e4d2108232a1,89de5d1c-b7fd-4c1a-baf6-b6e1ca7c5706,88eda64b-72d8-4b03-99b7-dbfef15d6c13,low,0.826,recovered,sms,6734.19,2026-08-18T21:54:51.175565+00:00,2026-08-19T22:54:51.175565+00:00
cde914cc-1837-45c5-b723-1d09cfffbce7,4087ff6a-6762-4bc2-bd19-d7933aa271a3,65328523-fd96-4325-9bf7-4bfdc3434119,low,0.681,lost,email,1649.53,2026-08-11T21:00:51.175565+00:00,
d0444cc9-35d5-4e23-bc55-dcd8750f789c,c42b1e20-76dd-4c9d-85a8-a4b95db6f40f,f32d051a-4ec8-4fd0-a928-71dee117213a,medium,0.535,lost,voice_call,15498.26,2026-07-03T01:57:51.175565+00:00,
3b62325d-71c9-49d7-8546-f5028eeef8ec,26acbd8f-cb32-4308-88e3-8d4d7ee5036a,f24ffc78-cadc-4551-9f2e-2409fe2ea99c,low,0.781,recovered,whatsapp,6368.88,2026-07-17T07:41:51.175565+00:00,2026-07-18T03:41:51.175565+00:00
63cfe30a-8053-41aa-a5ba-1f0b5d7f50ab,9eb38237-5f93-41be-975c-bcc850dd2940,ea54c431-c379-4f63-a8c7-d03fdabc9da3,low,0.762,recovered,email,3881.27,2026-07-16T06:29:51.175565+00:00,2026-07-16T14:29:51.175565+00:00
f4c026c6-6a95-4c26-8cba-324616c597ac,6e1f35af-68f9-4a75-983e-dcb3388d6878,d1ddab63-27ca-4337-bf5a-35349d9d4260,low,0.752,recovered,sms,1679.65,2026-07-26T06:40:51.175565+00:00,2026-07-27T06:40:51.175565+00:00
d15c9459-988e-47bf-abe8-9c37c8569605,04b5daaa-fef2-4cfd-b5c9-52ec985bd56b,38602386-409f-4598-823f-05085951047d,low,0.869,recovered,email,754.94,2026-06-12T14:50:51.175565+00:00,2026-06-12T19:50:51.175565+00:00
b2ddacfa-5bee-47fd-9168-6bc0ac674c94,6a2e8311-9229-4ca5-bacd-c73e08ee1562,6a0389be-50ef-4305-a952-5a924a9c0118,medium,0.57,lost,email,499.0,2026-08-01T10:06:51.175565+00:00,
40165b0f-0d34-4373-8ddb-b3908561461a,9449a684-d013-4853-8d59-961e2ca79b24,01bb8b49-401f-44ac-ade1-f0debfcc7b0b,low,0.788,recovered,email,522.36,2026-07-26T06:32:51.175565+00:00,2026-07-27T19:32:51.175565+00:00
3ab1dd2f-b6a4-499e-8a4a-db1838c14f4f,a8d8a34c-5e67-4114-b2bb-3d66520b8b33,90d20f46-86c0-4810-8d76-d772a9705fc4,high,0.254,lost,whatsapp,8848.57,2026-07-29T13:23:51.175565+00:00,
40ce3e50-7ce0-4bcb-a6a7-abc6a9d9eb68,fcad97c3-e281-4543-9b82-e76cab0807d8,cba295b4-7191-4568-a982-40498c81ea68,low,0.859,recovered,voice_call,1600.5,2026-08-12T10:45:51.175565+00:00,2026-08-14T00:45:51.175565+00:00
f4b313a1-38c8-4af3-a57e-c2bf3a4e8529,7879e648-c259-4096-a958-8efb7b1eb035,913f8ad5-991a-4ee4-a0de-78266ca00ae6,low,0.786,recovered,voice_call,2356.95,2026-07-28T17:20:51.175565+00:00,2026-07-31T02:20:51.175565+00:00
2b115d17-65e1-4f42-847f-82d0817c1a86,5f76636e-6263-4230-a888-502d0462bfe9,3c3a1ba1-5694-4b83-90bd-70dc1efac316,low,0.709,recovered,whatsapp,1950.83,2026-08-12T12:31:51.175565+00:00,2026-08-13T09:31:51.175565+00:00
63c6e7cd-5381-4a36-a852-2620267c1b72,797a69ed-1330-4bfa-9cff-6b5970045c8d,2d8e7627-aa84-495b-92cf-fc8770857d79,medium,0.567,recovered,sms,1884.33,2026-08-11T04:55:51.175565+00:00,2026-08-13T11:55:51.175565+00:00
307e5158-4398-44d1-b860-498b6c7b0c78,eea281b1-6a71-4adf-8c3d-8b5e6ea305ea,ba13218f-4f8b-46cb-a147-f4eb8a977cd8,medium,0.537,lost,email,10151.03,2026-06-27T05:24:51.175565+00:00,
a9dfde00-29ff-44d2-80a5-e8df439d8c8a,eef232f4-3583-48bf-ac81-36692003c6b1,b0ae4e19-f93d-4efc-898c-297ab0359375,low,0.688,lost,whatsapp,1580.73,2026-06-04T22:12:51.175565+00:00,
593c8780-03b9-4c9f-aa1a-24f77b732f18,69a1ae0e-7273-4732-8ec6-7b811a613455,81467b65-036c-4320-8494-f1ce7260e5af,low,0.662,recovered,whatsapp,2186.27,2026-06-26T18:47:51.175565+00:00,2026-06-29T10:47:51.175565+00:00
31102f49-0d2e-455e-8ad7-9597c319af66,e7599599-50e8-45b1-a50a-3d637dc74344,3838130a-37fb-4eea-96f6-34a9ad07f640,low,0.764,pending,sms,2316.46,2026-08-20T02:02:51.175565+00:00,
9d82768c-42a9-415e-abae-51a06e6dde31,c55426fe-e93c-4119-b1f2-f9a768fff2a6,db1eaf3c-2d52-4256-8449-691a65a62320,low,0.96,lost,whatsapp,1072.51,2026-08-11T09:20:51.175565+00:00,
d038b11a-19e5-47e1-bc69-aac8adac713d,60a8fe1e-e7da-45a7-a9b0-0e4ef4a1a66f,778261c5-6968-4157-9278-bd2a9cf04045,medium,0.595,recovered,email,3177.69,2026-07-08T09:11:51.175565+00:00,2026-07-10T00:11:51.175565+00:00
247c133f-987a-4429-a676-2211eb280229,3a842669-d753-4074-a34d-daaf2ba14731,fc6c55f5-0a39-4bab-936e-107070aa940c,high,0.348,lost,whatsapp,7937.63,2026-08-18T08:35:51.175565+00:00,
59209156-5638-42f6-bcfb-83d9272776ee,29beacda-d976-4d97-8408-656ca605371b,a4555bbc-e249-4afc-ba03-2e4e8a9b71f5,medium,0.432,lost,sms,9045.15,2026-07-04T21:37:51.175565+00:00,
73551b8b-2d50-4d0d-824e-7750b28e3d42,c8c1a54d-0888-4b02-8110-c806fe890596,e56d30a3-d01b-48c0-9b4c-a44d465a4f93,medium,0.523,recovered,voice_call,1802.47,2026-06-17T02:23:51.175565+00:00,2026-06-19T02:23:51.175565+00:00
ecde51c5-ccec-4658-b9f7-f719b1b558c2,814aed05-3627-4e31-b79a-bc336534a022,539e955e-96e8-4a64-8147-33d68187d1c6,low,0.723,lost,whatsapp,749.15,2026-06-04T12:12:51.175565+00:00,
d0d44f5b-7abe-46bf-b0ed-09485aee1a51,f5895066-def3-4a17-aeb2-ff4e58df70f4,e7366e1b-1aa1-45bf-854e-054c7e2e1422,medium,0.624,recovered,email,700.57,2026-07-06T04:04:51.175565+00:00,2026-07-08T08:04:51.175565+00:00
9e3b5d8f-c982-41c5-86b5-f1cbbdb20aba,c229fd09-a799-4395-a3e4-a66bd712d867,e950feab-4c31-4fac-ab68-8f5c5e92ef36,low,0.669,lost,email,2345.35,2026-06-20T13:47:51.175565+00:00,
a70f4eed-39ef-4fbb-b35e-eecf31ce26d8,552cf72c-3ed2-4cd6-ab11-6072e51f06c0,79193ed6-ae57-4ba8-bf91-bd30301d2a7b,low,0.909,recovered,email,1628.71,2026-06-02T02:01:51.175565+00:00,2026-06-03T13:01:51.175565+00:00
ba00145f-79aa-4582-943e-f5f115201498,eec2a224-f8a3-4678-88f1-c178a4b01b8a,c6f19622-837f-4706-b5d0-0426df2c8f1c,low,0.728,recovered,email,2598.44,2026-06-15T22:36:51.175565+00:00,2026-06-18T15:36:51.175565+00:00
358f416c-df3a-40bc-890b-f4f289d34b4b,063794fe-3809-475d-86b0-63cf5a9833e5,1c797025-b298-4744-b441-9f23c20f736a,medium,0.526,recovered,whatsapp,7824.73,2026-07-25T09:48:51.175565+00:00,2026-07-26T23:48:51.175565+00:00
6729b525-11da-424a-8d61-3b948046371b,f40f0454-8173-41e3-9850-4e8e1af1b441,e055cee0-8f38-4b49-aad6-e85603f4b615,medium,0.397,recovered,whatsapp,2257.54,2026-07-08T02:04:51.175565+00:00,2026-07-11T02:04:51.175565+00:00
b7ef98ff-972b-495b-825f-f5b56e49ded2,fd091d24-ceea-482d-92d9-715126f6f230,f330fc40-02e5-4d68-9031-0f9479441d55,low,0.745,recovered,whatsapp,1585.64,2026-06-15T16:03:51.175565+00:00,2026-06-16T03:03:51.175565+00:00
3d214459-9fa8-43e0-b424-132906cae836,a74c35fe-c36e-4d4d-8fa3-e8eef533549e,80e5bcda-0d15-4d4d-b94d-7df733e46645,medium,0.426,lost,sms,4159.62,2026-05-25T01:39:51.175565+00:00,
58283f94-2397-4b5a-91e8-f7dec98d3c9c,9720b696-b8e5-496b-a0ee-09f71f6f48a4,c2835ad0-579e-4167-80a1-8d4ebe17ec2f,medium,0.56,recovered,sms,709.94,2026-08-13T17:44:51.175565+00:00,2026-08-14T13:44:51.175565+00:00
bac530f2-9cd8-4ed1-b14e-6fa5630de964,0c087ba3-627a-4e2c-b063-0e1c32b773bb,c8501e05-b909-4ba1-a50d-f4d8e9e3c9e5,medium,0.499,recovered,whatsapp,5696.67,2026-07-14T15:43:51.175565+00:00,2026-07-15T23:43:51.175565+00:00
ba206f41-3895-47b7-b0eb-1331be333c91,b744cf88-1543-4ea1-827a-5b931c1e0a97,fa5e6042-5b52-4322-951c-08ff0d132dcc,low,0.743,recovered,whatsapp,2392.67,2026-06-11T03:19:51.175565+00:00,2026-06-13T13:19:51.175565+00:00
991edb83-17cf-41fd-986a-09ba6fe4577d,f9db3434-38aa-40bb-9c75-b281546ee773,68f12c10-4e57-4af0-89e1-bbe91d3134a7,low,0.715,recovered,email,1936.66,2026-06-07T22:03:51.175565+00:00,2026-06-10T08:03:51.175565+00:00
35555af7-8fa1-4c37-a03c-3eda1772e74e,c5de198e-a858-40f3-bdb7-ec097dbe4030,82194488-ef59-4130-a01b-bfb19b3441a0,low,0.695,recovered,email,1331.35,2026-07-22T19:35:51.175565+00:00,2026-07-25T03:35:51.175565+00:00
14d10b7c-09c4-4b46-8d81-6f5f4408c407,426685c6-f5c3-44de-aeff-80d3e40cc14a,c25c6cf8-94dd-426a-a26c-c91e6ab742b8,medium,0.469,recovered,whatsapp,2918.19,2026-08-10T00:15:51.175565+00:00,2026-08-11T18:15:51.175565+00:00
aa6c7863-8f75-46d5-8c3e-3518d5522ab3,06b906b6-4b60-478c-9072-db2da8e5f67f,d5cec460-29b8-4195-806c-c7f0e590be92,medium,0.405,lost,email,3028.1,2026-06-23T13:13:51.175565+00:00,
20772f99-86f0-4a8c-af55-533ce42f7a57,627504e1-0e59-4f6e-a311-3b56b2229f06,d9bfd523-0fc9-43f3-bf8c-9dfb999a5bef,low,0.763,recovered,whatsapp,5688.59,2026-06-06T07:37:51.175565+00:00,2026-06-08T14:37:51.175565+00:00
0ced20e5-1fb3-488b-bf49-1ee3af9d8576,a0ca2e07-571d-452c-9db6-67664ceecdc0,a2d378e8-8219-4be6-9a12-fcd9eb9bc4cf,medium,0.401,lost,sms,1373.87,2026-07-16T09:26:51.175565+00:00,
3171bff7-6918-4df9-96f2-c96a81720f3f,ec4b7998-4286-4000-925b-aed5d326ff1b,f51c5bee-f138-4213-a822-03f1a7a57591,medium,0.506,lost,email,3928.99,2026-08-19T12:44:51.175565+00:00,
de0ba933-58ae-4b5a-b2f9-c4d4f5dc1627,13d0ae37-29bb-4c22-817f-772b6c6ee01f,ae2a0d01-5881-443b-8535-3ff3aebbfbfb,low,0.896,lost,email,499.0,2026-07-05T21:12:51.175565+00:00,
5368660c-b019-4304-9f56-aaac4b194f6b,6d731b5a-40ac-4911-800c-337e8946e526,9a039155-51a5-45f9-b89d-5e6fb99ad49e,low,0.96,recovered,whatsapp,1101.26,2026-08-16T01:30:51.175565+00:00,2026-08-18T19:30:51.175565+00:00
f9fa1fc6-565a-45ec-ada6-753acd2d0a2d,2cad9f14-f298-4da1-b372-bebc0ab12b0c,edf4ab8d-10ef-402e-995b-9dd6b483aa1e,low,0.716,recovered,whatsapp,10776.1,2026-07-29T12:34:51.175565+00:00,2026-08-01T02:34:51.175565+00:00
d452c950-6d8c-47a1-a173-6ce9811511fc,1fa8502c-1b18-4395-864f-4c4bf463b0c5,a403637a-a215-4ed6-87ee-1ee076eb191e,low,0.885,recovered,email,6669.03,2026-05-29T17:21:51.175565+00:00,2026-05-31T12:21:51.175565+00:00
8599c081-d24b-443f-8a71-a9243df9cda5,792c7016-c7b4-4e29-916f-c76db78bb36c,60a33af1-cdb3-4052-bde7-a7b93dc2c8c6,low,0.708,recovered,email,1551.42,2026-06-28T13:20:51.175565+00:00,2026-06-28T23:20:51.175565+00:00
27f7ee97-7f3d-49da-8767-5032eed2230a,579bf10b-e709-47ce-b13a-2285e37310b7,9abc8818-f485-47b5-ac76-ff851abf860f,medium,0.465,lost,sms,6357.82,2026-06-13T23:15:51.175565+00:00,
bdd82f14-7de7-46db-9706-b0ca511d4867,a6411cb5-c7ca-4f64-b098-072c2fcd0d16,2d107923-aae1-4cdd-80fe-6218554da908,low,0.772,recovered,sms,987.47,2026-06-18T04:17:51.175565+00:00,2026-06-18T15:17:51.175565+00:00
6e582f1d-40bf-4386-a91c-c8a2d20e1e6c,1ce71b50-96e1-4195-a73b-0d0cfab808d2,8c7a5616-ffa2-438b-bc68-e61aec772b1a,low,0.903,link_opened,email,5257.27,2026-08-20T13:37:51.175565+00:00,
11a19369-e728-4d6a-8a62-66a540b35952,6a9b94ea-9a5d-462e-8dcc-8d61c25fdc72,f721bba9-1553-4144-aedd-51fcb55921ed,low,0.865,lost,sms,633.54,2026-08-11T11:55:51.175565+00:00,
177f54a2-61d1-41f1-8379-2b588395c0aa,d056dbf9-b242-495e-b63b-22a38ba08deb,b90df7a1-3749-445b-8c69-25a1a7487c5f,low,0.709,recovered,email,5691.74,2026-07-31T23:12:51.175565+00:00,2026-08-03T23:12:51.175565+00:00
de0eb56e-85b2-4af2-9347-32da421b0b48,8996d457-a5d7-4d3e-ae65-038623020821,d1224fb0-23a2-478d-ac60-537f750b7329,low,0.809,recovered,email,3558.23,2026-05-29T08:56:51.175565+00:00,2026-05-29T17:56:51.175565+00:00
722eb30a-d9a7-4049-a3f6-1f9046a56189,3a4784b1-d9d2-42b2-8989-36aa7859a6ed,6837356d-6e8b-4f02-a281-83e32390233b,medium,0.509,recovered,email,2835.85,2026-05-27T16:17:51.175565+00:00,2026-05-28T21:17:51.175565+00:00
f4880d7b-f1f7-469d-ab17-28fe54d63239,8080b7ab-fa7b-42f6-85af-f3532995f145,3222fda2-415b-42cb-8456-76366f43deef,low,0.684,recovered,sms,499.0,2026-07-25T15:33:51.175565+00:00,2026-07-26T19:33:51.175565+00:00
cd4d4cde-aeac-47bf-af1c-a4ee71a210b6,18773769-a173-46f7-88be-21b63bc2ac1d,11460de6-085c-4fa0-87e6-a8528d06cdf2,medium,0.454,recovered,sms,1070.82,2026-07-07T01:24:51.175565+00:00,2026-07-07T18:24:51.175565+00:00
4f11bd60-8c49-45e0-a8e8-96b2fe35314d,09769796-f4cf-42c9-91b2-45ce197a7aba,4a3a52e3-ff4f-49b1-b7a0-82b7747c76dd,medium,0.557,recovered,whatsapp,4849.39,2026-06-18T12:28:51.175565+00:00,2026-06-20T16:28:51.175565+00:00
08927af6-01e8-4cd9-85e2-a79fa16c1bd3,fd11f4ba-b4c7-443c-94a5-3cd749d656ed,e45980ff-377b-4213-ba40-325aae035d8c,low,0.866,recovered,sms,1958.36,2026-08-16T09:47:51.175565+00:00,2026-08-19T02:47:51.175565+00:00
fc4d82a3-922b-418e-8bed-d35dd70fa3bb,189acf60-7f47-49d9-8ada-fae12377d876,de997199-5305-4e01-afbb-664f4c82e6aa,low,0.688,recovered,email,1883.85,2026-07-24T02:57:51.175565+00:00,2026-07-24T23:57:51.175565+00:00
7ea43a3c-2b92-4b5c-a9c3-d4dad3d1a910,ee879135-28b0-463e-a34b-8fa16d5b0ed0,e4cdb137-11d6-41ca-a2f7-674d03ecca30,low,0.894,recovered,sms,1292.14,2026-07-18T08:56:51.175565+00:00,2026-07-20T01:56:51.175565+00:00
dc6305c0-08e3-4de6-b4d7-154903be16ca,6d1dd58c-018e-4a47-a0dc-c7f6302d534d,94c6fafb-7569-4262-8b5d-8c12708ac125,medium,0.623,lost,sms,1888.13,2026-06-29T20:22:51.175565+00:00,
4ddb03c7-48a8-4735-9891-63ede850781c,9d569199-78be-42d4-aeb4-1f5329179281,27704e76-a940-43cb-afd8-6d3313533d27,low,0.678,recovered,sms,1097.95,2026-07-05T16:37:51.175565+00:00,2026-07-07T00:37:51.175565+00:00
521f339f-dad2-4038-9196-02635dba27cc,8730ea58-f8de-45c7-bd89-6f0611e75970,b8d572ba-3253-4ce3-81c3-d79e4d795e3d,medium,0.427,recovered,sms,997.33,2026-07-30T14:52:51.175565+00:00,2026-07-31T19:52:51.175565+00:00
8ef849ea-0fca-4994-94ef-7828ca9d25c3,e97be1f9-ce63-46ad-bdea-5021eafe8f09,5e92c1f0-9849-4725-a922-d5775ad145d9,medium,0.628,recovered,whatsapp,2016.4,2026-08-12T14:20:51.175565+00:00,2026-08-13T08:20:51.175565+00:00
710bf377-eafb-49fe-88d5-a432cc6df8c3,78356f2c-0023-4816-8b7c-b20f25b5a6dc,abed078c-0e30-477e-aac4-960e71dde1c5,high,0.332,lost,email,3406.78,2026-06-24T18:14:51.175565+00:00,
4251f352-921c-4d8c-b4b2-de22cb1572d0,cdc80b74-7dc4-4b79-9c0e-98c2ad7a88a1,0e37983e-29e7-4d84-a166-eddd2a5dae38,low,0.731,recovered,voice_call,1117.16,2026-07-10T19:42:51.175565+00:00,2026-07-11T12:42:51.175565+00:00
7dc8357e-6e13-43cc-b0d5-f13477b3211b,b8ac813b-8cef-47f9-92b1-dcbb5462448d,1d2b181f-fb09-4d96-8e23-57834774bdb3,medium,0.607,lost,sms,9092.9,2026-06-05T11:00:51.175565+00:00,
67cf6558-8d73-45f0-861f-3b882511f946,437d1b69-bcdd-41fc-8fb4-fd180f4059ba,4d609265-2818-4bf4-ae68-7062b751b285,medium,0.585,recovered,sms,4558.77,2026-08-17T12:37:51.175565+00:00,2026-08-19T08:37:51.175565+00:00
d17f0d3d-0993-4edf-84bd-7e44281fe0b5,8d3efdd6-2656-436a-bf59-8a81d09660bc,b1b53630-5ee4-4da7-ab3c-1b08ffd033be,low,0.841,recovered,email,1321.18,2026-08-05T08:13:51.175565+00:00,2026-08-07T21:13:51.175565+00:00
a824af3a-bf31-4712-9fe9-5a55178ec7c3,fa49c1e9-649b-4f54-87c9-7d6689942bb5,ceb8b067-ad9c-4af8-8674-9fdec3133e58,low,0.96,recovered,email,1282.09,2026-07-16T18:56:51.175565+00:00,2026-07-19T16:56:51.175565+00:00
372b2623-3cb9-4123-8de8-9892abc6bdaa,3a333430-ecd8-48b3-a1c9-9bd35781bebb,e9706155-8962-4372-a64d-efdc45e472be,low,0.941,recovered,sms,3836.48,2026-07-24T15:37:51.175565+00:00,2026-07-26T14:37:51.175565+00:00
21a11664-cc38-4dda-96ab-a191ae95d181,ac9153b2-c18f-4878-94a7-8b99d04370b4,76a770e0-9927-4cb4-b605-990b303313f0,medium,0.589,lost,email,576.65,2026-07-30T14:34:51.175565+00:00,
31bed5c2-8724-4594-af3f-4fae5a2e61c6,5eb25f31-05a7-4ad6-afef-a021df1937a9,6de85d8f-e5bb-4ddd-ba29-9db4aab213c3,low,0.707,recovered,sms,1336.97,2026-05-26T21:27:51.175565+00:00,2026-05-27T15:27:51.175565+00:00
c9395606-705f-45ef-baf6-8aea19207609,47885942-7c50-4ee9-9a8f-5a58d9b2a408,4d165abc-5772-4b8b-934d-f6b31513bb90,low,0.798,recovered,sms,985.99,2026-06-15T07:34:51.175565+00:00,2026-06-16T07:34:51.175565+00:00
61de581c-1b5f-40c2-b576-aa13afbbe330,12a4ed57-b5b7-4913-8549-426c3701ecc1,e6de92d5-cdc9-4433-8864-5258a101ae81,low,0.743,recovered,sms,3149.33,2026-07-11T01:42:51.175565+00:00,2026-07-13T09:42:51.175565+00:00
2d293d31-ff47-4a8b-a4de-11572c655200,d733097a-f3b4-454d-a027-c354c6b7c47b,b0089ec4-e06c-4987-b8ad-a55f7079a96b,medium,0.64,recovered,email,1090.41,2026-05-25T22:26:51.175565+00:00,2026-05-28T06:26:51.175565+00:00
b7845c23-0a6a-48e7-8fbb-5c56d8ccc16d,851f811a-8b3c-4b3a-9d7b-9b8cefe7e508,27927c47-5ea7-4579-b7dd-fa9f20e8b631,low,0.753,recovered,email,1198.31,2026-06-29T13:21:51.175565+00:00,2026-06-30T20:21:51.175565+00:00
8ee9ab70-b1ba-476c-bd1f-7844a848f4f2,731bdb93-3c8a-4aa4-a5bb-4b8438ffff1c,4ecd343b-d730-42ab-8968-0570bbe8f141,medium,0.527,lost,email,1125.57,2026-08-01T01:47:51.175565+00:00,
e7a01e4e-9fa2-469e-bb40-09541a6b62fd,4cc73be0-da6d-4e4f-ba3d-d1fa89c203ad,0b5015a0-f92b-41f2-a4e1-f21ac761b7e9,low,0.728,recovered,sms,2823.79,2026-06-02T10:41:51.175565+00:00,2026-06-02T19:41:51.175565+00:00
e42bed37-59ca-4a2e-b1d8-5fb2a1d4d52f,a22e83ef-fb1c-46fa-8703-692a9536bebf,e5763fc1-e4c7-4cb6-8bb2-2c8ed969de9e,low,0.652,recovered,whatsapp,6850.52,2026-07-09T13:36:51.175565+00:00,2026-07-09T17:36:51.175565+00:00
58cd71d4-ad45-48ea-9228-573e253c43a9,b91218a5-584c-4b9b-8828-c081964047de,94d37cb7-272c-4f61-9368-c91fb34944be,medium,0.504,recovered,email,2225.6,2026-07-07T20:45:51.175565+00:00,2026-07-08T03:45:51.175565+00:00
451c6a0a-7993-4ff1-acd3-16c66b80ed0f,e6bd1a0b-fd26-45c5-8c13-ca20890161a9,d384f027-a052-404e-9325-1d79dceb48b9,high,0.081,lost,voice_call,24602.12,2026-06-03T09:14:51.175565+00:00,
a6e41a35-3588-4e89-a11f-8b8102af91a2,2534e6da-a276-4cb7-b95b-6b2d7b00e134,54fb1110-a9ee-4192-8e6a-f58dfd89f253,low,0.894,recovered,whatsapp,1264.37,2026-05-25T21:36:51.175565+00:00,2026-05-27T20:36:51.175565+00:00
d214cac5-a286-48d7-baec-f6c33b8f6863,33b43e5b-47dd-4b77-9f98-5e253ca1edb7,ea42cfca-2a3b-4ac7-803d-e938ded0df57,medium,0.614,recovered,whatsapp,1069.61,2026-06-12T23:52:51.175565+00:00,2026-06-15T21:52:51.175565+00:00
0c0b8dfd-4a61-4230-b1bd-2fccee4aa29a,12f781ed-1f08-4edf-8c49-358905c04cc7,fa92686c-31dd-4ae5-b8d9-6937588a5daa,low,0.782,lost,sms,1342.8,2026-06-11T07:48:51.175565+00:00,
8919a5b5-e1c7-4d47-9ef8-a7126b05b2de,d2765dce-76d8-4ebe-b48f-f56653020472,6c61a5ef-ee48-48fe-b518-5bb689a90eb5,medium,0.551,lost,email,1538.14,2026-06-01T00:27:51.175565+00:00,
d37902dd-e761-4d72-9a10-d055eb991970,f9049211-12ad-41c7-9904-053fb542029e,77605c19-74de-4541-9fc6-a350d0656695,medium,0.407,recovered,email,3744.33,2026-07-10T22:54:51.175565+00:00,2026-07-11T23:54:51.175565+00:00
58b117e6-678c-46ae-9ff3-ca3e1d81ad5c,f001edaa-561b-4205-a4db-83a737d74260,e0e11ff7-0fe1-4c67-a88f-95835f0c39eb,low,0.836,recovered,email,1687.25,2026-06-30T04:31:51.175565+00:00,2026-07-01T13:31:51.175565+00:00
90394e2b-279c-4b93-aef9-adeb927f0085,b4c9dd2b-a2ba-4894-9169-7b6bdbbd6ccb,66158baa-8317-4567-ad2d-e9a1f1a54f22,low,0.882,recovered,sms,2609.76,2026-08-13T18:16:51.175565+00:00,2026-08-16T00:16:51.175565+00:00
5e69db62-3c31-4b91-8fab-92361c3e4b9f,8f7412f9-3992-417f-93a0-5161ea1bd68b,ed2435cb-c132-4d57-a89a-96d659d140ce,medium,0.625,lost,email,1843.7,2026-06-09T04:16:51.175565+00:00,
2a779826-c383-4919-81c0-15a0669a5c50,72f03089-7291-4a98-b579-f94277c0127a,f55d6f02-5d68-4db8-9458-0c13ded2d559,low,0.778,recovered,email,4416.41,2026-06-01T23:03:51.175565+00:00,2026-06-02T09:03:51.175565+00:00
81d087b9-ed92-4636-afa7-9734e28a1c01,bc1dc00c-32cc-4114-b1d0-baa96fbe9040,9469c448-243f-4a94-b644-4b07336380b7,medium,0.577,lost,whatsapp,2129.5,2026-06-28T19:27:51.175565+00:00,
d3b584d4-7739-4bc2-9606-023eb6e04476,94bb318c-49ce-4302-9487-ffc8c80c0067,ea6e62b6-3f34-4271-9baa-09a97fae716e,medium,0.524,recovered,whatsapp,1510.33,2026-07-21T02:30:51.175565+00:00,2026-07-21T16:30:51.175565+00:00
8ae946da-94ed-4cfa-bf27-d3f424329bc8,658a3970-54c1-4e7d-812f-cfd9181ce3a3,58704297-7048-4c6c-8cef-450d1330a7ad,medium,0.513,lost,whatsapp,1483.85,2026-06-08T22:16:51.175565+00:00,
fc528ef0-1175-4799-9a67-14729e1a8e33,65303277-3dce-40a7-9a82-9ec3a2e4dabb,2053306b-2bf5-4a87-ad8e-21c8dc355e53,low,0.719,recovered,sms,995.27,2026-06-26T16:14:51.175565+00:00,2026-06-27T21:14:51.175565+00:00
fd5efccb-6cdb-4958-a371-5300787bdf77,329e5b3e-95fe-4acf-a7f1-bb26aff6a58d,40014739-9514-4b92-aaba-df0e20d0e833,medium,0.483,lost,email,1137.19,2026-07-31T01:51:51.175565+00:00,
4c73089c-ec8b-4f8e-a8ee-00da8bbbc49a,0768b424-568d-4d4f-a2b7-2ee14ae0c735,505e5bf8-b607-47f2-b228-1edec0f2c5d6,low,0.921,recovered,whatsapp,1335.94,2026-06-04T21:47:51.175565+00:00,2026-06-06T08:47:51.175565+00:00
d7e5a643-496c-417b-93a4-0b5d60950845,ca832746-b0be-4de2-a6c9-9d57450e86b4,0d451cb9-d8be-420d-90e7-499b15ab0d23,medium,0.642,lost,email,1907.75,2026-07-03T15:43:51.175565+00:00,
fc9ccf32-2be0-4032-afd5-f29ae88b7906,8e4c7692-2b47-476a-ab4e-f9cf0df0abac,55271dce-f697-44b4-97c0-b8a89437e57a,low,0.669,recovered,whatsapp,1849.68,2026-06-03T12:01:51.175565+00:00,2026-06-05T00:01:51.175565+00:00
72ea05a6-b2c3-4f2a-aec2-a9e4707d2b72,442c040f-856d-495b-bec8-18ca9bbe0fa5,14acc595-089e-45f6-ba63-0815152e48f4,medium,0.439,recovered,email,2752.84,2026-07-12T06:25:51.175565+00:00,2026-07-13T12:25:51.175565+00:00
eafd90f5-a3cd-49ff-bd87-63f5ece31b04,0eac578e-edab-4815-933f-5e7a39fd3221,a23f7e85-4d0c-4c03-9582-17851bf7e3f7,medium,0.624,recovered,sms,1941.28,2026-08-17T05:26:51.175565+00:00,2026-08-19T00:26:51.175565+00:00
bc6fa62c-a112-4dcc-aae9-b30f16593bd7,6a071b6b-0485-4850-9078-6c25374f8afd,ab4ffdb5-39a6-4a53-b7d0-44f51b3e7b4d,low,0.91,recovered,email,2787.75,2026-07-04T16:20:51.175565+00:00,2026-07-06T09:20:51.175565+00:00
67dfcc19-e679-4b0a-8ca4-47b45086985b,fcaa09ff-8f1d-4a81-8a73-fd3f139cc06d,ff75b972-f64d-4f17-aa47-d33ee0770291,low,0.909,recovered,voice_call,3679.37,2026-07-28T13:04:51.175565+00:00,2026-07-31T13:04:51.175565+00:00
f7be3e22-28fe-4549-8bc6-a69c407c0f31,5f01efcb-1800-4359-860a-36db3d7cf179,c052a76b-eb50-4cd4-b342-8bd430cb414d,low,0.692,recovered,email,2407.26,2026-08-17T06:39:51.175565+00:00,2026-08-18T20:39:51.175565+00:00
e9f3ae74-b4c9-4cfb-8fc3-99c8e6892e10,2393168d-14d4-4b75-80c5-743dd0b2bd5d,a2a0e2ba-f9f0-4f6b-a3af-bc19f3876b71,medium,0.472,recovered,email,5738.64,2026-06-07T15:44:51.175565+00:00,2026-06-10T09:44:51.175565+00:00
f718d383-d97a-40eb-8661-1fa7c97ef0f4,6a47c1ef-fe03-4a9a-b129-7c1ac329d1b0,f6ebad12-7a21-4693-b9b0-5529753283d4,high,0.301,recovered,whatsapp,3142.2,2026-07-19T15:45:51.175565+00:00,2026-07-22T00:45:51.175565+00:00
ecdf1bd8-a910-428c-8942-808ecef637c3,642f26d7-015a-43b4-b020-15f2c45d6c1b,41b69f65-531d-4bd1-967b-13fedb5f974d,high,0.33,lost,whatsapp,2461.22,2026-06-10T05:36:51.175565+00:00,
d824dea4-ea8f-4e9d-b8ed-beab3f1639c4,33147201-f05c-4d4d-ba80-3bd3a0596319,330ca0e8-c08b-4dd5-866c-78247f2bf9e7,low,0.777,lost,whatsapp,8265.56,2026-07-16T13:19:51.175565+00:00,
3621f858-6994-465d-ba85-3a7a6bf0e8b8,b8df828e-1ef5-4cf8-8292-f13e31f2b47e,8f64d631-2d75-4274-a6e7-2da9fd01456c,medium,0.506,lost,email,3581.05,2026-06-15T10:47:51.175565+00:00,
cde20c56-6022-4b34-b1eb-3fff6b8d5305,41711bdc-1edc-4cd7-a857-b552f6572c7f,177889db-a8fa-458d-bb72-58bc072f74c5,high,0.208,lost,voice_call,3890.64,2026-06-22T09:01:51.175565+00:00,
3a6fe7a3-483b-4426-90d4-085ea252ec4b,c6e4af77-94cd-4c0a-908a-c20f0cce6da2,6e1df9df-345d-4993-806e-3fccbdf806c1,low,0.807,recovered,email,1952.93,2026-07-24T00:30:51.175565+00:00,2026-07-25T13:30:51.175565+00:00
29669cde-5c34-4278-8790-9ed4f4df805a,5668dd24-dc2e-417c-a2ae-0b181841fb95,a888a0ad-9ff0-4819-ab27-8a340dba50bc,high,0.219,lost,voice_call,11223.67,2026-08-17T16:25:51.175565+00:00,
d7942108-0d28-4586-8926-cff7557ce998,08610e97-6b18-4361-b69f-f14ec05a0115,a46a65b4-465f-4d62-a37a-3b3292835b21,medium,0.47,recovered,email,1256.44,2026-08-12T05:49:51.175565+00:00,2026-08-15T05:49:51.175565+00:00
21595ffd-7361-41e0-86a1-fc68897ee564,4b092d01-1796-4db0-98de-424633b0fd1d,191ecc33-0e64-410e-aaee-29e7b5e220f1,medium,0.452,recovered,email,5667.96,2026-06-06T16:05:51.175565+00:00,2026-06-09T04:05:51.175565+00:00
d9502899-e2b6-4727-a498-c466526eece4,5d511345-deb3-414f-a600-ee218bd0e887,51cc5cbe-35f0-449c-9cf8-7689abd0d595,medium,0.496,lost,email,1884.12,2026-06-07T23:52:51.175565+00:00,
2405ca65-f071-44b5-9a7e-33c6f206aa4c,f9bd21bf-f655-462b-8395-55dad7f5a517,83b41cfe-ef81-4ac3-baac-379f7650410c,low,0.719,lost,whatsapp,2427.37,2026-07-19T02:26:51.175565+00:00,
bc16dc9f-463c-4d6c-8a88-bd6138ae9902,b17996a0-9674-4d7d-8ed2-357ea6906549,5cedfc56-6e0c-4c60-b681-806d49baec8b,high,0.333,recovered,whatsapp,977.45,2026-07-04T09:24:51.175565+00:00,2026-07-05T04:24:51.175565+00:00
b117594d-e44a-4e75-8aab-b3da5cc969d2,68151257-0d77-4da6-a6d0-0c8a327ea4c9,f7b0a17c-8877-4caf-99f8-eabfa8602bf5,low,0.783,recovered,email,499.0,2026-06-01T21:26:51.175565+00:00,2026-06-03T19:26:51.175565+00:00
e1f1b4a6-1863-4a8d-a058-10280d766b6d,538d7fa4-2086-4283-8639-ce3daba78f5c,7491bbe6-9d45-49dd-837a-9542db51eb9e,medium,0.487,lost,voice_call,4020.49,2026-07-28T01:25:51.175565+00:00,
e5d73b8a-82e1-4248-8fe6-968785eadec8,6ed397ec-fc8b-4739-8867-c3eab756edbc,fec20f30-5a87-497e-ab41-e1da2fe8fa08,low,0.761,recovered,email,10681.14,2026-08-19T03:24:51.175565+00:00,2026-08-20T09:24:51.175565+00:00
d753a0b1-9dc7-47f2-8771-b83c65b2741f,4ba154b6-f594-432b-bbed-24b1667ad9ce,4e51dba3-c206-4b4b-b5e7-80449753ac6f,low,0.779,recovered,sms,4131.4,2026-08-17T07:08:51.175565+00:00,2026-08-20T04:08:51.175565+00:00
5191162a-c44a-4e6e-a4eb-473db9d66bd1,edd41380-6f86-41aa-ac56-817f27185dcb,cc727474-6355-4010-b5d5-304feb0367ab,medium,0.532,recovered,whatsapp,5966.83,2026-07-21T00:29:51.175565+00:00,2026-07-21T22:29:51.175565+00:00
d1ee2890-eb23-4a9f-8321-66348426b8c5,f0eaf270-dac2-4b18-9c2a-7800ae8d699c,e52bf9f6-0679-453e-8f07-e2de4fa04801,medium,0.538,recovered,email,5781.32,2026-06-16T18:49:51.175565+00:00,2026-06-17T01:49:51.175565+00:00
f2d4fe57-bf30-470d-bcde-e825b79d5b5a,3b0cbab9-14f5-4f16-9c43-6d8471425e5f,35eb3c61-2c03-4375-b774-68a947ce1d58,medium,0.397,lost,whatsapp,2040.5,2026-07-12T01:31:51.175565+00:00,
8806e826-d7ce-4554-be57-dc13e5bb6590,d14ca3db-d627-45c8-ad74-aaa3889ab5d1,1d4fdc65-ebef-49f0-9f01-5def79e1c3f3,low,0.739,recovered,sms,1785.86,2026-06-03T04:26:51.175565+00:00,2026-06-03T16:26:51.175565+00:00
74f21189-3b2a-416b-a09f-ecb6397cc186,730c09c9-7775-4303-92b8-3ed9185d2225,b4816e95-69b1-4f22-b10e-a27877d89652,medium,0.467,recovered,sms,882.33,2026-07-22T20:14:51.175565+00:00,2026-07-23T21:14:51.175565+00:00
f0d89ea1-1f0a-4fe5-8c8d-1bebad06dc73,14e7cbad-1922-491f-b313-b00c6c67fcfc,b1850ef9-97c5-4d25-91be-88675a37ccfc,low,0.731,recovered,whatsapp,1814.69,2026-05-26T11:08:51.175565+00:00,2026-05-26T23:08:51.175565+00:00
70719d93-f9a8-4cbc-857e-a3538db63a7b,6e8c9473-6fdc-4e92-84f5-72a83d1fe81c,7455cd68-2b14-461d-9465-713b77282aab,high,0.058,recovered,email,14077.78,2026-05-26T02:24:51.175565+00:00,2026-05-28T12:24:51.175565+00:00
db1719ab-a6fb-4c37-a1d7-6a64e634f01b,ea8373a3-2b89-4d33-94c9-9fb49160f9ff,49034d19-ad5d-41ca-80f0-a97da20c66c2,low,0.823,recovered,whatsapp,2051.8,2026-06-27T15:02:51.175565+00:00,2026-06-30T11:02:51.175565+00:00
8ed8df74-2c1b-49cf-a58c-fa03540ceb10,ac5824d9-f4a5-4b99-90a6-e1cff369f17a,d59c948c-0a68-4fea-adeb-502f31ce75ed,medium,0.57,lost,email,3073.26,2026-06-20T18:31:51.175565+00:00,
5ac42c01-b177-4f5d-920c-04f639340d15,19c5edb9-3652-4b34-9f12-3826e4417161,b3c36eaf-9db3-49c9-9175-ecb4a000b960,low,0.796,recovered,sms,1425.55,2026-07-28T17:06:51.175565+00:00,2026-07-29T14:06:51.175565+00:00
c563a42b-fa5b-491d-8211-871e2a009196,577b8346-2af6-4813-b78e-2ee3fbeb3050,a3860fb4-805f-4d38-9d2e-00493debaa42,low,0.803,recovered,sms,3922.14,2026-08-06T02:23:51.175565+00:00,2026-08-08T14:23:51.175565+00:00
77c83663-7fdb-4e49-bd09-67bbb3a662b2,8e225cf5-47fa-4483-b831-8fa7541739cb,1f5823a8-760d-4900-b930-29527169cb19,medium,0.562,recovered,email,7360.89,2026-06-09T13:41:51.175565+00:00,2026-06-11T20:41:51.175565+00:00
42d055cd-2333-45de-bda2-9276b9ee3bfb,9fd65b21-e267-4cf7-b9d3-c334003ab28a,d7279b26-30f2-48cb-80d4-80a60763f55e,medium,0.587,lost,email,2558.58,2026-06-12T11:45:51.175565+00:00,
0ce3e1ac-ccc4-43a1-a31d-006a849636e5,87f843f5-86b5-4f9e-a557-e3000c19a693,7e26aeb6-3d70-467c-8ea9-7dc6d3e1c92c,low,0.681,recovered,whatsapp,4287.28,2026-08-09T14:22:51.175565+00:00,2026-08-10T07:22:51.175565+00:00
497b7447-0d98-49d2-9107-88b9d3ff4c82,adaa9ec9-81a8-4bc3-ab8f-6d031f5fcf63,b1e08edd-dd90-4c8a-b4b8-78a7799f53ff,high,0.278,lost,voice_call,7039.22,2026-07-09T21:56:51.175565+00:00,
4193a67f-a1f1-4c1d-bd27-694144fa08bc,ad9ff33c-4532-4460-9d02-1affb16c0333,71e02627-cc47-4161-84bb-b85fe10c703a,high,0.264,link_opened,email,1604.53,2026-08-22T01:52:51.175565+00:00,
1e8cce10-b12c-4ecb-acac-a41ed91ea47c,ce90e5a1-45d0-4cca-ba0e-cea99b853fcb,db66f6e6-5883-4703-b295-de28d8467845,high,0.225,recovered,whatsapp,11037.13,2026-07-27T23:57:51.175565+00:00,2026-07-28T08:57:51.175565+00:00
ef470fb8-6196-4967-b03b-7c7a55b73048,a5214ba2-c900-4535-bafd-bd815ad4afb7,24f5fc25-456d-448a-92c2-9f8296eb7a0f,medium,0.605,lost,whatsapp,2982.79,2026-08-11T16:48:51.175565+00:00,
fe2e263d-58b3-4ca0-a9ec-396d898fa0df,19837aef-5e52-42ba-a76b-a34bce7acb5b,531d8a34-2252-494c-973a-bc62b3a77e36,medium,0.633,lost,whatsapp,4871.97,2026-05-26T13:22:51.175565+00:00,
2121234b-e2ca-4d7a-90e8-ee1a46606d7d,0af75e65-7f1f-4a3e-9632-6be78f281fe9,e9408774-151c-4a98-89f6-86ed08eae934,low,0.651,recovered,email,992.93,2026-06-07T09:36:51.175565+00:00,2026-06-08T16:36:51.175565+00:00
2342be55-21c8-479d-9a19-f5af2602a1d7,c3e5a75e-b202-4329-8977-24e8a19c2c48,5646304d-5a2f-4276-ae6c-0b5304386137,medium,0.582,recovered,voice_call,12060.61,2026-07-20T15:03:51.175565+00:00,2026-07-22T10:03:51.175565+00:00
08aa3a0a-ed91-45e4-991c-c0b7fdea3a51,7cbabf80-4a60-4434-b7a0-2a4b4ef3a4e8,ef8879b0-f372-48a9-b4a4-e08c7cc70653,low,0.775,recovered,whatsapp,1697.17,2026-07-17T15:56:51.175565+00:00,2026-07-20T15:56:51.175565+00:00
645ac3fa-739c-45b7-a19d-b4c102f0c26d,7a5b067a-ef0b-456c-bbfb-7f211b018a3a,a328fc55-30e6-41f0-a39b-83a82cadadaf,high,0.125,lost,voice_call,6798.27,2026-05-30T09:46:51.175565+00:00,
fa389eff-7bea-4be0-a0b9-f792e3811e3c,0b44aa9e-d178-4867-bace-e1e1a6730df3,9fc81490-af6e-460e-86da-44c0044dada9,high,0.334,lost,whatsapp,3325.55,2026-07-14T23:04:51.175565+00:00,
d90eda11-8f6f-4cfc-8cd9-1fca48b53604,386491cd-2fb3-4199-890c-111f66ffd407,5b69a209-7d6c-4407-96f8-7334c5b598ee,low,0.767,recovered,whatsapp,2862.81,2026-06-12T19:07:51.175565+00:00,2026-06-14T04:07:51.175565+00:00
5987db24-e39a-4700-82a8-4d31654b7e5f,335cea9a-587f-4667-8256-4154fe746e6a,0a278abe-f01b-4f62-9233-b52d798ae948,medium,0.41,lost,voice_call,11102.43,2026-08-13T14:17:51.175565+00:00,
b3fbe0e0-3bc8-40ab-80d4-747f56895e0d,bdf5f7e5-ef48-4adb-ab5b-fa9f61788c8f,085fe630-d731-45ef-9b95-1a9e2ce97f3d,low,0.797,recovered,whatsapp,880.8,2026-05-26T09:29:51.175565+00:00,2026-05-26T16:29:51.175565+00:00
9cc3d110-75ed-4615-ad33-2301ffcca52a,55347f88-5291-4c9b-889b-4b846d9c0e3b,1a0c95d8-9c32-4275-9b3d-3f8a074fc3b6,medium,0.407,recovered,whatsapp,10080.83,2026-05-26T11:38:51.175565+00:00,2026-05-27T01:38:51.175565+00:00
9a016fa0-e808-4e51-93fb-c27013af6861,95a4998e-f843-440c-9082-9d207823ee95,ab672fb9-0627-4710-8a49-c5a3aa1c154e,medium,0.408,lost,whatsapp,5542.14,2026-07-28T04:38:51.175565+00:00,
e5843eea-a419-4c34-813f-ef769cb11a8a,dbe56c57-f5d3-47c5-8877-34d09388d009,4de858ce-89df-40a2-a9fe-71d5a2cb8e00,low,0.754,lost,email,662.04,2026-08-08T13:20:51.175565+00:00,
826ebbbd-fef7-4b59-8137-0ea37a64502f,070914f6-723a-4e99-917f-0df3ef6864d7,3a254371-44eb-479f-a648-12f72e1a0810,high,0.211,recovered,whatsapp,12249.56,2026-06-26T04:43:51.175565+00:00,2026-06-27T14:43:51.175565+00:00
4edba1f7-1eb5-4a4f-9dec-6b9e6b961f3f,48555a8f-cce4-40f4-9931-afde17ed5d4e,cb3a346b-209c-4d02-9c3e-d96c1241e57b,low,0.72,lost,sms,1974.87,2026-07-07T06:23:51.175565+00:00,
2504bcfb-d0ca-47b5-8221-64054ff4ef53,657ec4f8-eaf7-4a21-9a3f-fff91e85ef05,d25c2a04-4209-4bc9-8a1b-3728c898b992,medium,0.581,lost,email,3451.42,2026-06-22T08:09:51.175565+00:00,
40651532-7ec2-4902-a1e6-4e5af0d4f77a,2d1496cc-668c-4684-a09d-d1ff4821129d,0711922a-3684-4298-8876-3f17f5e1da99,medium,0.54,recovered,email,1470.72,2026-06-14T17:28:51.175565+00:00,2026-06-15T08:28:51.175565+00:00
768f1f59-1f4b-4d6b-8974-1b4c08da0e5a,60ca9a08-9829-423d-885e-dfaa14457833,4395d85a-67d5-4e42-8239-e1d551279afe,medium,0.372,recovered,whatsapp,16379.72,2026-07-31T19:05:51.175565+00:00,2026-08-02T14:05:51.175565+00:00
4872a15e-7159-43fa-a8a9-3040cbd85ad0,84a03c0a-6abd-4be0-822d-cbe32f7f1b53,21c61d75-305f-4797-9d1d-6769fcb5c11e,medium,0.52,recovered,email,14450.07,2026-07-27T23:45:51.175565+00:00,2026-07-30T09:45:51.175565+00:00
0b80902a-7ef7-4d3d-9712-3f2a15f13350,6b2076f5-2af2-4d52-92e1-65beeb84f5f7,aa97a524-bd61-4cd3-9b27-6690e5cfa807,low,0.721,recovered,email,2968.23,2026-07-08T01:17:51.175565+00:00,2026-07-09T07:17:51.175565+00:00
d5329949-10f3-4255-b908-59ddb12b0608,c7ac656d-7d34-4364-ac5b-b46e39750ffe,29293add-b606-4301-ac33-4c2e34304865,medium,0.429,lost,email,1064.07,2026-07-20T09:21:51.175565+00:00,
7d777f39-67be-4e4b-bcc0-6d814b5ae640,ecfd0f1d-ecfc-4624-92be-c9323ba9c439,eb0ba881-ed4b-4bb7-aaf1-90d2ac8a8d78,low,0.82,recovered,whatsapp,1562.51,2026-08-18T15:40:51.175565+00:00,2026-08-20T07:40:51.175565+00:00
c53d5d08-0313-4941-b315-d0b0c32c9706,808293ae-c289-42be-b7fb-e3641f7323c0,667fe783-6a21-4904-aa05-5a4d4829fb7f,medium,0.578,lost,email,7602.47,2026-07-17T17:11:51.175565+00:00,
76887d3e-ce3b-4ec2-a187-f6ccf4e8014c,72523891-0aac-4f6e-af5b-2aca8a200091,e4c94dee-8d5d-4070-a19e-6fcbb07b3c44,medium,0.623,recovered,email,3073.12,2026-07-19T00:29:51.175565+00:00,2026-07-19T09:29:51.175565+00:00
95fcd09f-23fb-4667-83fb-8dff1ee533e6,33147201-f05c-4d4d-ba80-3bd3a0596319,7e9f4dc9-85f5-421c-816b-dd58d9413eae,low,0.839,recovered,email,1678.67,2026-05-28T11:42:51.175565+00:00,2026-05-29T22:42:51.175565+00:00
9dc655be-654e-45a6-bf9b-e9774cc1ceb1,758e57ef-4fa7-472f-acf7-24b81b829d71,0a169767-71c3-46ad-b473-156ca0c77269,low,0.718,recovered,email,2654.28,2026-06-07T00:03:51.175565+00:00,2026-06-09T20:03:51.175565+00:00
9e0d64af-58d7-4034-923f-3611d2f48d47,32d06a8c-c0f6-4e5b-9d20-a6606f1eaf4e,61effdff-9877-4eb6-81b0-a2851ea33573,medium,0.604,recovered,whatsapp,2592.26,2026-05-30T17:58:51.175565+00:00,2026-05-31T12:58:51.175565+00:00
b77712dc-3ebd-4358-990e-88097083eb11,3798ab1a-ac86-4680-af71-7d8baa7e79bb,d1dc192d-e457-4654-9094-f2879a3d22fa,medium,0.523,lost,whatsapp,10469.01,2026-06-13T10:44:51.175565+00:00,
6576b35c-b8f5-4880-8dc5-db0ca2ba5efe,5f88d271-dcd8-4b9a-adb0-e1f65d8eb4d3,de3a9c6a-369d-4d97-9189-fd493633df2f,high,0.174,lost,whatsapp,24689.97,2026-07-20T16:04:51.175565+00:00,
9305cb90-cd01-4b71-a7d6-6735f7d985d6,3c4d7f3b-f7c5-4f1e-9b84-528bf656a88e,91dc013a-868c-4fb3-a1c6-8d26ec5b7fac,medium,0.512,payment_attempted,whatsapp,4045.75,2026-08-21T16:29:51.175565+00:00,
069c5bc0-c476-4031-b11a-80912709f811,28d871c5-7027-4521-8566-1e52a55fd12d,5ecf8e90-7b38-4c05-947e-03ba127fbf2e,medium,0.64,lost,email,970.6,2026-05-31T14:39:51.175565+00:00,
6306683b-cdf6-4daf-a6fe-9f7339dd31fd,a9b778c7-9dd3-4257-9c03-43c9502fda62,566b2282-3e70-4c99-98e7-a8a5f04eb308,high,0.244,lost,whatsapp,1130.49,2026-06-14T13:04:51.175565+00:00,
346fed5d-1dc3-4d2f-a48a-e5f8e3523a09,8d24d5f2-a63a-4fe4-bbd7-25549ee933de,1f807568-51db-4eef-b1f7-ae8e18c91eba,medium,0.52,lost,whatsapp,6894.8,2026-08-18T15:44:51.175565+00:00,
ad12c4b6-2acf-4025-985e-40714ccdef49,0089e857-5f80-4471-b886-0884d2cd69c0,4866c38b-43c6-4453-ab81-348abfe8f4e6,medium,0.627,recovered,whatsapp,3513.32,2026-05-28T05:24:51.175565+00:00,2026-05-30T08:24:51.175565+00:00
c4cd216c-b20a-4e19-a46b-3238e8492a51,740408f5-ff5f-4333-bb41-3ec7a4c66508,6fb8d9a2-4636-4d01-9064-2d693caea049,medium,0.454,recovered,email,1849.38,2026-06-03T15:39:51.175565+00:00,2026-06-05T19:39:51.175565+00:00
e9613587-c119-4441-8baf-6935198fd60c,42da08ef-21b1-483f-b619-3bfb1597e8d4,11a03059-5a91-4f8b-a7f5-7a6d023cddb9,medium,0.545,lost,whatsapp,3778.66,2026-08-04T11:11:51.175565+00:00,
a5453092-81b0-4f6e-a551-1a75e5226944,9f944e79-8b6f-4e1f-a4b6-c9cb96e1d83f,fb7f2abe-5aea-4229-9398-7144afa0d9bb,medium,0.641,recovered,sms,9811.27,2026-06-11T08:14:51.175565+00:00,2026-06-12T22:14:51.175565+00:00
64c95b92-12aa-44b5-ada5-aba8324e01ae,cb64e5ec-7993-4040-ad8d-28a6b5d99ac9,9051e258-6aa7-4a5f-95fc-4b4c39ee70f2,medium,0.564,recovered,whatsapp,2807.08,2026-08-19T06:02:51.175565+00:00,2026-08-21T01:02:51.175565+00:00
d7054ac1-7095-45f3-a4b7-283432235432,174f924a-8eef-4568-9e2f-6507299ffc86,49ce6961-701c-4a27-abe5-967fb0665fa5,medium,0.629,lost,whatsapp,4674.16,2026-07-07T06:23:51.175565+00:00,
1db1a82b-ff12-44b7-a9bb-c4d99cad7d45,50f704f4-df53-4fef-8a3f-b07e35256731,2a05c605-3088-49c4-a851-68cf2454ff5b,low,0.786,recovered,email,2727.76,2026-06-17T20:48:51.175565+00:00,2026-06-20T00:48:51.175565+00:00
d414b01a-50e7-40ce-a5ca-c2b942433bf7,29e4b316-2baf-4f19-b144-02d1b3231ec9,b67c271a-9812-4d9f-90ce-9710b800d95a,low,0.904,lost,email,3459.17,2026-07-17T22:52:51.175565+00:00,
973e3ad4-6137-4d85-9cd3-75f34b7bc30c,5eb25f31-05a7-4ad6-afef-a021df1937a9,b1c84e94-d539-4117-b23b-7fd9877bfc62,medium,0.378,lost,sms,8507.7,2026-06-22T21:06:51.175565+00:00,
2deda547-15f2-4368-8d84-d8e340f1ab01,0a5ad9b5-3680-4ea1-b086-dd1accac1035,8ddeae4d-0fa4-40de-a95b-a34aac0cc1f5,low,0.937,recovered,sms,2620.84,2026-06-26T19:51:51.175565+00:00,2026-06-27T19:51:51.175565+00:00
e7c5ce15-9236-4ba1-98c3-bf91e22b62bc,dd588cc1-cba1-429f-8887-3668d0f66808,989544a8-c4bb-4810-b3b6-dd0ca1697fd9,high,0.298,lost,whatsapp,3220.08,2026-07-02T03:13:51.175565+00:00,
9ef75c14-621a-437c-963f-3562d0d371ae,ac5824d9-f4a5-4b99-90a6-e1cff369f17a,38867a6a-62eb-43e1-8020-f2b8948aadcc,medium,0.512,lost,sms,4428.83,2026-08-10T10:58:51.175565+00:00,
660a47a8-8d00-4ff3-a826-312953cb859c,c9f898c8-e7e7-461e-8892-7d14e9cbd4bf,d9ee4dfb-c735-4dcf-aded-253c585f9c10,medium,0.531,lost,whatsapp,2910.44,2026-07-30T17:45:51.175565+00:00,
52952151-a43f-4cba-a0f3-85c43fcb5e55,3f09970b-5edc-46c5-996d-b3127d7bed30,ae049a1f-5bbb-4974-84bc-ecacb6dd7f9d,medium,0.563,lost,whatsapp,4110.69,2026-07-18T12:53:51.175565+00:00,
9b3104da-64be-4da5-809e-8d5485552644,6e7ce101-95aa-4096-a6e4-2a785d020d1d,7a2c4a47-e138-4e46-ad85-9365edae734b,high,0.203,lost,whatsapp,7861.74,2026-06-02T10:44:51.175565+00:00,
0b5ff1ba-65bf-4aed-ae4b-925a7f2896e9,d3e58c41-8088-4bc6-b27e-4d884815aadd,9731f0b7-7ec3-4163-b3d4-0690f3b9311e,low,0.718,recovered,email,8798.23,2026-05-27T03:40:51.175565+00:00,2026-05-29T06:40:51.175565+00:00
67e22e27-c115-4d59-9103-f9ee5229bfa8,7385a0f4-ed64-4fc7-b47a-7e9f6c1372c4,ab08305b-79d2-43a3-be15-83d94c1d8a04,low,0.741,recovered,email,6710.69,2026-08-14T20:04:51.175565+00:00,2026-08-16T06:04:51.175565+00:00
5e56df33-3864-48e3-8b1d-3f4f5fb355f3,d8cb25db-40ef-4c85-bb6d-c31f38e00719,5d07907e-7633-48d1-a826-c9ac857187b3,medium,0.461,recovered,whatsapp,3405.19,2026-08-14T01:09:51.175565+00:00,2026-08-16T03:09:51.175565+00:00
2079d445-05b9-44a4-a879-adb9bdef5ba1,a48f1c06-767b-4b60-9651-cfdfa99f7fee,126be6ce-85a4-4aa7-b3dc-19e7563848be,low,0.78,recovered,voice_call,3465.99,2026-06-08T14:44:51.175565+00:00,2026-06-11T01:44:51.175565+00:00
04094245-59e6-4ed0-8a34-93096b5e6705,d4045ac0-d424-45a3-8cf3-40cebf810e51,50f26b2e-911e-4030-a8ec-d1be8c8ec2c2,medium,0.534,recovered,email,1052.96,2026-06-04T11:21:51.175565+00:00,2026-06-06T08:21:51.175565+00:00
93ac2ff4-2b26-4e5c-917f-52987ccbc17c,f35a8967-e5dd-481b-a598-5f9df944fb33,092bc217-5244-4d7d-9ddf-4c7581c689d4,medium,0.402,recovered,whatsapp,12333.33,2026-06-19T22:22:51.175565+00:00,2026-06-20T13:22:51.175565+00:00
b54f1815-2bb1-4e11-8fb1-aa44d1dfd34f,120dc612-63a7-4058-a636-abbe8ce6383a,aa79de0f-43c5-41ae-b82c-28c3ad14eadf,medium,0.479,lost,whatsapp,6796.2,2026-08-09T21:18:51.175565+00:00,
f400b65d-76d1-4777-920c-4867e40e49bd,a22dc03f-4b04-4a1d-abcb-6656dd860192,678b2cd6-ce78-4725-ba0b-a3e1d4f10dc5,high,0.323,lost,whatsapp,2322.91,2026-08-17T13:09:51.175565+00:00,
b289b8d6-5430-4725-96ef-329b9d05b41e,a9edeb90-c3ee-440c-9397-a5e6ec70e4b6,7dc3d98e-913d-48ae-91cb-e3831a240fcb,low,0.761,recovered,whatsapp,1392.58,2026-06-14T08:28:51.175565+00:00,2026-06-16T07:28:51.175565+00:00
8f222886-8f22-4641-af56-2af4d6e5bf7c,27e6db7e-7201-4888-8037-8aa962a42983,4756376c-0638-419b-a4c9-0c7641bbc3d4,medium,0.614,link_opened,whatsapp,1645.17,2026-08-20T08:28:51.175565+00:00,
1b0bbaa9-7558-410d-b1fd-e28dfb201cf6,c6f1cc4a-2439-4680-891f-798582314d8d,8f9352b4-7a21-4cc2-9d8e-29e25777845b,low,0.825,recovered,whatsapp,1017.27,2026-05-26T12:38:51.175565+00:00,2026-05-26T20:38:51.175565+00:00
07dfdb64-dd4b-4783-bf63-5976080e61ad,7cb5943c-bd68-427f-85f9-89df8b73baf9,fe261d6c-38fc-4d97-8d46-0bb3c11197e2,medium,0.585,lost,whatsapp,5056.16,2026-06-28T01:54:51.175565+00:00,
4d9cb63a-fca2-46b0-8865-df4850905d37,45c62db0-7af7-4740-b619-538f722c8076,07ba99cd-bd4f-4939-8c45-5c3900ed9846,medium,0.624,recovered,email,2537.48,2026-07-29T12:58:51.175565+00:00,2026-08-01T08:58:51.175565+00:00
dfda57d5-03c9-43c9-b0ba-7f0b15a06e21,be0a92cc-3606-45d6-aab0-257392f486f7,cb66973e-e4a0-4a3e-bdd4-a1119a5e9c94,low,0.828,recovered,email,2905.94,2026-06-10T08:53:51.175565+00:00,2026-06-10T12:53:51.175565+00:00
697e80fb-9ff7-4bdb-9ec5-c883386bc887,9cac70e4-cc16-4a6b-84ea-5a926a754fde,b4458f10-7bf9-4f77-99bf-d0795469175c,low,0.674,lost,whatsapp,6326.53,2026-07-23T11:51:51.175565+00:00,
6d1db136-7a39-46de-a45a-205ba1544c5e,9f59bb31-4787-4093-9912-bb75a54dae7b,12d36620-2195-43f0-9c6c-66a8c013a4c1,low,0.883,recovered,whatsapp,1471.53,2026-07-19T12:29:51.175565+00:00,2026-07-21T09:29:51.175565+00:00
017c1d31-52c6-4cd5-a188-22aa9d04f21e,5b1513ef-ff2d-41c0-bfc7-39018e17bf48,3e491e58-3f8f-45bf-97d5-09caa58db8f3,low,0.691,recovered,whatsapp,1147.31,2026-08-10T13:26:51.175565+00:00,2026-08-12T17:26:51.175565+00:00
b5ebaf6c-ee32-4fb9-ae3c-7d4504ad28fe,eecb2899-edc0-46a1-9715-8ab5b1191b50,86e774d3-ec73-4049-9a54-da69eea9d93c,medium,0.629,lost,whatsapp,6503.47,2026-07-06T00:00:51.175565+00:00,
b04b2919-2548-42f8-b4e3-98a202872780,cf61b308-0271-4399-a6b9-6cf5809c056e,7052b6b1-a6e9-4e16-b68b-381a80b15bf2,low,0.673,recovered,whatsapp,1817.84,2026-06-16T05:15:51.175565+00:00,2026-06-18T01:15:51.175565+00:00
6c7f9f64-b186-4298-8d12-20c45e5cb580,a949b221-9bd6-4d8b-8edd-3e5e9c001102,4fc9bd3c-bad0-48d8-a019-505b4a3f95b3,medium,0.617,recovered,email,1882.79,2026-08-08T17:03:51.175565+00:00,2026-08-09T07:03:51.175565+00:00
b6d92bf7-ee75-4f47-8820-8ff17879d3d6,9eae1057-d6a4-4d8c-a894-37efddc50344,a3bbe88c-26ca-467c-83ef-713f2c0685da,low,0.734,recovered,whatsapp,4748.97,2026-07-07T07:29:51.175565+00:00,2026-07-08T09:29:51.175565+00:00
5e3c7a5a-e3cd-4746-a6fa-9f182bb6627b,f3d8d63a-75b5-4252-a3e8-1bfc4e03a563,0a8b0727-10f1-47dd-9472-e9fe49f98a5e,low,0.815,recovered,whatsapp,1912.32,2026-07-23T00:53:51.175565+00:00,2026-07-23T15:53:51.175565+00:00
fbd291b4-e9ef-47f2-a76b-aa535ae42e9c,3ee0826e-a1af-4b30-af68-38ce6dba912f,f7a7d337-ee75-430b-bc30-aa05ac2d6166,low,0.716,recovered,email,876.38,2026-07-12T04:56:51.175565+00:00,2026-07-13T20:56:51.175565+00:00
02ee3600-3b46-4c23-b2cd-1eb7b22b01dd,30602316-e004-4e6d-960b-20c3a29bad08,b0e68e88-ad90-4c8c-9407-7ef3107d06b5,low,0.662,recovered,email,4476.91,2026-06-22T19:49:51.175565+00:00,2026-06-24T19:49:51.175565+00:00
4eaa8977-1c86-4338-b6f3-0ec2b9bd98e3,c2e2682d-eb0e-45b7-b7f4-e0efe18e091b,c3c6298b-296b-409b-8d53-03e1797b67f5,low,0.858,recovered,email,1181.38,2026-06-21T00:07:51.175565+00:00,2026-06-21T08:07:51.175565+00:00
998874be-520b-4671-9d70-f120ca2be47d,caab218d-f656-4af7-85d6-afba75a98881,f9603632-0283-43d2-9492-5249cd130f0b,medium,0.485,lost,email,3082.68,2026-07-18T20:45:51.175565+00:00,
5fccb26a-6674-4837-a7e2-bc62f8a6bbe1,f9d3be65-f627-4766-b846-13a3bd547f15,cc9ff594-1e28-4984-b024-f6d6e9f58557,medium,0.617,recovered,email,1557.78,2026-08-13T03:09:51.175565+00:00,2026-08-14T06:09:51.175565+00:00
9164907f-4c29-4494-ae9c-359c20d3d1ba,ff57019e-d675-4cbc-a765-85bdd1201b55,9d487a13-3754-48e8-a578-5c1446ed4c24,low,0.703,lost,email,4767.15,2026-07-06T13:09:51.175565+00:00,
4c91a6b7-0bed-4ee0-891b-26a05a79d373,115cce26-9227-43da-a613-b19c1d8529e9,faf6f7a7-4d88-453b-befb-5bc2ff2f8c74,medium,0.534,recovered,email,1404.11,2026-06-25T04:31:51.175565+00:00,2026-06-26T04:31:51.175565+00:00
21cdeda3-6f41-4522-b051-c7449cb1bab5,622fc7da-58ff-47ee-a0aa-b6260b783e9a,dfc3cb98-0e10-4412-ac9f-fa826b4d22cd,medium,0.583,lost,email,2365.2,2026-07-23T21:46:51.175565+00:00,
a9ac6034-e191-45b0-b4e7-93da9fde9d93,30ee4723-d14b-489f-b3ad-86691ea8870b,9c49c489-c72e-40da-a9ab-ce7ea8d73ac4,low,0.896,recovered,whatsapp,1735.94,2026-07-17T04:25:51.175565+00:00,2026-07-19T00:25:51.175565+00:00
56a17d25-c45e-4faa-a627-3b5f947e6609,394fda5b-8013-4daa-8ee2-cf429c895974,7a0231a6-215f-4de5-9a5f-c7d0e7696041,low,0.792,recovered,sms,1445.47,2026-06-19T12:48:51.175565+00:00,2026-06-21T16:48:51.175565+00:00
eae23ae4-35bb-4ee4-8449-389530d86be2,3576e4b5-0ea6-45fe-be49-3281c8dc9b2e,31a0c21c-9318-4a0e-a223-1d29c1380527,low,0.671,recovered,whatsapp,1353.34,2026-07-19T06:49:51.175565+00:00,2026-07-20T06:49:51.175565+00:00
5cf4ec05-2c72-4fea-b574-ba3c917deca8,89266fdd-270a-4f76-999e-d2c62de4cde1,e315d272-7112-498e-96e0-7626391394f5,medium,0.494,lost,email,6041.82,2026-08-17T17:56:51.175565+00:00,
7ab29170-d3e7-420c-a189-cac8fe1995cd,61d3e758-cdc1-4bdb-bd4c-19b6d5383b30,dc40d0e5-2260-4ec7-86c3-c1aa23de9465,low,0.777,recovered,email,6857.84,2026-06-13T21:19:51.175565+00:00,2026-06-15T11:19:51.175565+00:00
62e4d5c0-a7ec-4092-8e9c-b9b3a4fbe8a1,6ea56e8b-07d0-4f2f-95aa-9ad37006b1a6,03d8585b-35aa-4598-a0eb-8c946e715993,high,0.331,lost,whatsapp,728.79,2026-07-02T15:46:51.175565+00:00,
de6a0e6a-84bb-4012-af05-3ece4da900ba,2356c201-ddbe-4495-b33e-327f7158a25e,0bf14d9c-8e6a-4aff-9789-cb64fadbfc22,low,0.835,recovered,sms,5159.94,2026-07-30T07:36:51.175565+00:00,2026-07-30T23:36:51.175565+00:00
d9b2b028-cbfb-46ea-aca1-3eeae7f2ab1a,e06e59cd-78fb-499f-98ad-84d34269b89e,89dce0fd-b28d-4b1a-9e05-ec3b1d9b36e5,low,0.794,recovered,whatsapp,3050.29,2026-07-17T13:26:51.175565+00:00,2026-07-18T17:26:51.175565+00:00
264cb48e-f557-49f0-9dd7-43b311d0b14b,b7a62c46-ebac-41d2-9658-4af7217283e9,966f177f-3c48-4ce3-9f4d-08235910a2f1,medium,0.639,recovered,sms,692.57,2026-08-19T14:05:51.175565+00:00,2026-08-22T01:05:51.175565+00:00
c89b3c33-f166-46f1-b78b-6be7ad6215a7,c0896e9f-55a8-4ea0-838f-bf3145bb98b6,4c5ba5b4-ac4e-489c-8ce9-ff2531183baf,medium,0.511,lost,whatsapp,3763.71,2026-08-08T20:16:51.175565+00:00,
0ab163d9-1800-440d-84f1-0aca1f642e85,e63319b9-39eb-4867-8618-6c572c785d52,5f89d9b4-f303-44ec-b79c-b6498278f0a2,low,0.88,recovered,sms,1730.02,2026-06-09T12:51:51.175565+00:00,2026-06-10T18:51:51.175565+00:00
a15492db-893e-4870-98a3-d9793ca66662,c7aec35f-202c-4851-91ae-9c440228f44a,55c6a4ee-8813-47bd-9ffe-58fd68e4d629,low,0.737,recovered,whatsapp,2408.1,2026-07-21T03:50:51.175565+00:00,2026-07-23T07:50:51.175565+00:00
623a1ab4-21db-427d-ba1a-32c9da64dcf0,58cc390c-b384-43c0-aa00-e6364be55a09,50f58493-5dc6-4eb3-8220-f479151e473a,low,0.677,recovered,whatsapp,1260.23,2026-07-29T07:23:51.175565+00:00,2026-07-30T11:23:51.175565+00:00
7bd60a3c-1c0e-43ba-8008-3d02722450da,a6fcd165-5666-4f9a-90b2-7b827494517c,c4a6f0a4-a8af-4b14-bfe4-b9a5e56f762c,medium,0.605,lost,email,1232.44,2026-06-23T19:02:51.175565+00:00,
07d7ef74-59a8-4653-93d7-b6d2831b665f,41711bdc-1edc-4cd7-a857-b552f6572c7f,c5880f4a-2c1a-406f-9741-e85bb94a497d,medium,0.539,recovered,email,2011.5,2026-08-16T16:02:51.175565+00:00,2026-08-19T06:02:51.175565+00:00
6bfc64ef-6556-4c77-a8dc-0f7a71c4d859,9d10c02b-0d45-49cb-bec5-ffbcdaa72f7d,a6cbe904-efe1-4b6a-8400-20c0e1fcc37c,medium,0.612,recovered,sms,2158.08,2026-08-07T21:57:51.175565+00:00,2026-08-09T06:57:51.175565+00:00
327acc80-e0e4-4378-a327-a95ca579db11,3bbb2e39-775b-41de-94d2-8c483fcd8cfb,e22a4030-ea1d-475d-b6d4-d70a3cba994d,low,0.817,recovered,sms,1092.73,2026-05-30T18:38:51.175565+00:00,2026-06-02T10:38:51.175565+00:00
f34134ab-97db-467e-b692-508c3ad60ad9,f336d5e7-1a5c-4552-9de0-696bb69eb90c,a8d23fdd-a790-4275-bb60-3e88a0a855e3,medium,0.36,lost,email,2082.2,2026-08-18T23:22:51.175565+00:00,
4f0bffe4-d2c6-4631-9741-d1c66525a290,e8d820fe-785a-4c8a-af6e-931ec700eeb4,a798ed90-8c31-45ac-aa82-8501c396dba9,low,0.673,recovered,sms,779.47,2026-06-08T17:14:51.175565+00:00,2026-06-09T01:14:51.175565+00:00
5337dff3-dbf6-4fc0-851c-2a2337df9f53,cd205aeb-1cd1-430b-a25b-46da291ce149,18210b3a-31b8-448c-990e-b742374d21a6,medium,0.506,recovered,whatsapp,1844.12,2026-08-05T15:12:51.175565+00:00,2026-08-07T22:12:51.175565+00:00
551fbeb1-0e31-4988-98eb-15d52fb8a835,94bb318c-49ce-4302-9487-ffc8c80c0067,ad1b6032-4a81-421d-abfc-a66f801243a4,medium,0.498,lost,email,2232.27,2026-07-17T05:01:51.175565+00:00,
f9a6774d-2581-4dd9-a5f5-efcaa10b14cb,3576e4b5-0ea6-45fe-be49-3281c8dc9b2e,9759faed-aef9-4eda-84df-2f287d17fa55,medium,0.516,recovered,sms,8045.53,2026-07-29T13:08:51.175565+00:00,2026-07-30T20:08:51.175565+00:00
5bdeec33-e2ce-47f2-8336-bfd6eafb597a,9d2c3621-168d-4125-bed0-c4298181cfd9,ff695a5e-95ea-4318-895e-372e1a5eec4d,low,0.81,recovered,email,1203.59,2026-05-27T15:51:51.175565+00:00,2026-05-29T09:51:51.175565+00:00
4ea59a23-604f-4b8d-b835-629e2cc6dc82,3a964d31-8960-4bb9-bc92-91282b1c8def,308355de-19fc-4c3b-99c4-65af865ffd6b,medium,0.373,recovered,sms,4955.32,2026-07-24T02:58:51.175565+00:00,2026-07-25T08:58:51.175565+00:00
7a2f1652-8a6b-44c7-b7a9-b193f6bccd1d,85171d6e-6f38-4223-8862-b08301989320,f4092bff-b6fa-4075-b1b3-41e6d567c5df,low,0.773,recovered,sms,3763.86,2026-07-08T09:50:51.175565+00:00,2026-07-11T06:50:51.175565+00:00
550aa358-5c1e-4a70-a9e1-1759be8659ee,d66d7f32-e882-42b8-9a35-31a078447bab,d5e64d3a-0711-475f-b3d7-b6a1bda4fad6,medium,0.503,lost,email,2236.38,2026-08-02T10:33:51.175565+00:00,
12d600e1-f8e6-4ea4-b30b-4c9c9c979cf5,11efb9e7-24d7-4711-9c53-4311e29b2a6b,ba75a1b4-db64-4ba1-b7f9-514d1c4e9864,low,0.661,recovered,whatsapp,1173.85,2026-06-17T09:08:51.175565+00:00,2026-06-19T12:08:51.175565+00:00
42432c1a-0b03-4ae5-8270-05af037fe35f,115d9a8f-ab7d-4aa6-81a9-e2d3e63abbec,9417c1c5-43e0-4a34-8e1e-811601cab609,medium,0.53,recovered,whatsapp,4737.36,2026-08-17T08:40:51.175565+00:00,2026-08-19T04:40:51.175565+00:00
fd7492f4-28d8-4cac-8668-a7c0b5f09510,b3b23e3c-bd15-4d2a-bf1b-5975eafc0131,e30154a9-2701-4672-8b07-b769c093e5ee,low,0.866,recovered,email,1388.27,2026-05-27T03:30:51.175565+00:00,2026-05-27T22:30:51.175565+00:00
6476ff24-1188-4442-a063-a36a55073ebe,9b575dd6-0b98-4330-b781-714570381be5,25947fcb-5c3e-4ee2-94e3-516f5f321834,medium,0.463,lost,whatsapp,2541.3,2026-07-27T16:27:51.175565+00:00,
711d0ad6-1af9-4b03-9050-904e1eaf8e85,a2859c1a-df7f-4c4e-bf31-14e6f406ba98,7eef0fd2-dd52-4991-9815-83ee7b655977,low,0.667,recovered,email,7425.26,2026-08-18T03:53:51.175565+00:00,2026-08-20T19:53:51.175565+00:00
fdcc85e3-55bc-4315-83d1-492d033aee90,2578db06-3777-4006-ac98-a533cfd64026,a3d4315a-fb62-4c28-8dbe-1ee7cd237f3e,low,0.747,lost,email,3673.89,2026-07-06T23:05:51.175565+00:00,
cee3d354-8724-4620-ae5e-9fbd0b754c5d,7fd3633f-04a1-4e86-be37-86d49a7a9202,d263285f-ee57-48c8-a6ec-8bb8f8c25954,low,0.724,pending,email,499.0,2026-08-21T19:28:51.175565+00:00,
ead31fc5-64da-4cc6-917f-c524f0c2b98c,164dd0f6-079c-4152-b247-88744c77bfeb,f97c1a8f-c7bb-47df-9581-e70a73e0d637,medium,0.503,recovered,email,2460.57,2026-05-26T04:28:51.175565+00:00,2026-05-27T09:28:51.175565+00:00
ca88bb1d-f43e-4059-8cd6-f152ca09db51,547562d1-2a74-4bfb-a5b7-8c51b57019a7,1b2f5b19-b5f9-43d4-901a-ab5bf0bf02db,low,0.867,lost,sms,2073.58,2026-05-27T06:27:51.175565+00:00,
4be9b252-c333-4b12-8a63-e200dde81f3f,0b8d9402-d1ac-444b-9fd8-d6b96bc2b9fe,36d3a095-6ca7-44d5-a068-20bc431e8714,low,0.807,lost,sms,2490.6,2026-07-23T22:30:51.175565+00:00,
946d6619-c0f4-4cbf-a87f-90fa21c6e490,7c294c72-00cc-4a82-8d11-af967e4c7d7b,5bbcc6ca-2d6c-43cd-8fe1-9274f2de9b29,low,0.776,lost,email,3340.41,2026-07-08T04:57:51.175565+00:00,
e8397fa2-f97d-40d0-9e6d-4663d548d5f0,63f6519d-7cef-409a-9a5d-91a6379ae2fd,4818f842-fb70-45a9-80cf-f3f053a4d273,low,0.652,recovered,email,883.78,2026-08-16T09:26:51.175565+00:00,2026-08-17T16:26:51.175565+00:00
69f7f1a8-8cbc-4acd-8255-b5edaabfe584,dfdd5cb6-cabc-4d53-95e9-378bc9f9e6ff,a224ceec-6c11-48f2-8c40-639c699ca419,low,0.669,recovered,voice_call,3303.22,2026-08-06T18:54:51.175565+00:00,2026-08-07T17:54:51.175565+00:00
291b56fa-6b7e-4e75-afdb-eb95089ebd00,813657ba-d76f-44e7-a161-a8e13be6c7ab,66c44a27-42bb-419e-aa15-336320f7ba05,medium,0.355,lost,email,5031.26,2026-07-05T02:10:51.175565+00:00,
64e5947e-b8d5-4ac5-8fbb-19efd839b77d,591b7dea-55e6-4294-971a-4dc6d99c1b15,7a960476-f2f4-4002-8bc8-10f43255e1bb,high,0.286,recovered,voice_call,8890.43,2026-07-31T07:55:51.175565+00:00,2026-07-31T17:55:51.175565+00:00
42d1593d-ab28-4f0e-aa0a-48cb5dfd4cb7,cdedf4f9-ead6-42dc-911c-9407d760039c,5214198b-ebe7-400b-95dc-db33cdbeab6f,low,0.713,lost,sms,1104.98,2026-08-03T02:30:51.175565+00:00,
58e32fb6-050e-434b-9505-93350597103e,6cca3e2d-5f41-4144-9c00-4e3ebc1ca586,8da01160-08a0-4999-a8ff-98f3fd757b52,low,0.785,recovered,email,563.08,2026-07-25T12:49:51.175565+00:00,2026-07-26T00:49:51.175565+00:00
cf38e997-5f9e-49eb-b423-b46c5998dff6,a0ad1831-12f3-4857-8537-8d2f75eda550,27299373-e774-4b41-bbd7-9418f0047af7,high,0.341,recovered,email,5063.5,2026-06-24T07:32:51.175565+00:00,2026-06-26T12:32:51.175565+00:00
80cd78f3-0949-4c1d-8c36-4372d6e0d4fd,f66c8d28-d6a9-46bc-8f87-eccf98a4d368,1e6a5cf0-0dd1-4f44-922c-8ae63a7d0f3b,low,0.802,recovered,sms,4342.91,2026-07-02T10:55:51.175565+00:00,2026-07-05T03:55:51.175565+00:00
f320bb96-b127-4249-b257-d950d8f1e073,6ef54ff4-17c4-4497-ba75-a1e2f405312f,37447dd9-9820-4aad-b447-dbe70f63a4d6,low,0.766,lost,email,564.06,2026-08-14T08:23:51.175565+00:00,
6e1f6587-df88-4f98-8956-e9dc598a24a1,35ae8782-df84-44ac-839f-f1f22bda70a3,3a613f66-3939-4fde-bd07-cd7311236d5d,low,0.765,lost,sms,8598.78,2026-07-17T08:47:51.175565+00:00,
efea3f4a-fbe7-4567-9b8c-78dd9cdc83a2,ae008e39-ee67-4c69-8e34-54a838f98eea,87e74797-ff87-4419-9edf-abb8ef5c7bfb,medium,0.612,recovered,email,1193.03,2026-07-20T15:44:51.175565+00:00,2026-07-21T18:44:51.175565+00:00
9b7bd24e-852f-4507-80aa-68f270e4f4db,38e1551c-2886-49be-be7d-af3499171b84,7b2d9351-1356-404e-a6bd-0d10170f1e31,low,0.709,recovered,email,1556.44,2026-06-24T10:27:51.175565+00:00,2026-06-27T08:27:51.175565+00:00
a6808e34-c270-48bf-b3bc-2f7c1bc99dca,496daccc-d83e-4036-807d-eee67af333fc,8ed68a42-0805-4715-ac40-e92d30982581,medium,0.644,lost,email,6481.92,2026-08-12T13:25:51.175565+00:00,
bde08bab-77df-4b53-9d8c-6d3186f2b32b,610f1cca-697c-4739-bd54-2ead5792f57b,d1b0ebed-bfc5-4ade-8790-d81e7dc7f1b7,medium,0.582,lost,whatsapp,755.74,2026-06-17T03:45:51.175565+00:00,
49ed85b7-968b-4e2e-8648-572a9aad7fa1,9f944ba7-1cf1-4ef0-977d-db20e31bea16,dc0763c3-1441-45d5-ba25-8865c1cffce0,low,0.702,recovered,whatsapp,883.94,2026-06-17T21:43:51.175565+00:00,2026-06-18T18:43:51.175565+00:00
10b370ee-0d35-4df2-8a21-fb6c130352fc,ad36d375-6893-4b32-9f8c-6f8906c2a7dc,2bfbbd14-8e07-43f2-904a-8fc387984410,low,0.664,recovered,sms,1347.76,2026-07-07T06:38:51.175565+00:00,2026-07-08T23:38:51.175565+00:00
5ee13d68-5c05-4a75-92ea-f454f4a4ee39,fce6a43d-73ff-45d7-8479-9d646821b09c,08386ba9-73d0-4a72-88ea-2c7d09c929c6,medium,0.376,lost,whatsapp,2346.61,2026-07-24T22:00:51.175565+00:00,
e7518576-76c4-4619-ab1a-5093b0d1d2cb,cef91392-1d2c-4cdb-9b6e-edff93e7661b,b97905a1-292b-4e4c-b5d4-a92590e74c22,medium,0.354,lost,whatsapp,16951.66,2026-06-28T17:26:51.175565+00:00,
3eac8c30-5d22-455d-8ae3-b9870d9c1f92,59474e66-35dc-479d-937e-fd0e72dd1831,4b5a2419-7cf4-4ce4-812e-8aeecb99e5fa,medium,0.495,lost,email,4494.36,2026-07-08T03:58:51.175565+00:00,
2129dce1-2d4c-4c01-a7e8-0bd4afaa5ae1,fd1b2fb1-e418-47d5-af58-633f45f7b073,084b1e5d-4204-4352-8419-5e858a2e34fa,medium,0.546,lost,sms,2386.61,2026-08-19T18:42:51.175565+00:00,
61e31997-5646-4f5d-9c77-69d5f173a417,3d0571ab-3558-4cae-8695-29d906dd8fd2,7bd61a40-26d0-451c-8f7f-4e806909693c,low,0.653,lost,whatsapp,826.8,2026-07-31T14:19:51.175565+00:00,
6c651c27-c3cc-4965-a83f-a09f581f95cf,dc953110-4e77-44da-b61e-a3332992c572,f9f79e22-5a69-465b-9ec8-3aab6818ac52,low,0.775,recovered,email,2353.69,2026-06-08T10:29:51.175565+00:00,2026-06-10T16:29:51.175565+00:00
6b47e058-2e37-4874-9355-fd452b402cd9,6f0723f5-ceca-4fa5-9b65-f2da1cfb40b1,dfceebd2-d099-46eb-a36c-147f8b4b77d5,medium,0.626,recovered,whatsapp,1125.41,2026-07-16T19:40:51.175565+00:00,2026-07-19T00:40:51.175565+00:00
26638278-96d7-4dc3-97f1-75014816fb09,f9d4bec4-9d54-46d0-b0ca-0b4f7be34184,9da107c1-2723-41d6-95af-5c9f7c835bc7,low,0.728,lost,email,3721.79,2026-07-28T03:23:51.175565+00:00,
ceeea562-499f-4294-8d9a-98cac3117b3e,68c3e085-8788-4274-8e68-6870408bfc9c,671a9453-baa2-40e2-878b-d0c5dd3ea394,low,0.73,recovered,whatsapp,2764.41,2026-07-18T16:24:51.175565+00:00,2026-07-19T17:24:51.175565+00:00
ea0aa733-74cf-4a3e-b1dc-f61651c31091,ede604e2-045a-4761-9a0e-9ac55dd94a04,e3e0b440-2c69-425b-aa85-a1d2be7497d0,high,0.25,lost,email,6151.02,2026-07-19T07:10:51.175565+00:00,
2ed1db9d-76ad-4b36-a3b1-772048e41586,1b051fcf-2e8c-41af-9197-9ac1b5e858fe,0d0e3424-7d9f-4c39-870c-652215109d12,low,0.784,recovered,email,5702.73,2026-07-12T18:44:51.175565+00:00,2026-07-14T19:44:51.175565+00:00
3e0e15bb-73ad-4b13-8b64-6f0a63124778,c68664f5-b9c4-4854-94ef-880d052777d3,328b3b65-768a-4880-aa30-8903f5635e15,medium,0.42,lost,whatsapp,990.06,2026-05-28T20:08:51.175565+00:00,
16c51f38-1d8d-4a9b-a968-1d0d9968e294,47429ffb-c36a-41ba-9ab4-44ae716f6a17,6eb45254-25f3-461e-9e8e-82cd1f3cea32,low,0.696,lost,whatsapp,1839.64,2026-06-13T05:28:51.175565+00:00,
55283007-6c82-49e3-9816-2b617d10a4de,703f6134-387d-441e-b99f-54e21a033e39,ce323c6a-a2b9-43e1-8dab-4b9db3c73c81,high,0.345,lost,voice_call,836.78,2026-06-21T05:05:51.175565+00:00,
3f9e17d8-578e-42b8-baba-8aa95a1c52a6,d48a70a8-5fd6-41d6-b611-1f9a5f55117f,92505308-8f8b-4005-a003-136bb7268cde,low,0.88,recovered,sms,1637.63,2026-05-27T20:28:51.175565+00:00,2026-05-28T23:28:51.175565+00:00
13f1581c-e46d-4b72-a953-5f3028b8cb04,a9f7e33e-a29b-4bcb-aeac-0e4056d2d548,8db3a6bc-6841-4c48-acee-47b78486b3cb,medium,0.635,recovered,sms,2775.07,2026-07-15T13:34:51.175565+00:00,2026-07-17T18:34:51.175565+00:00
61510001-fd48-4390-adba-2b9ae93585f6,21e8d89d-a7f3-43c4-a917-3d984a1d965b,004c5434-0bd4-4110-9046-7a633e0b3d0f,medium,0.616,lost,sms,3097.59,2026-07-21T13:23:51.175565+00:00,
04207862-05cf-4638-bbb4-76f2b7651a82,b9f7e066-fd3b-4d6e-9e70-b820126e8e5e,bae143d2-1ac9-4833-8eff-99b9d6bcf4c3,medium,0.613,recovered,sms,7437.98,2026-08-18T22:00:51.175565+00:00,2026-08-20T13:00:51.175565+00:00
1a361f34-fd3f-40a2-98a8-482857bdb442,68515f75-fe92-485b-8591-3b5b466506fe,df5ba76a-d1de-418a-9e83-0c1d093f3cbc,low,0.784,recovered,whatsapp,499.0,2026-06-02T22:59:51.175565+00:00,2026-06-05T03:59:51.175565+00:00
294c3e0f-363a-436a-b9e3-cc473c0995a3,2b11c386-7191-4b4c-83af-d77e0854fe14,42c0bcbb-3837-49d7-8d85-bcecbfe4360b,medium,0.447,recovered,sms,7419.68,2026-06-20T15:39:51.175565+00:00,2026-06-21T14:39:51.175565+00:00
fab33bba-9ba4-4af8-8efa-b4693aaddeaf,dc0d6b96-4e10-495e-8173-d2a597eeac48,e76890eb-b6c0-4046-a7c6-751e1c74b51a,low,0.77,link_opened,whatsapp,1414.17,2026-08-21T18:33:51.175565+00:00,
76243252-ca80-4a7f-bfad-4e1bfa0a07a0,275065cb-54bd-4cca-9b4b-e4a8f18a63f5,ed37afb9-ee81-45a6-90b4-2066e9ef5ec1,low,0.914,lost,sms,1909.24,2026-06-07T19:05:51.175565+00:00,
9848257f-3ccb-4158-9d1e-b41b9b904954,e3e262bd-6bbc-4196-8ea7-d1a599ce3a0c,43219b22-c06d-4591-ad27-10212a0b0b9f,medium,0.574,recovered,whatsapp,3983.27,2026-07-31T13:35:51.175565+00:00,2026-08-01T23:35:51.175565+00:00
cd76dee8-772b-478c-a5d5-422a78816966,78e75144-3fd6-4667-97cd-0e10186d7b64,3350f262-6fd5-4713-8004-c8c229971c87,low,0.788,recovered,email,3106.52,2026-07-31T06:16:51.175565+00:00,2026-08-02T14:16:51.175565+00:00
8356d551-248c-44c7-b501-975ccc913d1d,fd82cdca-e6c1-46b4-a01e-569c8e76e3ea,72628003-0404-4f04-8798-e475a34f1b05,low,0.783,lost,whatsapp,4327.41,2026-06-11T10:49:51.175565+00:00,
05cb4147-cda5-4b59-9304-b8a42b866398,e5618406-4e14-462a-87e8-b173a4c094a2,aab553ea-7b80-4a11-b406-2d3dde5d5444,medium,0.571,recovered,email,5338.77,2026-08-01T23:11:51.175565+00:00,2026-08-04T01:11:51.175565+00:00
f0c65bf7-17b0-4062-a3c7-4c9f4202f1ce,5389f7ee-751e-411b-88e1-62e274899647,f0242cc9-532e-4a9a-8c12-10a7ae6b581c,medium,0.575,recovered,email,1395.93,2026-07-18T00:13:51.175565+00:00,2026-07-20T16:13:51.175565+00:00
0546640e-d20d-40b3-bc0b-49d036b2fa75,d445ac8e-2e33-420c-82ed-dcb9e878ad59,cca52bcc-844b-4a6f-b889-eea6a7661864,medium,0.635,lost,whatsapp,6611.75,2026-06-01T08:26:51.175565+00:00,
04666031-d8ec-4013-88b0-229b41a7600e,bb6962d7-c8ec-4985-ac26-76ff64604347,22a1f5b5-b77b-455d-a7cc-76d3ed271298,medium,0.597,recovered,voice_call,1123.56,2026-08-15T20:04:51.175565+00:00,2026-08-18T02:04:51.175565+00:00
0aacd0fd-3fad-4dac-a199-ae191034d5ed,3f6cab32-0a35-4ce5-8003-fc2cf02cf574,646e6bb2-9871-411b-955d-3aa607dbd608,low,0.661,lost,voice_call,1083.3,2026-06-16T23:10:51.175565+00:00,
2ad5ca56-37a0-4c4f-9709-60d5244f0445,72693690-b166-49fd-940d-b77bc832eb38,b4e34f73-ef9a-45c7-a007-df896a5bde37,medium,0.542,recovered,email,3443.81,2026-06-16T17:42:51.175565+00:00,2026-06-17T17:42:51.175565+00:00
672ccc8d-8fa6-446f-867b-bbf2d9740988,7ffd5dae-2ae8-4885-a3b1-b9b924d00779,32238ae6-8995-4954-824d-d733de8cc67f,medium,0.617,lost,whatsapp,499.0,2026-08-09T10:08:51.175565+00:00,
b927d306-10a8-4007-8aec-9340500d0b77,457e7c63-3d0b-4857-ad81-5ae08a15918a,330e4fd0-02ba-477a-bbef-38c0371f00a0,low,0.948,recovered,email,1214.99,2026-08-09T06:25:51.175565+00:00,2026-08-12T05:25:51.175565+00:00
97e819ec-8242-4b13-8e90-78555519c584,037fbe7d-82ba-419d-9911-05060cf75538,e0a31603-0731-401b-b5f1-98b9333e412c,low,0.797,recovered,email,2239.87,2026-06-25T09:10:51.175565+00:00,2026-06-28T06:10:51.175565+00:00
05c63951-fc62-4c6b-b02b-1801db0981d6,73492b6a-2a25-42d5-b880-cc9ff2afe49c,a26575df-7834-4db6-b3c5-b79c4fa3016f,low,0.87,recovered,email,774.55,2026-08-17T01:42:51.175565+00:00,2026-08-18T03:42:51.175565+00:00
0de7b910-478b-43b6-b358-4a0665c18e9d,6dffeb1d-b877-4b1f-80c8-569ba211a738,a7fc8e8e-2a65-4072-b4e9-9006d986e95c,low,0.756,recovered,sms,951.95,2026-07-25T23:34:51.175565+00:00,2026-07-26T22:34:51.175565+00:00
6feb0e64-5c5b-49ed-a24c-b9b4a9347690,bf1df89c-4dbc-4e16-b502-839425d06ab5,9893e5b3-10f2-4547-854a-428604649b8e,medium,0.512,recovered,whatsapp,1964.62,2026-05-31T03:57:51.175565+00:00,2026-06-01T14:57:51.175565+00:00
5cc591e9-49d5-47d4-b967-d4ed9ab885f6,49a17249-96d7-4afe-a2aa-241c6cce091f,73fe9a2e-b912-4d3a-b5dc-7279dc6cb5c0,low,0.768,recovered,email,5831.34,2026-07-31T00:52:51.175565+00:00,2026-08-02T22:52:51.175565+00:00
d6119fcf-be96-4e42-b9b5-a7bb9a316e63,ea7596f9-c130-45be-b416-4a15b49aea80,a4fb6020-3193-4298-bf8f-2fddb26b354d,low,0.725,recovered,voice_call,978.31,2026-06-27T18:22:51.175565+00:00,2026-06-28T03:22:51.175565+00:00
4f825d88-d5ca-4bd9-88b8-8c0fa48b7e7e,82d321a8-4fd8-4d6d-9846-38bb241c1057,047e7f42-1214-41b1-8fdc-0a98a5032a6f,medium,0.399,recovered,email,803.15,2026-05-27T23:00:51.175565+00:00,2026-05-30T16:00:51.175565+00:00
b1997b2d-c8aa-433a-96fa-24b1c0006f57,02db9157-4de3-44c9-a549-0ff71d6747ab,675958cb-dd83-493f-bad8-25c050109aaa,low,0.798,recovered,email,1331.06,2026-07-03T17:52:51.175565+00:00,2026-07-06T08:52:51.175565+00:00
32c7b6da-0eef-4280-a9b6-0554c5a25844,151ebfc7-730a-4afc-986c-850f1598de24,8e3d65af-7cc0-4037-b9a2-0817b410adbe,low,0.661,lost,whatsapp,2749.24,2026-07-16T03:58:51.175565+00:00,
312bd1c7-9a71-45bf-8d15-0d5fd48af674,7b07f811-b3be-40ef-b694-d1fde1fa78a4,1a35105d-2497-466d-85b9-36cdc01782c1,low,0.717,lost,sms,4065.35,2026-05-25T18:07:51.175565+00:00,
e6e507e8-7465-4db2-a0bf-78fc862d914b,9bfc33b1-529e-4206-adaa-1d03259eab93,decf0a38-9ea2-4f5b-9176-9681305383cb,medium,0.436,lost,whatsapp,4666.17,2026-06-16T17:43:51.175565+00:00,
ef58fee8-3a99-493b-9ae0-c241836ade18,a04628de-b19e-480d-9ff5-53df72cac7b2,a2159d03-22e9-44cf-b5bb-2b7b14c62476,medium,0.376,contacted,whatsapp,2383.73,2026-08-22T14:41:51.175565+00:00,
b594953b-a3e8-46c3-bfaa-dec15313b35c,b59891d0-30ee-484d-b06e-012f6734bb83,ac8032da-777d-4f89-b9df-4a1841a2a91f,medium,0.418,recovered,sms,4531.6,2026-06-20T00:39:51.175565+00:00,2026-06-20T14:39:51.175565+00:00
57f5fe39-396a-4b41-8751-046da527da2d,3efdb311-5eb5-4b76-b0bc-b79afae2c15e,32dcd751-c502-4753-b081-df05cb7c4ae7,medium,0.527,recovered,whatsapp,3003.4,2026-07-02T17:06:51.175565+00:00,2026-07-04T17:06:51.175565+00:00
19186355-a9e3-405c-83ca-cf1627ea5253,59658ae6-48ab-4f43-bca1-8de8974c9448,207b037b-5197-40c8-8468-e147e161ba93,medium,0.501,recovered,whatsapp,2505.12,2026-07-06T22:58:51.175565+00:00,2026-07-08T20:58:51.175565+00:00
a65ce1ad-96f7-4af5-b0ed-5b7b16357915,4148537c-48a8-40d4-9d82-6fa663839b39,e3f8c983-8d79-4a0b-b095-612ec410dee5,high,0.069,lost,voice_call,21052.87,2026-06-14T23:31:51.175565+00:00,
71816ebc-4778-40c5-8ec2-407ad38e81be,572e76d4-5c85-4b0b-bb63-6134378f5cfd,320342b1-c980-4dd3-ad86-43fa9b61d2ec,low,0.819,recovered,whatsapp,1203.5,2026-06-05T00:33:51.175565+00:00,2026-06-06T04:33:51.175565+00:00
fa3324b1-a5bc-4e1b-846c-6d4487fa8e46,a072d837-4681-4bed-be68-c295dee9698d,8cee2ccd-8c38-4506-830c-1133a12f27ba,low,0.71,recovered,sms,2904.77,2026-06-22T06:11:51.175565+00:00,2026-06-23T21:11:51.175565+00:00
37d798fa-933c-45bb-9e69-afdcc20688bf,2d6abcb2-fd20-444b-a067-aa128db300ca,a44d631f-eb30-47b5-abba-77c9a5980239,medium,0.478,recovered,email,3343.86,2026-07-18T18:21:51.175565+00:00,2026-07-20T21:21:51.175565+00:00
45193156-3e32-4b1f-bf5b-26e59ac47f04,f06ce154-514d-4721-a144-8eba06e19e6c,28669aac-21d3-4be1-83c1-cec3d1da9c7e,low,0.812,recovered,email,1073.78,2026-06-08T09:04:51.175565+00:00,2026-06-10T07:04:51.175565+00:00
c3a70f9d-99eb-4e69-be0f-026e27a8a597,7fac7ca0-9215-43f4-bc87-ad8a52b28579,a70af969-017a-4a2c-8f35-4954823fb6ce,medium,0.454,lost,email,2250.82,2026-07-29T05:03:51.175565+00:00,
d526b740-29c1-4a97-a836-6c9294717c96,fb181336-3305-42e2-ac22-b26b953033c2,5d5ee8bc-b1a3-41cb-ad0b-63f07f76c5ea,low,0.801,recovered,voice_call,3222.61,2026-06-22T09:01:51.175565+00:00,2026-06-24T10:01:51.175565+00:00
91ccf1a0-b8d1-4327-b066-5f91f8d32800,01bd707e-676f-47f9-a429-69f5234191ee,978cfba6-7068-4888-89c6-7c39b4fab6f9,medium,0.51,recovered,whatsapp,2509.2,2026-06-29T16:03:51.175565+00:00,2026-07-01T07:03:51.175565+00:00
b28fb2a5-50ba-4464-9baf-692473a60111,bda32fa6-51bd-46c3-a272-c3fd89bdb7e0,3fdad13c-100d-4c5a-8f81-72d0b946c302,medium,0.372,lost,email,2848.16,2026-06-25T10:19:51.175565+00:00,
18a43ec2-0654-4ea3-819b-97ff2d4640c6,1bf0a23d-97aa-455f-9f84-3965a5a175ea,27b69ec9-fc61-43e9-a92f-f98de6383e26,medium,0.638,recovered,sms,2696.94,2026-06-03T19:31:51.175565+00:00,2026-06-06T18:31:51.175565+00:00
5731675e-8b65-441e-b132-6a900270aae1,92211d91-5558-4ddd-a0cd-a2b35ea61638,f6eeeb7c-295c-4cdf-b325-b965777e5936,medium,0.378,recovered,email,4238.92,2026-07-08T06:32:51.175565+00:00,2026-07-08T14:32:51.175565+00:00
5bafc527-32cb-44a8-8387-87d915cc3b11,e6e3529b-7473-45cd-9883-0b9deed9516b,160f5fee-caab-447d-85ec-cca8c72beb8d,low,0.71,recovered,email,1177.64,2026-06-16T16:59:51.175565+00:00,2026-06-19T13:59:51.175565+00:00
7b06af68-5611-4b0b-91e5-8af4ecbbf9de,54ebdba3-bd34-44d5-8fce-3e9d1c89c3c9,9febfc7a-c24b-47ed-a892-30dbb2f8b2f1,low,0.779,lost,whatsapp,1540.73,2026-06-21T16:36:51.175565+00:00,
a7be8026-9878-40ec-aeb6-0d5e24e69878,562f0a19-d12a-4c1b-b0dd-e374655f9d85,5915e215-add8-4fba-bfdc-e79d8df60a53,low,0.693,recovered,whatsapp,1935.96,2026-07-28T16:46:51.175565+00:00,2026-07-31T00:46:51.175565+00:00
5d73d230-bfc0-4ca4-991c-7a06b57c5572,eb2a6cda-f07d-4b37-a3eb-1a81180b4f85,b8b18a8a-928f-4bea-8011-2c951ef1b5be,low,0.78,recovered,email,2136.55,2026-08-11T05:47:51.175565+00:00,2026-08-14T04:47:51.175565+00:00
b8977a24-960e-4eb8-9994-01d324b13725,540c6d6c-080b-4f02-9e78-3c8bbd0d7e89,e9904d31-37c4-4a75-8ca3-f0aaf8c857bf,low,0.713,lost,email,1553.44,2026-07-09T05:40:51.175565+00:00,
a088a964-7e24-44d6-86f2-717af26573e5,29597360-a18b-41fa-905a-6a0e1a7445be,0858e137-310f-4a13-b45c-dd5d852883fe,low,0.804,lost,whatsapp,1218.16,2026-07-15T20:54:51.175565+00:00,
7d87bc42-63dc-416c-bc50-a5f245f4492a,d63d3844-e3f6-456c-bd6c-9533c648b9bf,f7a48475-a838-479f-b422-679b85f2d6f1,medium,0.367,lost,email,2478.14,2026-08-07T06:07:51.175565+00:00,
3ce6c878-f428-468c-bfe1-9784240964ba,1347cc08-70b5-48e1-917e-a8afefa5cd5c,52f94318-81bc-456f-b116-c1b3c3caf2a0,low,0.679,recovered,whatsapp,4049.15,2026-07-20T21:15:51.175565+00:00,2026-07-23T00:15:51.175565+00:00
514b8b5b-48f3-4ac8-8ce2-5b45db0ae6df,764901ba-0884-4884-a045-0bc447d7c1db,55466b78-c489-4085-89cb-34a399fee5d6,medium,0.593,lost,email,11321.17,2026-06-09T18:20:51.175565+00:00,
54bc07a8-8a25-44b4-9e46-59d9682ec78a,372811be-a955-4f38-acee-25ac52898027,817e7855-f4a6-4eba-91a4-9f46a6319043,medium,0.636,recovered,whatsapp,1889.52,2026-06-12T11:43:51.175565+00:00,2026-06-14T03:43:51.175565+00:00
c8df909d-1f7f-4365-a25f-25e7809af2c8,3b0cbab9-14f5-4f16-9c43-6d8471425e5f,68829e7c-e683-470e-a499-1c77bd5aa5cf,medium,0.519,recovered,sms,765.48,2026-06-08T23:43:51.175565+00:00,2026-06-09T08:43:51.175565+00:00
2e730d0d-1292-4e06-ad23-1f253f070016,a8e893fc-aa26-4e53-98a4-fbd242ec8b9d,2ff07a8d-8fbe-4b22-aaa7-9227e6e98e7b,high,0.235,lost,email,4524.26,2026-07-16T16:16:51.175565+00:00,
4a8bd001-a3e0-4f72-9635-e863954c36cd,dff7dd22-47cb-4954-a3b4-676c5efb8a74,4cd7c720-6e48-4633-87d7-3acd30605101,medium,0.531,lost,email,772.34,2026-07-28T17:41:51.175565+00:00,
45944346-6bf3-4fcd-b7a1-3e359a271087,be2d260f-894b-4fa5-bfcf-fa2c8c42af9e,fb2431f9-9b63-4d3f-adc9-93557254558f,low,0.658,recovered,whatsapp,1809.56,2026-06-20T10:32:51.175565+00:00,2026-06-21T02:32:51.175565+00:00
1cb839cd-8d7d-4db4-9beb-a2e4bf8bfe14,171c27ef-9cd7-475a-a96a-06a6bdcad9a3,85ecf74d-d779-4f25-b8a7-dbf7b40a7f58,medium,0.383,lost,whatsapp,2722.55,2026-06-01T19:18:51.175565+00:00,
7bf2f336-16cb-463d-a975-78d4e197fb80,d71d03fd-559b-4b4d-9167-261dee490244,f7e92e29-ea7f-41a4-ba85-45da71303766,low,0.888,recovered,sms,1164.52,2026-07-12T08:24:51.175565+00:00,2026-07-13T00:24:51.175565+00:00
3b76c330-8186-4573-a438-d766afea1f48,90b60c06-1037-4671-9d3f-217bde7df312,7fe6aadb-2223-459e-9352-eb40e0be4007,medium,0.56,lost,email,1928.6,2026-06-27T09:04:51.175565+00:00,
53007731-46ca-488a-8f33-ac8065d4582c,60e7939d-e554-4c02-b59b-934dfc38a2dc,7b9c2e46-6f38-4cc1-9688-9282dc3f6ff1,medium,0.563,lost,sms,3647.55,2026-06-06T07:22:51.175565+00:00,
c775b214-db68-43eb-b02a-c2b9a802eb4f,6b2076f5-2af2-4d52-92e1-65beeb84f5f7,99493801-3075-4d09-8bd4-d6913fc043be,low,0.762,recovered,email,2845.23,2026-07-08T10:52:51.175565+00:00,2026-07-09T08:52:51.175565+00:00
5f1e41b3-cca1-4872-9bc7-4685a491fa57,d7e57d8a-3f5e-42dc-b4a9-21d742ccc554,f333516f-8342-4174-b5dd-9399808ad8a6,low,0.826,link_opened,email,2197.37,2026-08-21T08:10:51.175565+00:00,
6ea26658-7c68-4f46-ad53-00fdcee0f078,be922ba7-36e9-4a82-aa3c-9877fef4283e,ecb2c479-c693-4cd2-bf9e-eb1eeb05028b,high,0.319,lost,whatsapp,2798.95,2026-07-03T19:10:51.175565+00:00,
0a538672-e736-4985-ad72-6de4742a4687,2635a6ca-2a35-4b47-aa61-d6717e467f33,4cd36dae-49b4-4d86-881e-07b49b4cd416,low,0.848,recovered,sms,2208.91,2026-08-07T13:57:51.175565+00:00,2026-08-07T22:57:51.175565+00:00
1f94055c-e30e-4d5a-b7f5-2bfd3a21b07b,7a88fc8e-a95f-443f-badf-20e175bdcf0c,0860eb0f-cce5-4f7b-afc7-6e7e689a4c72,low,0.832,recovered,whatsapp,3876.8,2026-07-27T21:14:51.175565+00:00,2026-07-29T18:14:51.175565+00:00
7f0b9e6a-9b6f-4601-99e0-46540287d4b3,f554cbd3-6330-4f5e-937b-77b8ae94de20,0b9c49ce-8003-46d4-98a4-48adb794cb5c,medium,0.637,recovered,email,612.12,2026-07-12T10:27:51.175565+00:00,2026-07-14T11:27:51.175565+00:00
840ffe75-7349-4408-8a5c-14fd8ade36ad,b9d626ec-4b16-4007-9875-1489287592d5,df1a974c-29a4-4148-ba92-959790ac3fff,low,0.735,recovered,email,3150.31,2026-06-09T13:17:51.175565+00:00,2026-06-10T20:17:51.175565+00:00
2f46b69a-2dc5-416f-b176-25eb589f7466,abc95c3d-e7c4-4f18-8923-652f3c6e64dc,72ad1f0b-64be-441e-a5aa-6e8bf299bc14,medium,0.623,recovered,whatsapp,574.74,2026-07-16T23:01:51.175565+00:00,2026-07-19T03:01:51.175565+00:00
84f437e1-4064-4614-8c69-468c443b5979,38f113b7-1eb9-41a8-ad59-7b8e4693777a,02084f42-aada-4ebe-9acc-58d1f12f229c,low,0.815,recovered,voice_call,2423.42,2026-07-01T06:24:51.175565+00:00,2026-07-02T14:24:51.175565+00:00
c188db5a-6c2a-4b96-a391-1a23e97277e4,9124fa16-72f1-4be6-900b-3f8bb9298212,574dc5ee-a23e-41aa-b5a5-710cd3b6ca59,medium,0.463,lost,sms,1236.35,2026-07-05T23:56:51.175565+00:00,
1c454057-d09e-49ea-a92d-886997afc13f,b69059f9-228c-49d2-a56c-c7392896fd11,ef7fc86d-2143-4df3-9b9e-65f07a1e220d,medium,0.463,lost,whatsapp,7075.69,2026-06-27T10:10:51.175565+00:00,
4eb7437e-4f38-443b-b320-ec91d6111205,972eb964-e809-4c20-a2b7-f4adaa7dd805,38399b38-ee49-4e00-8bee-39b22d4ae740,low,0.715,recovered,voice_call,693.16,2026-06-18T15:14:51.175565+00:00,2026-06-20T04:14:51.175565+00:00
89b970cb-2cdd-4531-8b22-78b2d46d0b1c,1e923f22-e7ec-402d-bfb4-2a7df6294b22,16191f8c-3c05-49c8-bb26-02fbd8e154db,low,0.885,lost,email,775.13,2026-06-03T05:28:51.175565+00:00,
478fac7d-9fe3-44d7-aa84-4f609121b256,b0793602-22c8-4245-8b33-4b0dd0dbc91d,5bf545ff-8d40-4659-ba18-2f75dbfe1e65,high,0.331,lost,whatsapp,1498.98,2026-07-11T08:04:51.175565+00:00,
0ba3afe8-1d6c-4dd8-a60b-d425bcd8863a,88a7e335-af5a-4d77-bba7-b361f8e56216,b48a72fc-20d4-4710-984a-2ae71ca93ef1,medium,0.495,recovered,sms,2732.56,2026-07-23T01:03:51.175565+00:00,2026-07-24T14:03:51.175565+00:00
a71a2a00-81a6-4b0c-95a8-6a407e41dfda,3f52023c-3a4d-457b-97f5-ee499c66a47b,e753014c-a687-4056-9e52-d6a22dd27171,low,0.812,lost,whatsapp,3169.94,2026-08-14T00:40:51.175565+00:00,
4400621c-a9e0-425b-86b4-375a73f2e868,ca858d51-369b-4bb8-a7e4-ce3e5a7f6bcd,40020086-5be6-441e-ace0-e52684da7a70,low,0.73,recovered,email,3848.06,2026-08-14T14:05:51.175565+00:00,2026-08-16T04:05:51.175565+00:00
3a5749a3-4426-451b-9817-27d6ffefa0c0,b54b92d6-5c17-43b6-99ab-ac08ec100a71,953170fa-db0c-456b-9e64-c207cc8bbadb,high,0.288,lost,voice_call,5143.54,2026-06-06T12:10:51.175565+00:00,
6242fd37-b370-47af-98ff-7d728c36b2bf,324c0c6b-8ae5-439f-8767-ed1d080cb62b,e7a8cd92-75bf-4026-a67d-763c652aa0ab,medium,0.494,recovered,email,2209.11,2026-07-16T18:03:51.175565+00:00,2026-07-18T02:03:51.175565+00:00
29d4fce5-e6ba-4c47-bd75-1cee034c397d,d8098b70-8aee-4fe6-bb35-9bdbb190f265,f97ba5d7-cfa1-4dba-bc9a-c399a4f0ffdf,low,0.902,lost,voice_call,5769.84,2026-06-12T01:49:51.175565+00:00,
74ded06f-8262-49f1-bd6f-01b974767f3c,1b4c89e7-ef7e-4693-920a-71bbe829604e,4a3f76f4-fd9b-45ee-aea5-a034741bce2a,low,0.686,recovered,whatsapp,499.0,2026-06-23T10:45:51.175565+00:00,2026-06-24T00:45:51.175565+00:00
caf35049-e2ad-4cb8-9aaf-f73f59d943eb,160bf97d-9e5b-41d2-935a-74686dca7707,13ab2a10-1266-4798-8cf1-983017e40d55,high,0.129,lost,voice_call,13454.54,2026-07-11T20:19:51.175565+00:00,
45b1a944-78ee-4673-8f3b-a1e0735320c5,38b49e49-0754-4e88-9e6b-64e7263b0536,47b2d399-a567-41ec-b854-962ef840fe23,medium,0.599,recovered,whatsapp,6224.65,2026-06-18T08:54:51.175565+00:00,2026-06-19T19:54:51.175565+00:00
3af2e35f-682c-4cda-8fea-332693bd4cbe,d65fd94b-832a-44b4-aa70-e20b4f816d27,cf655c24-821b-47aa-b844-faa6a7761d03,medium,0.367,lost,whatsapp,11886.26,2026-06-14T14:47:51.175565+00:00,
060516fc-0e71-479c-b0d0-5bb56ceb7e12,dfa27d93-cbc3-49b3-b300-7cbee0fb845d,2c694d02-e1e1-4270-898f-352b1a132561,low,0.751,recovered,email,1834.51,2026-05-25T11:24:51.175565+00:00,2026-05-25T17:24:51.175565+00:00
e024f37e-994b-4577-a248-b6b848be298e,4387c884-f529-43fc-b981-e5819aab719e,b6bd4615-51e0-430c-bb25-ab5cbcf89c95,medium,0.425,recovered,sms,1284.47,2026-06-09T17:10:51.175565+00:00,2026-06-10T04:10:51.175565+00:00
d8fc29fd-a298-4ecd-9034-19e8ac5fc8ca,24c46f84-c0ad-4fb4-9665-49ad35f3a92c,5d2dc2be-3a9c-42f0-b5b8-f6b7f40c9d2b,high,0.234,recovered,whatsapp,14624.29,2026-07-02T02:48:51.175565+00:00,2026-07-02T13:48:51.175565+00:00
bc391891-0fc7-4aef-a66c-33af4add3986,59474e66-35dc-479d-937e-fd0e72dd1831,5161c251-9fb5-45f7-ae81-904cd2dbab55,low,0.706,recovered,whatsapp,3700.69,2026-06-04T12:03:51.175565+00:00,2026-06-07T06:03:51.175565+00:00
f74953d4-0d0f-41eb-a67a-65b56bad2ada,5e06c934-7162-4347-bba4-1c5b45f6b885,03b6bac5-fcf3-4193-90a0-354272da58de,low,0.912,recovered,whatsapp,1676.29,2026-08-16T19:29:51.175565+00:00,2026-08-18T03:29:51.175565+00:00
5d9c67ca-afef-4158-81d5-de20f91bd391,0a06f9be-08ce-4b4c-b911-f43cac556d96,1d29c674-c4d6-4aaf-9261-36f64fe4a43b,low,0.734,recovered,email,2563.19,2026-07-29T00:16:51.175565+00:00,2026-07-30T10:16:51.175565+00:00
3dd18256-b1ec-42e1-b5a3-a36f97b36f2d,35e85af5-278b-4b0c-92a0-e9f2d918cc91,7fa8bcfb-5dd5-4110-a72d-c1ee730a153a,high,0.066,lost,whatsapp,4812.51,2026-07-12T01:30:51.175565+00:00,
64688247-bf9a-40c5-bf77-214fa7ca9a24,a95f945b-5c99-405c-a15d-bb0340dd6dd2,74aca186-df09-4c7d-9155-f414263b1091,medium,0.407,lost,sms,2794.83,2026-05-30T05:37:51.175565+00:00,
8618b58e-fa53-456d-8d44-550df9be5c2a,40928fd2-dc28-4874-9064-b2e0dd6cdc35,62adc28d-966c-4087-b083-de9b4579acd7,medium,0.475,lost,email,1610.46,2026-07-04T14:22:51.175565+00:00,
5f15c04a-b8ff-4932-afbb-7f584f38c672,39fdf414-2878-4698-a8d1-ab31ff58a1c0,1d958d6e-74a0-4386-8b88-322ea88a7b06,high,0.326,recovered,voice_call,10705.62,2026-08-15T00:32:51.175565+00:00,2026-08-17T21:32:51.175565+00:00
b803f9db-e6a9-4a98-ae75-e9054be84565,c0b2c013-b4f2-41ce-9e38-f424aafae231,044d6934-df37-4b85-9658-914da405385b,medium,0.401,recovered,email,10156.16,2026-06-08T11:07:51.175565+00:00,2026-06-09T10:07:51.175565+00:00
97d2f9b1-ca65-41b9-95ad-7b91709e1b31,a02eee79-6e70-4e47-b5a1-59f6bad4d5fb,89d4993c-fc87-428e-b816-ce209e6c3f55,low,0.84,recovered,sms,881.28,2026-08-02T18:20:51.175565+00:00,2026-08-05T14:20:51.175565+00:00
cda94433-179b-4419-981a-0030afeb723d,cece9e5c-c803-429b-ad71-6f155eae917b,19395c81-7c0a-4e76-bfa6-938eadfc7471,low,0.777,recovered,sms,5355.43,2026-08-13T18:18:51.175565+00:00,2026-08-14T14:18:51.175565+00:00
555e9471-01b0-4723-9961-3bd069adf95b,d702eadb-4d51-44c6-aca5-4ad45a2a6d1d,abce421a-a577-4322-8a03-78ec5c2cd1c1,medium,0.64,lost,email,2843.19,2026-07-14T14:59:51.175565+00:00,
d7abc35d-9c4a-4782-931d-0ec6a6315fa5,98bd843c-e229-4b12-943a-81ee176b6e77,12e76f46-cc73-4b4a-9ae1-6332a8da1a0f,low,0.682,recovered,voice_call,2201.79,2026-06-13T11:03:51.175565+00:00,2026-06-16T05:03:51.175565+00:00
2d8a2c6e-f510-40b4-8dad-b5092fd6bcab,4c576fc3-8bdc-4b0e-8af6-33f7515b62e8,df8cbb2c-999c-444d-8cc4-b288236279c5,high,0.336,recovered,whatsapp,13112.98,2026-07-28T18:35:51.175565+00:00,2026-07-29T10:35:51.175565+00:00
53bf3058-68bd-43a6-8989-00f2da74787b,88358e03-856f-457b-8af3-45c6da322349,9013a78c-e899-479b-bbd4-85d69a9b37bc,medium,0.478,recovered,email,1545.72,2026-07-03T03:24:51.175565+00:00,2026-07-03T14:24:51.175565+00:00
cbc6f75c-80aa-431c-84b6-40937d9f2f73,b9d626ec-4b16-4007-9875-1489287592d5,0b387682-40bb-486f-abe2-e3a87010e031,medium,0.524,lost,email,5593.06,2026-06-26T16:09:51.175565+00:00,
88f0a6eb-ca24-4ca6-9686-445a2e482643,4ce63464-990e-453f-91df-4fffbc372453,b076e8bb-9569-484d-a889-6709f6d3385e,medium,0.619,recovered,sms,1362.62,2026-06-28T22:39:51.175565+00:00,2026-06-30T21:39:51.175565+00:00
6f55093d-c8b0-40db-8dc5-b9d82cfff766,d5599afb-4101-4ad4-86ed-87b442719e69,45b832c2-73fe-4ac8-ba8c-92001e893e3e,medium,0.646,lost,email,792.19,2026-06-13T07:05:51.175565+00:00,
ea054d61-3c27-49d9-b210-4037332f5fe7,267de13b-4938-4a47-8fce-95f7a3d3f63c,dd3da344-f2bb-40d6-8ce0-bdf6dd25e08d,low,0.66,lost,email,4109.26,2026-08-16T18:20:51.175565+00:00,
055651a5-ace6-4ed9-becb-0ed44c30bad5,f98f7d19-379d-4cea-8ef2-fd1c039b09bc,c3adade1-7aaf-4b76-adc5-8bd7cd8f98cc,low,0.796,recovered,whatsapp,2166.6,2026-06-23T12:48:51.175565+00:00,2026-06-25T12:48:51.175565+00:00
cd2a58b6-f49a-4694-a14f-3cd592263033,885311c2-60bc-41f8-a5fb-3cfd51e8eff6,f4eda60f-e358-4734-9b5d-1bc93cd64f46,low,0.911,recovered,email,1273.55,2026-06-20T16:20:51.175565+00:00,2026-06-22T12:20:51.175565+00:00
1f0dc6e0-e11d-4d9b-acf2-2e8d6ab100e2,e9435dee-66cd-4032-812b-29f040b41dfe,966c9303-bd83-4bc7-95f0-a9c3a8f2ae3d,low,0.652,recovered,whatsapp,1317.37,2026-07-19T20:09:51.175565+00:00,2026-07-22T18:09:51.175565+00:00
b5da5381-c025-4899-9398-8c97a7a0b60a,f1abd3de-e51e-42f9-9d84-c57283478671,1b00b1a1-990f-4443-8ff6-fdb5ba7b3725,low,0.893,recovered,email,2039.38,2026-06-18T09:26:51.175565+00:00,2026-06-18T19:26:51.175565+00:00
0d884e11-80f6-4714-81c9-5a0ce33fb912,b81d2542-fb7b-4c37-8fe4-5a6eb847d074,1128ea81-1a44-442e-a729-8ff57b536750,low,0.697,lost,whatsapp,4787.39,2026-05-27T05:16:51.175565+00:00,
ff0f0faf-ac81-44b9-bdbe-e851ba90e469,562d3bf2-ad49-4d21-9cf9-bfb007f78d94,e6dd639d-a524-4059-88d1-203bb347914a,low,0.754,lost,whatsapp,3655.1,2026-06-06T09:52:51.175565+00:00,
5aa5877e-8cf2-4e99-882e-c50eb259193d,9f67502b-9784-4bbe-9007-5c72291d4fd7,5b69a082-9a28-4530-b408-4f930cb3f636,low,0.667,recovered,sms,774.78,2026-07-11T22:54:51.175565+00:00,2026-07-13T17:54:51.175565+00:00
7571b5fb-b4c3-49db-ab0d-43302f755b89,278c9f28-aafa-4550-8916-f0ce2b4af2d1,132c92e2-f09b-4cd0-b036-2638c5b82431,medium,0.631,recovered,email,2473.6,2026-07-17T20:18:51.175565+00:00,2026-07-20T09:18:51.175565+00:00
bcced269-9237-4f7e-a2f3-fddb332a7efe,8ca9d1db-9e8d-4d25-9547-79c3e77586ac,0085f711-da7b-430c-8368-27e2c93631dd,high,0.277,lost,whatsapp,1499.0,2026-05-31T13:26:51.175565+00:00,
d9a132a0-8029-4d50-9583-967843e845fa,eb49df56-06dc-4f2d-8ba3-572e8c92724e,b54528b0-4343-4c82-b14d-baa38dc7e0e3,low,0.89,recovered,whatsapp,1407.03,2026-06-18T16:21:51.175565+00:00,2026-06-20T07:21:51.175565+00:00
6b268509-8073-4531-bdf3-d2c5454a12bc,3a2772fd-de96-4b99-8798-fad3c2ec8236,f29534b6-ec5d-46c5-85a5-3a84b402fec0,low,0.836,recovered,sms,1788.59,2026-08-06T17:56:51.175565+00:00,2026-08-07T00:56:51.175565+00:00
8ad835da-2f75-403f-b888-9df44d9d289a,e70b1afa-aefd-4c5d-a6d2-5e89a5d1f107,cd5244f4-92bf-4b1b-a913-de0cdbc62c6d,low,0.673,recovered,whatsapp,846.03,2026-07-24T19:52:51.175565+00:00,2026-07-26T16:52:51.175565+00:00
dce16259-491c-401c-9967-b6860b350453,f5766415-b862-470d-9e29-48d1bc0e5aab,7ed15b0b-4221-436a-9c17-213c4aed539f,medium,0.646,recovered,sms,4143.34,2026-06-08T18:48:51.175565+00:00,2026-06-09T05:48:51.175565+00:00
9b566d6b-0ed5-4838-bb5c-903383b4b53e,19b09dc0-6ddc-42cd-9c8a-e5ce2bd09797,7c47ef43-3f19-400b-b69e-dc8f4d5b7241,high,0.332,lost,voice_call,2285.94,2026-08-15T14:32:51.175565+00:00,
20a84614-f2f4-4521-8c33-12971195962c,026321d6-98e2-4ebf-82c1-294a3401ce21,61e12f02-dd61-4825-a151-60cc7797420e,medium,0.583,lost,whatsapp,8218.22,2026-07-28T11:59:51.175565+00:00,
1c6b6c26-a4d0-4d42-befd-34a47fda8fae,f7a876a4-4f09-44d4-ae1e-7d3fc59265ff,b2805368-27cb-4d30-85ee-bd17eca3bd57,medium,0.488,recovered,email,3508.96,2026-08-02T07:18:51.175565+00:00,2026-08-03T06:18:51.175565+00:00
b920116f-0d92-46a6-9e09-adad1891bbf2,22e2f19d-12c3-435e-b863-3ecbdb101f4c,25fdbd86-8e9e-4669-baa5-8da72469538e,medium,0.462,recovered,whatsapp,1049.03,2026-07-11T14:29:51.175565+00:00,2026-07-13T06:29:51.175565+00:00
8dfda9bc-47f3-4015-ab61-69c1a9d58de9,179ee738-9d14-405a-8050-f045d63c391d,fc154689-592d-48d5-8f9a-26d394a88968,low,0.661,lost,whatsapp,814.44,2026-08-14T02:15:51.175565+00:00,
e867ee6b-dff2-4ce5-ba13-96d3451d4a25,9313cd1a-8689-4177-bd61-4b2853152a55,bda88054-63ec-4439-976a-7bee16de8d1b,low,0.724,recovered,email,1519.58,2026-05-25T07:43:51.175565+00:00,2026-05-28T06:43:51.175565+00:00
a06ed250-da55-4e7c-a8ae-8c4fbb85491a,f56177d8-9098-43bf-9ae3-d18408892276,c8158853-46b7-42e1-bca9-01ba515367f7,low,0.65,recovered,whatsapp,1415.98,2026-07-02T19:37:51.175565+00:00,2026-07-05T03:37:51.175565+00:00
549688cc-f046-45a9-b12e-d7a18c90c787,99881a77-6250-4357-8138-82d0a82c355e,8c1049a8-10fc-4d8b-bc90-7be74ba47d9f,medium,0.518,recovered,whatsapp,2231.66,2026-07-21T21:02:51.175565+00:00,2026-07-23T19:02:51.175565+00:00
0c53a9c6-ffb2-41bd-a8ee-e46b54612582,8e1300aa-872e-4e5b-bdca-c87e878d719e,17463e55-2954-414c-a30b-d3789400d4ee,medium,0.614,recovered,whatsapp,3592.09,2026-06-30T13:06:51.175565+00:00,2026-07-03T02:06:51.175565+00:00
4c719ca6-0861-4234-b6c6-d63989430884,f1a66a2a-cfab-4b20-b0f0-233eec26bc4a,c5818aae-f0d3-4b19-9f75-b77316be7e3b,medium,0.505,lost,email,6448.0,2026-06-04T13:07:51.175565+00:00,
811bc459-a1b3-4236-b3c4-c24222a41f0e,f79e1800-f3ff-4da8-a01b-2c6356101001,11eb7289-36ad-4afc-82ad-0427a2d2c530,medium,0.436,recovered,whatsapp,3636.61,2026-06-30T12:48:51.175565+00:00,2026-07-02T17:48:51.175565+00:00
2a64c950-f633-4d96-8d86-d28acd2492ed,90062e11-8def-4745-a7cf-909d413b8527,8bbfaced-7e0f-4d70-afe6-ea2e103ef70a,low,0.758,recovered,email,1644.44,2026-07-14T00:30:51.175565+00:00,2026-07-14T23:30:51.175565+00:00
c6c2a14b-9d15-43e6-9921-dc3a0d7f26cd,a4179f00-96cd-47d1-834d-0744600a77a0,d7dd54ca-e006-46ee-9a4d-4a127f18d50a,medium,0.422,recovered,email,3535.67,2026-05-28T00:07:51.175565+00:00,2026-05-28T13:07:51.175565+00:00
b9120d4d-d6dc-4e8d-80b4-baca9683641f,414e880c-6018-4efd-9a31-7812b11b9eab,b813de84-3f16-443c-ae00-e25acbbc1b26,low,0.794,recovered,voice_call,1787.61,2026-06-03T03:26:51.175565+00:00,2026-06-03T23:26:51.175565+00:00
441c9f89-f994-4383-9abc-8176615d9a81,649285aa-62c9-4891-a976-a6774ce78116,5037f2bc-421e-4d1e-b9a1-834dadf79e9c,low,0.786,contacted,voice_call,775.35,2026-08-20T22:41:51.175565+00:00,
b4567b6c-0375-41a8-818f-80e01c89f53b,8fc174bb-d55b-4098-8223-d5ef8c4e148e,ea4c81d4-a2c3-44d7-a3de-39d5b7d16ebf,low,0.731,recovered,whatsapp,2445.49,2026-06-01T21:09:51.175565+00:00,2026-06-02T04:09:51.175565+00:00
9ddb64b9-c0e2-45da-969e-051bf097a782,924d7326-f018-46a0-95ee-c7ccbdcfbe87,b2990a9d-6c64-422a-9057-cf6df5bbfea3,low,0.68,lost,sms,2075.5,2026-08-12T23:03:51.175565+00:00,
481b0385-4e73-4561-a675-89b146fc2c09,e958afb2-789d-4c74-b7d6-accef7533828,823bd820-d86a-4d86-85f9-398d4fb33148,medium,0.557,recovered,voice_call,3632.4,2026-06-02T05:18:51.175565+00:00,2026-06-03T16:18:51.175565+00:00
1d54ee36-cc03-4bb3-8a30-41bb660902b2,26f9c05d-855c-4e94-926b-267cebaf28e0,d91051aa-9f4e-4889-a7d0-504f988b63ec,medium,0.632,recovered,email,2832.56,2026-06-27T06:19:51.175565+00:00,2026-06-29T06:19:51.175565+00:00
0c730a31-0ab5-4c90-883b-b3a253967a0b,6d97b340-a5a0-48ea-a250-e3f7348f88af,21548503-a81b-4a4c-80b5-a05e24b5f9bc,high,0.264,recovered,whatsapp,1827.54,2026-06-20T23:52:51.175565+00:00,2026-06-21T17:52:51.175565+00:00
fc0382e2-5e70-4da9-8de2-acc580c2fb8e,e2e10535-a31a-4bc2-bd02-114b11b19eb1,f46227c4-48d7-4c00-88ee-310c83f56e0e,low,0.705,lost,sms,8333.01,2026-06-04T10:59:51.175565+00:00,
b02db4c7-7c44-401f-87db-ce51c8ed7f10,4b06aac7-945c-44e2-8c9d-107067910b4a,b0a160a3-a822-41fb-8bbb-93bb8462a123,low,0.714,recovered,email,2338.27,2026-08-06T03:08:51.175565+00:00,2026-08-09T00:08:51.175565+00:00
b3c26276-0770-479c-8736-0944fe59ab1b,1e8dbd64-d2b7-44e8-ab3d-19b5ed30f5bf,640c7d79-b5e0-4d81-a449-771d5eaf7ea7,low,0.691,recovered,email,6733.15,2026-06-14T13:35:51.175565+00:00,2026-06-14T23:35:51.175565+00:00
177ec60f-8f6f-4725-a5dc-9db96565ef71,eff08840-c16e-4dba-900a-bd4830f735ef,ae8d8a37-b841-4468-a09c-b50a43fde9a1,medium,0.621,lost,sms,3076.92,2026-06-04T09:02:51.175565+00:00,
635775e9-d56f-4d52-90e5-4cd016647b2b,dc17bc52-b10c-44da-8e19-ca57d0cbb32a,7a7158ce-c910-4bfd-b172-1b9fb2bb1a36,low,0.683,recovered,whatsapp,7132.74,2026-06-09T14:33:51.175565+00:00,2026-06-11T21:33:51.175565+00:00
eae69b91-98a0-44b9-af82-6dd64be3b1be,544c2ca1-66bf-4e9d-aee7-d907fbd69200,67e6103c-7d27-4c92-b799-55a3249da10c,medium,0.485,lost,whatsapp,3259.79,2026-07-26T17:40:51.175565+00:00,
bdc74cfd-51f2-4c99-9384-ebff7561bec9,411577d0-c12f-4224-81a3-51b6e50f5c7e,e618818e-070f-448e-acbf-d89d9741ff5e,low,0.897,recovered,email,957.73,2026-06-22T06:43:51.175565+00:00,2026-06-23T20:43:51.175565+00:00
1740b26c-7fc8-43d3-9752-8784cb60feda,3b55da78-5e25-4bca-ba5b-806071133dd6,1363fcf1-90bf-4d0f-bc4e-73d1eee2e9eb,medium,0.533,recovered,whatsapp,2176.07,2026-07-12T06:49:51.175565+00:00,2026-07-12T20:49:51.175565+00:00
e62a6815-2509-4fd0-ba14-d9e3ba5c5c06,555a6aec-3be4-4aa4-b49d-a8be1118ce94,e5c7ceb9-b385-48e4-8451-8ac7c61d4fd9,low,0.741,recovered,email,3414.18,2026-06-20T01:04:51.175565+00:00,2026-06-20T17:04:51.175565+00:00
cefba50c-c5c9-40d9-b7aa-eccef6a957de,102e88d8-5f85-4228-8af8-029cb31228c5,3835122b-36d9-4f4f-a891-f6c77e9f79af,medium,0.611,recovered,voice_call,4506.07,2026-08-01T04:16:51.175565+00:00,2026-08-03T11:16:51.175565+00:00
ec08117a-5228-404e-8d6a-4549a5fb1d93,7d802f70-a96b-4027-9d9e-901c29fb7974,66a9daab-73e5-4390-8909-716d35298379,low,0.841,recovered,email,1013.07,2026-08-08T12:54:51.175565+00:00,2026-08-09T19:54:51.175565+00:00
90670e79-c865-40c8-93e9-d35bac8a93b6,0c88922e-a0ce-4779-accf-b916c77d45c9,9af27387-c4f4-446f-b74c-b0fe302e9a3e,low,0.829,lost,email,2530.56,2026-08-17T11:35:51.175565+00:00,
227bd439-1e30-4b67-90e7-7fae5cbc6c9d,a2edf496-2313-4ebb-b626-067af252e972,f4e02ff9-f6d7-4d0c-94b2-456d2dc0c510,low,0.788,recovered,email,3062.98,2026-07-03T23:21:51.175565+00:00,2026-07-06T12:21:51.175565+00:00
3197f6b7-6d6c-4648-b43f-0e2c4b736ec2,08e4b00c-d5cc-4ea1-a1ed-92fbed3dca71,675ac51f-9b6e-44ca-8c88-08e45ec7f1b7,medium,0.477,lost,whatsapp,8750.83,2026-06-12T22:47:51.175565+00:00,
3a7816cb-cdf4-434d-aba7-43f2751d3c64,482fdca3-7438-45b5-aec1-1dfd30104b69,f1c94657-656c-4664-b006-32038be99ee1,medium,0.366,recovered,sms,2949.69,2026-06-12T19:33:51.175565+00:00,2026-06-15T05:33:51.175565+00:00
cf6cd122-790f-4ca3-8add-d4d34c9ee98c,2fa13947-2d63-46e9-a67d-a4e2e2010cde,4839d121-002b-4ce7-9546-7d414cb00bf4,low,0.9,recovered,whatsapp,1226.45,2026-06-24T08:17:51.175565+00:00,2026-06-25T17:17:51.175565+00:00
a8105c39-437b-411f-b09d-40e4b28eb722,1fa8820c-43a3-492b-b15d-acfd5cc2de8e,15753335-3efe-4c49-ae58-26d5c2b91456,high,0.222,lost,whatsapp,2884.05,2026-06-02T18:11:51.175565+00:00,
5b9930ad-d93b-453e-bf33-09f099f68e2e,7cbb8088-47fc-410b-bed7-b8e280abfc7e,37b8a995-8c16-4020-b84a-ac5bc13bbfd9,high,0.309,lost,whatsapp,8181.77,2026-07-05T10:32:51.175565+00:00,
657b425a-0475-4263-8c3c-cca8382d350d,48901a37-7b4c-4c34-81f4-829d19810fc4,4128de9a-9400-4264-85f2-e4c4bdf25fac,medium,0.569,lost,sms,5037.34,2026-08-08T15:09:51.175565+00:00,
bc840353-accf-4f48-b1aa-59c5dc2f1f0b,7cfec718-8879-42a7-8c69-55459270d340,17b8819b-46bb-4a5a-adc6-5fbdfde43018,medium,0.558,lost,whatsapp,1194.74,2026-06-03T06:11:51.175565+00:00,
a9517f22-b47d-41d5-8c98-8430e2c731a8,8e35cfdc-4023-40eb-b38a-eef932b879ec,5fb3db68-d8b6-4068-aa66-75e6decfc020,medium,0.351,lost,email,3292.62,2026-06-17T01:58:51.175565+00:00,
232cb2ca-0c6e-4ac5-a9ae-35db18034458,c470e858-4953-4ac0-a3dd-da4fdb982fff,e7489c75-63cc-4906-9bbf-dedcb03e7769,low,0.817,recovered,whatsapp,1200.85,2026-07-21T21:30:51.175565+00:00,2026-07-22T18:30:51.175565+00:00
03c683b5-9705-4bef-a0ce-27f4d9ce338b,a0b886d5-ef96-41cd-9758-6ea60f1fa343,2e2221a0-5da8-4bec-b46e-0bdf73e4e278,medium,0.379,recovered,whatsapp,4157.52,2026-07-10T11:44:51.175565+00:00,2026-07-12T09:44:51.175565+00:00
d033d38a-d96c-478d-92cb-8c3d0f45de1c,9c0cb0e5-24e1-4032-bca7-fa3810a35864,b3769a4a-f7d4-488c-8735-302ec1e6a80c,medium,0.623,lost,voice_call,3756.61,2026-06-15T11:24:51.175565+00:00,
ed8c5bfa-c926-440d-9c0e-0119d3ddaab0,feca193a-277a-4e61-854c-ea8e64b5d50a,d35daf64-780e-4c23-a42f-4f80c8e70f9a,medium,0.367,recovered,whatsapp,3529.27,2026-06-11T19:30:51.175565+00:00,2026-06-14T05:30:51.175565+00:00
0d3a035a-084a-4794-a728-0919aece7167,4351fab3-4ba4-49d8-9d46-c186975f08dd,2de9af31-d5c0-4650-8b29-030151fc0f25,medium,0.53,recovered,sms,1589.95,2026-05-25T17:12:51.175565+00:00,2026-05-26T09:12:51.175565+00:00
aedf07e9-ed92-447d-9189-7ce408cc6351,a4f81b1d-cfa2-4648-89e1-25f782b0c061,4f461306-55fb-49be-a891-52f1fcbc5d04,medium,0.641,recovered,whatsapp,1701.08,2026-06-11T11:21:51.175565+00:00,2026-06-14T02:21:51.175565+00:00
fba087dd-ec0f-4091-8bd7-790f0b85b44c,e6037031-8bd2-422f-be62-b95073b01df4,418745db-799c-4441-a265-cab7fe43b510,low,0.789,recovered,sms,2226.76,2026-07-29T08:07:51.175565+00:00,2026-07-30T18:07:51.175565+00:00
e83b11a6-5638-436b-a7ee-241ffaa79584,db894160-ae6f-404b-958f-e5a378d40576,59f0ea0d-d014-4315-81e2-20d522ab1cb0,low,0.88,recovered,voice_call,572.11,2026-07-29T11:45:51.175565+00:00,2026-08-01T08:45:51.175565+00:00
e0fd441c-6f6a-419d-839a-c8dea7e55833,26acbd8f-cb32-4308-88e3-8d4d7ee5036a,00768ba3-8639-4ca8-9bc2-397e6737d4d4,medium,0.503,lost,email,14714.29,2026-08-13T03:24:51.175565+00:00,
27ac5f18-0591-4894-ae1d-5f3257d4baa6,ef38998a-8fa6-4fa5-9979-6915c2de740b,522deb52-bc2c-4f8a-916a-ca91d43431e2,medium,0.612,recovered,whatsapp,875.77,2026-07-11T14:04:51.175565+00:00,2026-07-12T13:04:51.175565+00:00
d42b0535-9da0-419f-8dc5-4def1b577e81,bfb92485-2ee3-4a94-b065-41711b4caf37,25deb7b8-209e-4cc4-bcc7-33b163cf8c8c,low,0.656,lost,email,3230.67,2026-07-07T04:23:51.175565+00:00,
9aef7c79-1ff2-46d7-be2b-c419eb9d14d5,efea5e88-7e5d-4e49-9fb8-d267d4e6ed67,20d7fcd6-df94-4b03-ae76-14c575863941,medium,0.408,recovered,voice_call,11248.28,2026-06-28T02:51:51.175565+00:00,2026-06-30T21:51:51.175565+00:00
f2fbf7ca-db7c-448f-8a41-a7144efb9941,f7f76b8b-fb58-4ed6-a2f7-80b17813d35e,fb4e50b2-af83-4c44-8c78-738c7c13274b,medium,0.632,recovered,email,955.1,2026-07-15T03:02:51.175565+00:00,2026-07-17T02:02:51.175565+00:00
5225fed0-b856-424d-8489-a520b3355d29,d4ad310c-f3ae-4478-b5fb-075a0055bd07,462560a1-c915-4847-973a-acd8dc69afe3,medium,0.509,recovered,voice_call,6611.24,2026-06-07T18:54:51.175565+00:00,2026-06-08T05:54:51.175565+00:00
7ae69493-ce84-4a13-850f-c61181e2a7d7,480e9ed8-6f5e-4e34-b389-3879cbcd6cf3,503804f9-562e-4404-91be-dcae8015cf41,low,0.928,recovered,whatsapp,4266.85,2026-06-07T08:37:51.175565+00:00,2026-06-07T19:37:51.175565+00:00
c4058921-f1df-4301-8b88-264645229d86,4ce67b0f-0ad8-43d6-9657-b1ed34bb81ce,fa65faac-10c8-48af-979f-8fef590a6d51,low,0.739,lost,sms,945.41,2026-06-02T20:26:51.175565+00:00,
92a67990-4bb5-42cc-bece-31ca2113f648,62795310-4866-473b-ad2a-eb5b9e57428a,1c00feb5-8fdb-4a8e-86e2-9951ccbc9961,high,0.04,lost,voice_call,47612.29,2026-08-12T11:04:51.175565+00:00,
4f8889d6-b0a1-44cf-b4ee-642d1c9b6d30,de8b8f87-e7a9-406b-8883-4bafcda2d422,bd83a1b5-f84f-497e-9b9c-06e6013c1098,low,0.801,recovered,email,4902.23,2026-06-14T03:55:51.175565+00:00,2026-06-14T18:55:51.175565+00:00
ea33ac7c-6e59-4de2-8dbe-e013f5885540,3739ba5d-77e0-461e-956c-f91011fe9706,c2b11660-5d62-4fd8-be1d-249c91aabc59,low,0.889,recovered,sms,1325.08,2026-07-10T10:31:51.175565+00:00,2026-07-13T07:31:51.175565+00:00
d49e2cd8-6d4b-4fd2-a32a-957d0ab5667a,a276c71c-bd1d-4554-b297-250710773d76,eeecb22d-c53e-4dc5-b1fc-b8866e1c39c8,low,0.813,recovered,email,1200.93,2026-05-29T03:17:51.175565+00:00,2026-05-29T16:17:51.175565+00:00
3baf500f-2118-438a-b2a9-1a93110e7657,14e335fe-4ca9-432a-8d48-25d369f0eff4,c500ec5f-149e-44b7-818a-612b33a313e5,medium,0.61,lost,whatsapp,5296.63,2026-08-17T00:48:51.175565+00:00,
08712758-a3c3-4606-82ab-cec256720bd5,0588c7bb-2566-4bf1-827e-2cbef7199d45,41457ff8-0239-4228-8f11-7d2cc98e9cd8,low,0.877,recovered,email,1453.09,2026-06-02T17:15:51.175565+00:00,2026-06-04T08:15:51.175565+00:00
4b4723b8-c6d0-4639-8327-a4287063026f,731bdb93-3c8a-4aa4-a5bb-4b8438ffff1c,46812ce9-ae9e-48cf-94d9-c926ae2a5904,medium,0.438,lost,sms,1244.86,2026-06-21T20:04:51.175565+00:00,
b316c7b1-161f-477e-b94e-678fb20aca33,a74f3472-5dfa-4e08-8a97-71e0fb95db37,cbc3afd5-3953-4cd1-86ef-2d34cb6b4b07,medium,0.446,recovered,whatsapp,2204.15,2026-07-16T09:03:51.175565+00:00,2026-07-17T07:03:51.175565+00:00
3c662b1d-a7f0-46e6-bfb1-8219c0b39a69,c4030760-64e2-4e7d-b088-b8f023851be0,90204cf4-ef68-4a56-9a2f-259cffbdfd4b,low,0.746,recovered,email,1810.65,2026-07-26T06:13:51.175565+00:00,2026-07-27T00:13:51.175565+00:00
6296f2ce-bef6-4889-ba94-bdd0be154341,6e2adc69-7e58-4aab-8ed2-6ea48e3cc3d5,ff25b8eb-c0ea-4faa-abde-73f39af382dc,high,0.161,lost,whatsapp,8960.87,2026-08-10T19:46:51.175565+00:00,
5fb1a752-c244-4ce8-9395-7ca9c6fbfcea,0df06a55-df3e-4521-850f-f416cbd011df,54fe7a6d-f9b7-4fc6-9391-e8c13f38cd33,low,0.908,lost,email,1561.61,2026-07-26T16:08:51.175565+00:00,
e6c73869-d43f-42a4-9570-9d7c586a0dd9,fcd677dc-deb3-4ed3-8e43-c46ab68270ab,76a0446e-c4d8-4262-b37f-8367d9945bc3,medium,0.532,lost,email,6351.41,2026-06-06T18:36:51.175565+00:00,
6999e596-544c-4038-9a08-ca44d9f85d7b,ac664fc7-af8b-471d-8b24-e03cdee98a14,32fcb79c-704f-4bfd-ab28-3ef1efd539d9,medium,0.523,lost,email,3543.02,2026-07-06T10:57:51.175565+00:00,
f99e0393-3e07-4618-8ec9-9d17535acb92,edbcd0a2-93ce-42b6-9e34-24b523aa4125,ce54bb34-d0a8-4cbf-85d2-33cb8308ebca,low,0.671,recovered,email,1134.58,2026-07-27T01:03:51.175565+00:00,2026-07-29T20:03:51.175565+00:00
b59105fb-e21b-49bd-9164-44bf9c80d1a9,4e3711d1-663c-47d0-995d-b865d8a0cfec,6ea6636a-2388-4608-b7bb-43a21e78855c,high,0.346,lost,whatsapp,15120.04,2026-05-26T12:31:51.175565+00:00,
84304d53-44a3-4af9-9d22-e2c588c7873b,2dc25c2f-af22-4709-8507-e47075928bb7,c975e26a-c0a8-4fbe-bec8-a88a32ebb234,medium,0.566,lost,whatsapp,1429.13,2026-06-18T14:22:51.175565+00:00,
b0baed66-4a99-4c67-b0f5-59a0e2c12578,6a9b94ea-9a5d-462e-8dcc-8d61c25fdc72,74e3eec3-2327-42b5-9ede-d5a75eb366f4,low,0.744,recovered,sms,3831.6,2026-07-12T16:52:51.175565+00:00,2026-07-12T20:52:51.175565+00:00
f20214b2-83dc-443e-810e-9f150e60bfdb,7d5193c0-e546-4333-bca3-a7b1d59fe429,17b75a2e-6451-40c9-ab05-110242ec3e5a,medium,0.499,lost,email,4784.37,2026-05-29T09:38:51.175565+00:00,
784d37e1-367e-429c-8785-c19b8c6a3f36,0f324da5-32cb-4812-9d70-e153b4aa9765,01719e2d-7e21-4971-9259-f489aa033e31,low,0.746,recovered,email,1807.46,2026-08-15T17:43:51.175565+00:00,2026-08-18T00:43:51.175565+00:00
1e04731f-9f55-4461-9d8a-fcdbe464df81,e06e59cd-78fb-499f-98ad-84d34269b89e,ff69e20b-44a6-4cbe-9c4b-c16f436faa0c,low,0.903,recovered,email,1428.37,2026-07-26T01:00:51.175565+00:00,2026-07-28T14:00:51.175565+00:00
02d0a8be-850b-4969-a158-df50d79f15d8,a9667b5d-d72d-4700-b5b0-ee7e860175ee,b61cd9ff-6601-47e9-be49-ab59e4d1237d,medium,0.577,lost,whatsapp,499.0,2026-08-10T20:22:51.175565+00:00,
b0eccabb-7af7-44a2-90bf-4e1f03e752f7,f7fd6308-7af3-4585-acbf-22c1e7ec6819,073b69bb-aa57-4fa0-a121-b0fd26f00c4d,medium,0.574,lost,whatsapp,5287.17,2026-08-15T13:11:51.175565+00:00,
2b327582-77f3-41ef-a2d8-ad27009dcf97,daeb5141-d2a5-4290-9353-d6453ded126b,8edb7239-34c9-454c-a10c-3efcbc9ac5fe,medium,0.511,recovered,whatsapp,2213.04,2026-07-04T20:42:51.175565+00:00,2026-07-07T20:42:51.175565+00:00
2134ad24-a652-47c6-b31a-dbc0353b0d78,be3df702-faaa-45cd-8f2f-f457ce847465,8d4d51bd-08bc-4c42-af66-5b0f7fbe35c8,low,0.866,recovered,email,1663.69,2026-05-27T18:41:51.175565+00:00,2026-05-29T05:41:51.175565+00:00
4c6d14cd-ce8d-4337-aa7c-0208a6124279,9bb84d74-1d1f-47e6-b515-80e9623a48cf,0701b8b0-039e-457b-8f98-86373ab2059d,high,0.236,lost,email,2483.8,2026-06-08T00:06:51.175565+00:00,
86d7cfe4-5b92-4594-af2c-6b2d9674232c,254960b9-ef83-496b-95ef-2b1cc6a6e51e,2112bdcf-308b-48aa-a3b4-480d94d9e23d,low,0.895,recovered,email,4990.65,2026-05-29T01:55:51.175565+00:00,2026-05-31T20:55:51.175565+00:00
9102ecd4-7d43-472f-800e-ea2ed3d1486b,f85d3efe-7ed2-4cdb-964f-31b64a27bfd0,7312a27a-96f7-4105-af36-38c454b28d61,low,0.68,recovered,email,4260.7,2026-06-29T22:27:51.175565+00:00,2026-07-02T12:27:51.175565+00:00
caaf2a35-a926-4ccf-960e-20a42ff321d9,9454793f-3e8a-4743-b22d-76626b2d8728,b9beaf82-d323-4edc-870a-1d3c90ec99d8,high,0.314,recovered,email,6188.95,2026-07-25T14:55:51.175565+00:00,2026-07-25T23:55:51.175565+00:00
5784e19e-9df5-40ef-ae08-3f72286db54b,35f47afb-388e-4621-9e7f-771b7ab57129,12b1599f-ce1f-4f17-bb45-71fc24420355,low,0.911,recovered,email,3853.98,2026-07-24T15:08:51.175565+00:00,2026-07-26T17:08:51.175565+00:00
482504c1-9d50-446a-b511-2337ddaf5f54,956d86bd-28be-457a-b412-0d369205b370,b1a535e7-7879-431b-b6f8-4b381a5dd946,medium,0.387,lost,whatsapp,8065.09,2026-07-09T10:17:51.175565+00:00,
b6e96b8b-e9b8-44ed-8424-167971aadd58,fe8bb7b6-ddce-4f06-915b-cd66b6380f05,b12af569-48f4-4869-8b6a-a5899b58ed57,medium,0.432,recovered,email,551.24,2026-08-15T15:31:51.175565+00:00,2026-08-18T14:31:51.175565+00:00
d188c7c4-1d36-4f87-9a87-68fbb4b6d5df,5786250e-4f8a-4e5c-ba76-cf1291824daa,62e10acc-2ad0-40ff-8e3d-b9ab31fd5a39,medium,0.372,lost,voice_call,4041.23,2026-06-22T08:42:51.175565+00:00,
61104d13-1f2f-4ac7-988a-cb5e131aa4e2,fa751630-af8b-4bcc-a29b-b9da7bf84ec7,f1c94521-7481-4cd8-ac92-c9fa33cb1a97,low,0.694,recovered,whatsapp,6562.47,2026-08-14T10:23:51.175565+00:00,2026-08-15T21:23:51.175565+00:00
d8b79a91-396f-4098-8f2b-f8ec5a899911,10160bdc-90bd-4b24-b935-d55d2a4886e2,1d49c8ce-288d-400c-b80d-91f3b827de2c,medium,0.413,recovered,voice_call,1427.72,2026-06-16T05:38:51.175565+00:00,2026-06-18T21:38:51.175565+00:00
ba1c9fb9-edc0-4c4e-8e53-ed005453c011,b98c293e-8058-47f3-bcb4-529909f24c09,a2734c88-01bb-46d0-807c-095d3c1d9e1e,medium,0.592,lost,whatsapp,966.77,2026-07-07T19:09:51.175565+00:00,
fedb6fc6-6264-45bd-9ace-f783140ebe49,516aa2ca-df78-4b61-b57d-e3a3c4b64175,5682b42a-0a8b-49bb-b9fd-f6e02d5fd779,low,0.712,recovered,whatsapp,3635.47,2026-05-29T11:52:51.175565+00:00,2026-05-31T02:52:51.175565+00:00
0e9210a4-14cd-4196-adc6-7e59b27fabaf,e79bd5ad-5875-4d4c-b550-78c41007f171,247cffaf-3205-4e19-92fc-29c9d7cdce18,medium,0.406,lost,email,1241.17,2026-06-12T10:44:51.175565+00:00,
f4a1690d-1a11-47ea-9ac7-4b2de3ba8515,62acc9be-50e9-4ede-930e-2c00c38e627a,4cf111f5-5289-4e89-813e-9c7156567986,medium,0.542,recovered,sms,1291.05,2026-07-08T00:26:51.175565+00:00,2026-07-08T18:26:51.175565+00:00
c11025b6-4106-4713-8f08-a1be86f91e9c,450bd47b-6e74-43d1-8a98-cea03ef1a250,2abcf782-7f2b-4b47-b92b-bc743db81f38,medium,0.503,recovered,sms,2274.12,2026-06-10T06:41:51.175565+00:00,2026-06-10T18:41:51.175565+00:00
2ebf4c1e-091b-4598-8c45-17664323a3ee,83692f2f-f518-4061-b233-d3619149ac43,46a0bb84-05af-49f8-bb12-17b9204cec65,medium,0.523,lost,whatsapp,922.39,2026-06-01T14:33:51.175565+00:00,
adc28b5d-9a28-42fe-88ae-10823b97795a,03b0d3c9-ca7a-4f06-9903-869de5f6b6fe,c89e13b1-8f34-40f0-9241-795ebded8fc0,low,0.738,recovered,email,1699.32,2026-08-19T03:35:51.175565+00:00,2026-08-20T09:35:51.175565+00:00
721d794d-9d20-4b5b-86e2-0921f58d2af5,70ba8178-6397-4a47-b7e5-73ef038caadf,db9b0769-58c3-4510-9511-276e183fe964,low,0.729,recovered,email,1242.14,2026-08-11T22:59:51.175565+00:00,2026-08-14T17:59:51.175565+00:00
dc60eb8d-a1e8-47bf-9645-bbf936fd742f,a96e6738-3618-458d-8d81-bac3669c47ed,60773ed4-8b33-4876-bbb5-0d1e9b37e766,low,0.841,recovered,whatsapp,3543.51,2026-08-01T19:59:51.175565+00:00,2026-08-04T12:59:51.175565+00:00
7298f411-27b9-4d94-bd3b-10ae8db53b3f,5a64ef80-2c48-4afd-86a7-2269dc21860a,847d9abb-c6e2-433b-9bb2-294fd05b4bee,medium,0.39,lost,voice_call,12651.9,2026-06-08T15:53:51.175565+00:00,
6aad29c4-08c1-4471-b99f-dd947a14c723,b3dc0f4d-cefe-4c42-beac-1b5bd76cea60,5e379a52-4cc6-4cb2-a524-ca8ede33c5d0,medium,0.643,recovered,email,1183.09,2026-06-06T01:37:51.175565+00:00,2026-06-08T11:37:51.175565+00:00
6a8d715d-c42a-4ad5-a04e-c43a3152cf5c,9cac1247-c1a0-4208-bd36-5f3b718ec4be,45f6b22a-1339-4dcb-92f8-aa40fed4357d,high,0.251,lost,voice_call,13325.32,2026-07-09T09:03:51.175565+00:00,
04e66920-a161-48ad-9229-8f30b5f3c088,67fb045e-7a35-4a61-9ab1-d93836f71840,08ef866c-6141-4430-9821-95d6ca8d0fbd,medium,0.638,recovered,voice_call,5335.65,2026-07-03T07:33:51.175565+00:00,2026-07-06T05:33:51.175565+00:00
6a66fae8-a8e7-478d-b608-91209b5949d9,a550a078-8ee5-4c14-a8a8-f68321508775,06564675-849f-4bef-b1d6-612140b603ae,medium,0.621,lost,whatsapp,619.94,2026-08-16T12:32:51.175565+00:00,
cf2a7ccf-bde5-4cb6-b966-0861dfa86a29,2e057612-fe96-46d8-b5f0-5676f3fb41e4,90520925-5f74-4bc1-a506-3b9268e18844,medium,0.524,recovered,email,1597.89,2026-06-23T05:33:51.175565+00:00,2026-06-24T18:33:51.175565+00:00
139b4f9b-0ad1-4211-92c7-f80ad12dc500,c9798afe-5ada-4055-96d2-8c23f293589e,98f331f2-cfa7-4859-9c1c-688df4398c37,medium,0.47,recovered,email,1775.02,2026-08-16T03:10:51.175565+00:00,2026-08-18T10:10:51.175565+00:00
7edfba03-395b-4b7c-9b49-42af9e464540,e1f44068-f84b-41c8-924e-88b5ab52ff35,6b480db9-1f33-4905-9a6b-e439e911cfee,medium,0.566,recovered,whatsapp,1806.17,2026-05-30T19:10:51.175565+00:00,2026-06-02T11:10:51.175565+00:00
26a647c8-4b53-426d-8620-e65f11d73971,01da291b-e3b8-46ad-9aac-4b6ff40e2d8f,90e1e3f8-8090-4f66-bbc7-8789e0a828e1,medium,0.462,lost,email,3803.16,2026-08-17T21:46:51.175565+00:00,
0298d3cc-c7c4-4c8a-94bb-dd048b41b3fe,68edf5ee-a5ac-436e-a1ea-32aad90f2c34,8e6923d1-0fdc-4700-82d9-c21695e4b2f9,medium,0.619,recovered,whatsapp,2661.84,2026-08-06T15:47:51.175565+00:00,2026-08-09T04:47:51.175565+00:00
0b01088f-aa7f-4107-8a85-f2ac2368bcfa,b892122a-ae0d-42cf-b887-4e5a581771bd,3bd0f8c3-9772-4bac-a8ca-814f5ce40494,medium,0.417,recovered,email,2910.49,2026-08-14T23:12:51.175565+00:00,2026-08-15T06:12:51.175565+00:00
38334d77-1df5-4e93-8d65-d6435428fc01,8e9aa02e-c63a-4ab1-a3ca-8e7a1359c0d9,9e53837c-d89b-4740-9dae-9338f1bbef19,medium,0.459,recovered,email,2316.65,2026-05-31T18:50:51.175565+00:00,2026-06-02T20:50:51.175565+00:00
cf0b8eb0-491c-4023-9a2b-7aeb794fffc0,915cd098-8523-42a0-9c13-a55fede91f85,5b981d6a-935a-4e56-9aa8-609849a084aa,high,0.225,lost,email,3228.22,2026-08-04T21:32:51.175565+00:00,
0642fce8-f4d9-45e6-8ea1-17e25ea594e2,d314c42a-591f-44bd-90c6-bdc497303a33,46b50508-e466-4bc8-94aa-18eeb716e137,medium,0.597,lost,sms,2204.17,2026-06-12T12:08:51.175565+00:00,
faecabf9-15f8-48d2-a4e3-f6a766bea67f,f66a5461-4586-4b4a-8bf8-1a18f2c9e77c,1e9fdecd-3592-43e6-8419-3e24db590f01,low,0.788,recovered,email,1159.29,2026-06-14T15:04:51.175565+00:00,2026-06-15T18:04:51.175565+00:00
8afd9c91-fe8c-469c-8661-e6da6fd0ba96,56f84395-e63a-4e6c-be61-e2ae900c5608,ddc99c6e-1c39-4243-a097-05cbcf45e273,medium,0.43,lost,email,2891.75,2026-07-22T18:55:51.175565+00:00,
d91a986b-66ec-4d08-88fc-eebcab5d7730,ed59ef2d-abab-4865-880a-96ebe03e1054,b356609f-507f-41e3-a353-28a5ca6e6d6a,high,0.323,lost,voice_call,3431.26,2026-08-14T09:22:51.175565+00:00,
99bd9ac9-4954-4b4b-9f42-ec01545a8d67,9d27edc0-5d36-4692-acc2-a402764b5329,8028b46e-6fa9-459e-8f96-cbb4fcc6ae9e,low,0.686,lost,whatsapp,1322.1,2026-08-16T15:49:51.175565+00:00,
9b0bfd3b-cdc0-4bcf-905a-6be4e11fc2b6,e8480192-3a4c-46ca-8a34-4e4a77a25135,1bbcad68-6ce1-445a-bd25-6bc5435b5c23,medium,0.522,lost,email,1726.32,2026-07-25T19:12:51.175565+00:00,
12f5a625-7a2c-4dfe-bb05-ac6db2f7da91,e2ed540b-1226-464d-abf8-27a9c5a407a4,c851670c-49bb-4d2f-a9a2-4be8878b37b5,low,0.731,lost,email,1522.25,2026-05-25T17:12:51.175565+00:00,
44a6a0b4-3aa1-48e1-857c-c091b15716ca,546c56e3-c502-4dc3-a91b-8896d014338c,40acb04d-9f37-4857-9329-05d6affcd1e9,high,0.279,recovered,whatsapp,2721.88,2026-08-16T00:27:51.175565+00:00,2026-08-16T16:27:51.175565+00:00
9c3af821-52d7-4965-a856-bf4c302b1c1a,528d2b61-90f3-412f-ac97-46b1941daca9,df03292a-0543-4699-9724-ac43b4e411ad,low,0.787,recovered,whatsapp,3841.74,2026-08-12T08:52:51.175565+00:00,2026-08-14T18:52:51.175565+00:00
75b2a9c1-5487-49fb-bc78-8c15c5f36de5,0768b424-568d-4d4f-a2b7-2ee14ae0c735,42152839-e2a2-40f4-89d3-3177900d3070,low,0.871,contacted,email,3733.55,2026-08-21T07:45:51.175565+00:00,
e3f90389-7cef-4936-8ca2-5a133a1f583f,170958bc-9bb2-437b-8af1-4ed02ca7aa4e,bd7c2fd8-0771-4031-8167-539c045815d7,low,0.753,recovered,whatsapp,2199.56,2026-07-12T01:35:51.175565+00:00,2026-07-14T06:35:51.175565+00:00
b3b80c84-917c-4bf4-afff-31a28374165d,8a17bab3-172b-4a4f-878f-087ffcb4696a,fa4aedaa-fdc6-47c2-acdf-1477c0487e44,low,0.698,recovered,email,957.51,2026-08-02T14:22:51.175565+00:00,2026-08-02T23:22:51.175565+00:00
8f3c854f-fd1e-4e7a-a871-9cc851d838b5,09769796-f4cf-42c9-91b2-45ce197a7aba,1ec40558-8c6e-4eac-9c41-0a8f7a184b9f,high,0.187,lost,whatsapp,8305.39,2026-07-27T17:59:51.175565+00:00,
30315e22-6f53-4168-8727-7ac4ded1691c,3a842669-d753-4074-a34d-daaf2ba14731,cf077168-cd8d-4285-8736-d59248de2055,medium,0.581,lost,email,503.12,2026-07-18T02:38:51.175565+00:00,
86417118-0ccd-4fc9-8d1d-7fcd174f52a9,b83d04e9-10b1-4e6e-9feb-2f953e9f6ec2,8b620abe-9f8e-4b14-a299-bc45c25dff02,medium,0.533,recovered,whatsapp,3778.46,2026-07-20T13:27:51.175565+00:00,2026-07-23T12:27:51.175565+00:00
fba52a7c-0243-48e0-bfc1-a37d011adb35,643d57c7-9025-4b80-b930-95e155328b5d,b95922b1-77ba-415d-8122-6dc5f5d76e79,medium,0.555,lost,email,4921.66,2026-07-18T10:11:51.175565+00:00,
06f4c0bf-d365-4140-af54-70da31fed7bb,26f44c2f-622c-48b2-a41a-46c462b22652,6a916199-38a6-4a53-988a-77366f6367cf,medium,0.631,lost,email,3820.47,2026-07-13T03:15:51.175565+00:00,
3fa6c113-0fdd-4796-a463-471afa88defa,f5237a38-8401-4ccf-8197-ad3cdaf1e7d4,81aae377-e205-4c1f-8053-579b7e3e2420,medium,0.586,recovered,sms,6113.68,2026-06-12T00:55:51.175565+00:00,2026-06-14T08:55:51.175565+00:00
1c00045c-23d4-42b1-b0c6-0ad1cae515e3,2668bd38-9312-474a-bc46-8ba974d3492e,aa32aa00-f953-405e-80fe-da4080f8c130,low,0.691,recovered,whatsapp,5367.24,2026-05-31T09:25:51.175565+00:00,2026-06-03T08:25:51.175565+00:00
1b6a3efd-4b29-4da6-a70b-e865a22a2e73,ca16c519-0326-439f-8646-22950dc8ae8f,e83efbee-cbb3-4a9c-b455-152830c11b5f,low,0.763,recovered,sms,7959.53,2026-06-29T08:57:51.175565+00:00,2026-07-01T02:57:51.175565+00:00
cf489f08-cf60-4fdc-beb9-0d1d7cffdaa5,426306f6-a8f4-47d3-bb98-609a120ac10e,c156e48e-0d93-4ffc-8869-1e1e2065663f,low,0.88,lost,whatsapp,1916.52,2026-07-21T10:26:51.175565+00:00,
45c3fa26-ac09-400b-8826-63e62138262a,9af9ad62-d00c-45ae-b374-bf7bceb3e3f7,7f214a77-62f7-45dd-ae22-32c81554b920,high,0.239,recovered,whatsapp,3966.64,2026-08-05T22:56:51.175565+00:00,2026-08-07T15:56:51.175565+00:00
718042ef-51b9-405a-ac83-9c97991ceec1,8a4f4645-4e42-4dc6-9b06-568b5e9f6904,dedcb72e-c9e5-4bca-94e9-8604b752b331,low,0.781,lost,whatsapp,4481.88,2026-06-23T19:47:51.175565+00:00,
3c660a36-61bf-4b75-b12f-9a22ba2cb25c,5b35478a-810b-4a95-828d-ad576e372849,75dce902-665a-4bfa-b271-9a31639b9b97,low,0.747,recovered,sms,2001.16,2026-05-27T05:12:51.175565+00:00,2026-05-29T11:12:51.175565+00:00
bc8eca2e-74a6-4ba0-8486-c53e1e8cadd0,bc03cdae-d6db-4cf5-bdd5-6dde97e9f1a5,2fc7734d-657e-4422-82ff-dddf449a6c80,low,0.854,recovered,whatsapp,811.8,2026-06-28T05:22:51.175565+00:00,2026-06-30T06:22:51.175565+00:00
e5810fb3-9ecf-4e48-a8e7-c6f37b4ce561,cf83dc1a-ef78-40df-a54b-2b8f29a6c524,03e2ab12-d2f5-438c-9459-3e8e4e7a14b3,medium,0.498,recovered,whatsapp,1262.99,2026-07-31T08:15:51.175565+00:00,2026-07-31T20:15:51.175565+00:00
ccef4a93-4d37-4d64-83ca-63baccf4faa2,382bd1e4-05ba-45a1-b73b-9e9f2aaa524b,99e78d16-c8f5-48ff-a54c-73cbd6f18437,low,0.699,recovered,whatsapp,1985.32,2026-08-19T05:28:51.175565+00:00,2026-08-19T19:28:51.175565+00:00
dc9a1e82-66c4-4a7b-9be1-9b25b4b3e13c,8370916f-6921-435a-823c-be879df0431b,ac318903-a11d-4fba-8013-79663ee210e2,medium,0.563,recovered,email,2685.31,2026-07-29T00:53:51.175565+00:00,2026-07-30T09:53:51.175565+00:00
2774a3bb-c402-4cc0-a73a-67d569a77f65,1c58bf6c-6d0c-4e66-a8ba-34a29a2fbbb5,90eb5673-4848-40d0-b9eb-9870a4c13532,high,0.174,lost,voice_call,3402.27,2026-07-15T15:29:51.175565+00:00,
25f94efe-fb8a-47a1-b89c-f1b4c7abb8bd,919703e2-9445-453a-aab5-999d64474077,997a3abe-467d-4376-b4a2-26da596d8751,low,0.931,recovered,sms,3149.51,2026-06-02T17:21:51.175565+00:00,2026-06-05T17:21:51.175565+00:00
2be17bb3-4225-4f2c-9eda-e7235bbb291a,c4e4c21e-31fa-46b7-8e92-7ce082389645,423ce7b3-6771-4d8c-8249-4855200ea453,low,0.881,recovered,email,4229.45,2026-08-17T07:17:51.175565+00:00,2026-08-20T06:17:51.175565+00:00
b1420634-ea35-4fd8-9e14-2cbf1def1fa0,0df3bf34-b99e-4924-b45c-3513261f11ca,7e175932-203f-44fd-8d7f-b58e3d92e3ce,low,0.845,recovered,sms,3913.0,2026-07-24T07:07:51.175565+00:00,2026-07-27T02:07:51.175565+00:00
8a134e2a-6ab7-4ecd-b9f0-6386f926e043,cf6334f3-8354-45f7-af72-ff3a9b7205c5,fc1b2442-2914-4371-81bc-6de60281414f,low,0.805,recovered,whatsapp,3515.28,2026-05-30T05:15:51.175565+00:00,2026-06-01T10:15:51.175565+00:00
b7635296-3fdf-47b4-ae79-29dee2be6ddd,2da84114-ad2b-4aea-b926-96ca3fe92dab,4e28317c-161b-465a-8bc3-e5c260e87802,high,0.305,lost,whatsapp,3316.67,2026-05-27T16:16:51.175565+00:00,
8615b345-1de6-409a-8d7e-8a2b146cb44c,30ee4723-d14b-489f-b3ad-86691ea8870b,e2889976-79d7-4c38-8cd3-9570992ef7c9,high,0.196,recovered,voice_call,32750.48,2026-07-11T03:28:51.175565+00:00,2026-07-11T17:28:51.175565+00:00
e699a3fa-7a1b-4921-a4e3-a0e04973cb8d,aa594153-1db6-4071-a1cf-5692908748d5,54698f64-f00e-4182-bc98-ecc1b5a578de,medium,0.551,recovered,whatsapp,1115.75,2026-06-27T18:33:51.175565+00:00,2026-06-28T02:33:51.175565+00:00
38139f21-64b6-4ff9-a430-a08ae14dd876,50a525ee-036f-43c8-a3b7-e18f707882a7,a2e09699-e2f9-43cf-8521-b223e903aae9,low,0.651,lost,email,2511.45,2026-07-23T14:54:51.175565+00:00,
f1694369-fe94-4d5e-bb04-5213f619c99f,965907c9-2638-409b-a69a-2e46313862f9,e41ef4eb-133a-421e-83b2-b75d4a1e0ee4,medium,0.647,recovered,email,3861.2,2026-07-26T04:24:51.175565+00:00,2026-07-27T13:24:51.175565+00:00
c1f10477-cf1e-4dd1-b088-5cbffa5709ce,b60e345e-f793-45fc-8605-a150616a9c72,c7e378ce-d0c3-48f2-9107-2782cc959bf8,medium,0.611,recovered,whatsapp,5672.8,2026-08-14T17:54:51.175565+00:00,2026-08-16T02:54:51.175565+00:00
19c73bc0-9e0f-4a0b-9b31-7cb254f01de1,ee6f00aa-9b69-41af-b0ea-eb733b32b76c,dc27f14d-5bc4-4bd7-8b27-10f9ddd3badb,low,0.664,lost,email,803.52,2026-06-07T18:51:51.175565+00:00,
031c521e-48d9-430e-b917-e9463b8bf216,dd2095e6-60b1-4e53-9d9f-530625d1a092,bf15d8fd-6542-4b52-abf0-b6385385864e,low,0.738,recovered,sms,6000.89,2026-07-19T08:33:51.175565+00:00,2026-07-21T00:33:51.175565+00:00
6077f30d-fed1-4a11-a329-cf2eec8823f9,594655a1-5de6-41d2-a128-b9469aa50c5c,8fe008f4-f239-4827-83d5-6adbabff0d5c,low,0.944,recovered,voice_call,4039.24,2026-07-12T17:11:51.175565+00:00,2026-07-12T23:11:51.175565+00:00
46d15df0-9b40-4a87-be51-377092c419bd,4e911659-e84c-4ce5-bdfa-42b62aa54c19,69cbd104-fe8e-496b-8f5b-59970b66ea0e,high,0.33,lost,whatsapp,5378.46,2026-07-16T15:53:51.175565+00:00,
dc5537a2-fec1-4332-8103-4341335697e1,06a00840-63aa-4b61-bca9-500676a6aa3a,7c141497-225f-44d9-a5b2-448a8fedd131,low,0.76,recovered,whatsapp,499.0,2026-07-13T10:08:51.175565+00:00,2026-07-15T23:08:51.175565+00:00
4e0e2b5a-f9f6-46e0-bc9a-c1cab72c7904,63a20532-4950-492b-b0a8-2085d07d35d0,69975bed-4e17-40e6-91da-2668e9394176,medium,0.534,lost,whatsapp,1567.32,2026-06-17T18:17:51.175565+00:00,
24c82748-04b7-4b57-96c4-b243e2c574c2,5e99f1bc-34ea-418f-9f13-268361448cd3,4d1d67fb-8e3a-42a1-b11f-5c565a6ec9d5,low,0.848,recovered,email,1158.03,2026-07-16T09:07:51.175565+00:00,2026-07-17T03:07:51.175565+00:00
12956bee-b0a0-4791-bd9f-49180c60d4b6,7d4ff2ed-5c04-4fb0-acbe-0ab4bd93e997,1ce7f589-443b-47a5-8167-d2d9b418c9f0,medium,0.518,recovered,email,8897.43,2026-07-07T20:52:51.175565+00:00,2026-07-09T14:52:51.175565+00:00
e07b49a9-a3a7-4efa-8978-17cd0ffb0fdd,902c381c-4229-4baa-9f3c-2146367eb651,48eedd7e-20c5-4c75-9d39-72af4cbd87fb,medium,0.352,recovered,whatsapp,4914.63,2026-05-30T22:26:51.175565+00:00,2026-06-01T18:26:51.175565+00:00
7ac12d88-64cb-4829-833c-e1a6a2e60c90,3ec73cce-ac94-47f4-93a2-9c108bacaafd,1be1cbad-73b1-4b57-bb76-cff9572c60cd,medium,0.375,recovered,email,6818.22,2026-07-07T17:09:51.175565+00:00,2026-07-08T07:09:51.175565+00:00
825d9047-86f2-4ecb-a361-f44cb03ad608,4bce7b6b-a32c-46d3-8aa1-ed20ecb6f1d9,01895c33-9629-492d-a856-9d6f9568c1cc,low,0.76,lost,email,3477.81,2026-07-14T18:23:51.175565+00:00,
01b1ba78-0bee-4656-9c1e-e53801f852bd,a20f55f7-2518-41b3-8e68-ff28b3c90c10,ddccafa1-d998-44d0-8cb7-bb5cf8a8f0c2,low,0.878,recovered,sms,2344.28,2026-07-30T11:40:51.175565+00:00,2026-07-31T06:40:51.175565+00:00
40ae1aeb-9dd6-400f-ae79-c1119b545660,31199b03-0770-4d32-9db4-4e9ff912ddd6,594f9c3f-8c3f-4a54-af46-b53039492094,high,0.314,recovered,voice_call,2945.33,2026-07-27T18:46:51.175565+00:00,2026-07-28T09:46:51.175565+00:00
3fde7647-4873-4783-81bc-4b8e5df251b1,e6030c88-a260-4ed5-b80a-18eaaf6f31b4,34fdf795-e1a4-4e5b-8e51-116c4c866062,low,0.842,recovered,sms,1991.45,2026-07-02T06:21:51.175565+00:00,2026-07-04T05:21:51.175565+00:00
2bbc5a6a-6807-4805-862d-3abeed8139e7,0e29a29b-d956-4a0d-9583-6b48ad1891b8,89027375-4673-4708-a2a6-611aca62c85d,medium,0.59,lost,email,1279.87,2026-08-08T13:11:51.175565+00:00,
c7d4096c-c3fc-46fd-8294-6a0046f0f6db,8a11b1eb-f201-4f1d-8b46-4ac60bc582a3,d563d9db-5b57-4cfd-95ee-78d68f25fe52,low,0.744,recovered,whatsapp,956.79,2026-08-10T16:42:51.175565+00:00,2026-08-13T00:42:51.175565+00:00
7382b8bf-f685-482f-bed3-db6c024f4173,82aefd91-1e69-41e4-9d1c-c39d0f3f0ab1,cea72123-7a8e-4ea1-a9b0-13424bbec1ad,medium,0.493,recovered,sms,1628.35,2026-06-03T01:15:51.175565+00:00,2026-06-03T09:15:51.175565+00:00
38c5a1ed-64c3-4375-b55c-d677beeed724,7829b38b-0dff-4266-8ecf-ce194d509f5a,217bf391-17fe-4571-a038-e0762ae04465,medium,0.545,lost,whatsapp,5731.64,2026-08-19T15:03:51.175565+00:00,
46f90ce8-e99a-454a-a86f-e542a0f4c9c6,8656fcc7-ce8e-4d52-a33b-23f1eb8ff89a,fd9ce3e6-3ff1-43b0-b07d-3e3ccf933d15,medium,0.504,recovered,whatsapp,2183.25,2026-07-29T20:17:51.175565+00:00,2026-07-31T19:17:51.175565+00:00
f56b1d3f-3439-47af-b209-372c1a87959b,d6b2bcc9-7e36-4e88-8d73-eaefc6591743,447d748a-bbcc-4e33-aac4-c50f7dd87853,low,0.844,recovered,whatsapp,4161.39,2026-06-16T22:46:51.175565+00:00,2026-06-17T23:46:51.175565+00:00
0de216db-abc5-412c-bf6d-eb89a7e2817b,00474aa3-969c-4fe3-b525-f8676327bb34,751a4e9b-e1c7-46c1-9f36-90fed94ff123,low,0.651,recovered,email,3482.08,2026-08-19T05:05:51.175565+00:00,2026-08-20T21:05:51.175565+00:00
5f8697ca-5eff-48a5-8e40-91a8b6c69f8c,3a759333-85df-48fd-a6e5-a3b5f76c7d1f,c0307d80-9291-4237-ae88-93205928ec88,low,0.931,recovered,email,499.0,2026-07-25T01:27:51.175565+00:00,2026-07-25T17:27:51.175565+00:00
f841f7c7-5921-44c7-a262-751ca5e31747,ee5f9e59-6ca1-47cb-9fc5-5e6a3ca0af37,c6ac5282-3044-4cde-8801-d657aef58c13,medium,0.536,lost,email,1978.24,2026-05-30T22:32:51.175565+00:00,
e8bb6093-fed0-4eb9-8fd4-1c714bf0f6b0,956de381-4bdf-46eb-b1d3-530ed4df6520,f9d621e6-14e1-4210-b50c-b31a9d96b9af,medium,0.468,recovered,email,4173.44,2026-07-01T09:29:51.175565+00:00,2026-07-02T19:29:51.175565+00:00
ec4fa611-d152-4826-9151-f96a7d2c9148,2f9acc5d-40f5-4cff-990e-69266ff97829,0669af05-985b-449e-b596-7243f63b1438,medium,0.597,recovered,email,1230.47,2026-07-07T23:24:51.175565+00:00,2026-07-08T16:24:51.175565+00:00
46cb56fa-30f2-493f-869f-02b523a4a88d,26266db3-389e-4535-afe0-97a871d0d1f6,c956b0ee-0062-4227-9445-b7a3207e2128,low,0.776,recovered,email,532.6,2026-07-23T11:11:51.175565+00:00,2026-07-24T21:11:51.175565+00:00
f2f50765-9f99-43a0-80d8-eb22cc94279c,420eee25-09b8-4f9e-bf55-fa5b5ce73f4a,a5e35164-2708-469b-a4e4-386982deb9b3,low,0.657,lost,whatsapp,1800.53,2026-06-01T14:49:51.175565+00:00,
23436a01-9cd1-48e5-be93-bea4d7bf5841,77a72913-d602-4f39-83ca-f37af9335a00,1fe01cbc-5375-4f52-9dc4-ee158d5ed850,low,0.662,recovered,sms,3587.89,2026-08-18T04:36:51.175565+00:00,2026-08-19T16:36:51.175565+00:00
795cd727-46c0-47ec-a67b-950d316a0e97,ab92df14-033f-452b-8c7a-aa17fcb53d50,c604a5b1-f94d-4cab-87c0-6f5c33529762,low,0.802,lost,whatsapp,2832.02,2026-07-03T17:39:51.175565+00:00,
f7141824-6900-484e-b355-3bbef757c90d,dd24f411-9fb3-4dfc-b66b-d82c2a1abc39,97515443-bc7a-4de6-84b4-84e9eeeb3003,high,0.327,lost,voice_call,3963.11,2026-07-30T17:29:51.175565+00:00,
0dbccb91-c3d7-4993-8852-94ad8465cc5d,ef48d700-9b0f-4c80-89a6-bc78790b0880,49abdbd1-b336-4f72-aa4b-7523bb2a26f5,medium,0.645,lost,whatsapp,499.0,2026-06-03T14:14:51.175565+00:00,
6ee82ff4-2115-45cf-b4f7-54485134a892,95b2f37e-972d-4230-8d68-4c17f39ecac1,18741ce9-cb44-47cd-b62d-194a8bdc5462,medium,0.567,recovered,sms,3966.47,2026-07-20T20:31:51.175565+00:00,2026-07-22T12:31:51.175565+00:00
2b6d03a3-9c63-4a86-84df-011167f5d01a,0aad591b-f301-42bb-82f4-8eae9ba68e1b,acd681b2-2bd6-4d3c-919a-adc8a1f284dc,medium,0.623,lost,voice_call,1455.81,2026-06-29T03:41:51.175565+00:00,
5835c238-b326-412c-bc77-8151fc2f4b26,a1b9a0f4-a424-4afd-b3c0-095ca689739c,33734ee6-87e4-4780-b657-c7ef795c2bf7,medium,0.59,recovered,whatsapp,4643.43,2026-07-25T01:59:51.175565+00:00,2026-07-26T10:59:51.175565+00:00
9237f26d-23e6-416c-8c45-a7c20157a5a1,77df2f04-6014-4e50-8bb0-c51257039ec8,206282ad-42e9-4fd2-a08b-ae69effd2f3a,medium,0.553,recovered,whatsapp,4701.99,2026-07-31T19:18:51.175565+00:00,2026-08-01T23:18:51.175565+00:00
6bd46a02-5b17-4d49-87cb-d94108606187,64f693c7-7fd3-4721-a6db-04b5253434e3,20819f80-ec18-47b2-8d83-af900ea70a25,low,0.929,recovered,sms,3492.67,2026-07-13T17:04:51.175565+00:00,2026-07-14T13:04:51.175565+00:00
bf8681ae-4033-47c6-90f0-1d0d023cdc1d,44ee1b21-43eb-4a49-8cf0-b32e0b7b7e02,40047962-9a64-413c-be7b-41d234b4cd49,low,0.898,recovered,sms,4870.3,2026-06-22T10:39:51.175565+00:00,2026-06-24T21:39:51.175565+00:00
2f8b40ae-3c19-4ba8-87c5-f7b8056b7aa6,5e795ead-c2d8-433b-95b8-f39a8ee531e6,e81ab798-2287-4de3-9f94-b2722df5ee9a,low,0.706,recovered,whatsapp,11803.71,2026-06-17T09:28:51.175565+00:00,2026-06-18T23:28:51.175565+00:00
c90b715c-9f84-4bc4-a481-e68d95673e34,444de4c7-5e50-4113-b904-a01d93a3013c,9e653681-7c62-4d9c-a978-a09bf1c1cad0,low,0.655,link_opened,email,2911.12,2026-08-20T13:55:51.175565+00:00,
6a55b64f-a35b-4658-aec1-e23be29fb182,68b2838f-e10d-4de8-ac43-3bbdb5086e65,cc2db5bb-2474-4cf0-b54a-3fee68e1bbc4,low,0.848,recovered,email,1908.86,2026-08-18T20:41:51.175565+00:00,2026-08-20T03:41:51.175565+00:00
1c203890-95d1-4c51-89f8-d409195e76cf,5c2f0b7e-9ef1-45a1-9295-be8987b20464,1213f2be-f5cc-4b1b-a97e-7f0d794747ce,low,0.751,recovered,voice_call,1099.05,2026-07-06T21:51:51.175565+00:00,2026-07-08T11:51:51.175565+00:00
50d82a27-a62d-4234-80dd-de8294dc3414,498d5bb1-0575-4503-896e-f32cd3bb2c75,57dddd10-7bf5-41bc-ab13-cb26a58ac27e,medium,0.425,recovered,voice_call,1592.91,2026-08-04T11:36:51.175565+00:00,2026-08-05T16:36:51.175565+00:00
b739609c-ebed-4c2b-8232-e09a3ea5fe43,ffd13b6f-0281-4985-8a01-41116b49d66e,a0d17177-0602-4676-90de-005e43b8e642,low,0.89,recovered,whatsapp,2587.88,2026-06-27T04:35:51.175565+00:00,2026-06-28T11:35:51.175565+00:00
0f376558-30e6-4d52-9d15-a6038956e6a8,a4e245b8-9679-4e1c-b1cc-d82768602836,3656e7f9-5433-46fc-bff7-1384c839b0cf,medium,0.496,lost,email,2875.86,2026-06-21T05:43:51.175565+00:00,
be8027a9-19c2-430d-a26e-11d1f8d2f021,9ea6af06-73f4-4d7f-a2e8-d2fa34d7c205,446d5d1a-59f3-4f85-b60f-0c83635de7af,medium,0.457,lost,sms,7813.0,2026-07-19T17:17:51.175565+00:00,
7874f286-fe89-46a6-83b3-bcfe844074bb,4b0966c7-b8e1-4d19-afa3-39314c752ef7,dc43e1b9-4f5f-4c47-b35c-dccab713fee2,medium,0.566,recovered,whatsapp,1705.33,2026-07-29T17:25:51.175565+00:00,2026-07-29T21:25:51.175565+00:00
74969711-38ab-4af2-bc74-b6565d9e3fa2,0a7b091f-cf1a-467c-b04a-a8a7b4de2599,7f2fb0c8-d930-40ac-9ce1-a1fa3f168cd7,low,0.827,recovered,sms,3072.5,2026-06-02T09:36:51.175565+00:00,2026-06-04T15:36:51.175565+00:00
32218e1a-9895-4aa2-8a5b-d28ed4ae0305,6129edb5-0cd4-469d-8fee-7ce548cfb823,7ea4ec0a-92d5-4073-b75f-997f78e3e382,low,0.74,link_opened,whatsapp,3744.89,2026-08-22T04:20:51.175565+00:00,
581a4e01-c0a7-47f0-9083-f1fbf351d453,28eece2b-95f1-442c-97af-52332a4934fc,4da2799c-77b0-45d6-8b16-b14a934c8884,low,0.706,pending,whatsapp,953.61,2026-08-22T20:23:51.175565+00:00,
ff063efa-0665-48cf-afca-5d252c8c1388,2b63356a-d4c9-4484-8695-552239ea25e2,d1de53d2-7e11-4d30-b884-d3a8344889ec,high,0.299,recovered,voice_call,3067.54,2026-07-15T17:55:51.175565+00:00,2026-07-18T07:55:51.175565+00:00
49a681ab-2410-46d2-9829-9dccc539e993,2978b72e-e0f2-4aac-8e77-fb985652a9e3,ccc436ae-fa44-4fc4-997a-e7005423aac9,medium,0.479,recovered,voice_call,3783.42,2026-07-30T00:20:51.175565+00:00,2026-07-31T18:20:51.175565+00:00
9496bd1b-a13d-4cea-aac9-10c08fd7c45b,034df25e-f4d2-45b6-9e49-dfadff484fcf,08865d26-eb56-4b8c-9282-8a908b2f5d58,high,0.252,recovered,voice_call,12039.07,2026-08-04T10:49:51.175565+00:00,2026-08-04T23:49:51.175565+00:00
e78fbbc9-948f-4d21-9ff4-ce559cecc289,6e7ae435-1a6b-481b-b274-a646ebcd5b22,4933ac7f-f1e8-450f-bb86-3df495c0837a,high,0.287,lost,whatsapp,3520.99,2026-08-15T04:20:51.175565+00:00,
cfa04a91-5b8d-4e0e-bfdb-6f4ad5bd342e,7a3c2e1a-8d41-4e21-8ba8-6e5151d11563,86c4b8c8-2be7-444f-9b0b-f6d960cc2875,low,0.75,lost,email,2169.43,2026-08-17T03:58:51.175565+00:00,
0b64109c-af0f-4779-8f2e-9063d0342159,6dd589c8-f83c-410b-9ace-847918f212cf,2b49cda8-dcd7-4e6a-b86c-c280a0fc46f1,low,0.927,recovered,email,1221.61,2026-07-25T02:37:51.175565+00:00,2026-07-26T12:37:51.175565+00:00
05f61245-5bdc-4cee-ba46-26817e24254b,cf61b308-0271-4399-a6b9-6cf5809c056e,c8769f0a-86b7-40cd-9483-9020103fbe54,low,0.69,lost,email,3121.11,2026-07-14T17:30:51.175565+00:00,
f6108db9-193f-4b0f-a2e9-1a15644aeddb,45669114-eb5e-49c7-882b-3adf2a5c9dc6,58803a0d-e514-4ea3-9f3f-78b241c8a10c,low,0.738,lost,email,1561.06,2026-06-05T17:53:51.175565+00:00,
890acf15-0e60-40a4-808f-e678b3d24aa5,e0fc036a-baf9-4bb7-a52e-d0480611b9ab,0a016416-9f14-4c61-a70e-62b4e7a99544,medium,0.356,recovered,whatsapp,3118.91,2026-06-27T15:20:51.175565+00:00,2026-06-29T08:20:51.175565+00:00
9d406c1c-d079-4c40-9a9e-542f45f9bc57,fde32b49-262d-48f1-9330-796dbf1e3f53,c9a73929-32fb-417f-bd24-52d4677e72ba,low,0.67,lost,whatsapp,1225.98,2026-05-29T18:36:51.175565+00:00,
849a9c2c-412e-43d7-89e7-9b1e71451dd2,f4023768-56ed-4114-a2c5-0215943b1a38,53f3e512-a1fe-4ed0-bc4f-ca05b39e23f8,low,0.763,recovered,voice_call,1128.85,2026-07-27T20:37:51.175565+00:00,2026-07-29T01:37:51.175565+00:00
6916a1ed-28aa-4be7-9e5e-37af2152225e,5a1f04c8-7b78-4f88-887b-da7bd55fe106,e0178da2-c47a-4a05-a9ae-efdc18928fed,low,0.739,recovered,whatsapp,1974.87,2026-07-04T12:11:51.175565+00:00,2026-07-07T09:11:51.175565+00:00
0f967384-2c55-4ef6-a624-45643c1f1b00,a8b5de12-193b-4ecb-9c55-5706724c441a,e4a43829-8e22-4604-8c7b-52fc88e983fc,medium,0.425,recovered,email,2298.94,2026-07-07T13:05:51.175565+00:00,2026-07-08T22:05:51.175565+00:00
e970c5c1-ecbe-4de3-8700-aeb0943699f6,7368ef60-05e4-4ccd-bc76-9dc2a8cfca60,43a244b2-8f06-4da5-8db9-c8c97dc7c1a1,low,0.773,lost,email,1925.87,2026-07-22T04:49:51.175565+00:00,
97fe3b7e-65b4-41ac-b929-c6727f8ba8eb,b766dbf7-9746-4c46-a75d-c671de3140c4,544f753f-7c71-4191-b377-49b333ce2cc3,medium,0.645,lost,email,1437.11,2026-08-07T17:07:51.175565+00:00,
fe041bde-2724-42af-b3a2-262e6e1a6928,85171d6e-6f38-4223-8862-b08301989320,5d4fd7a1-cbae-4e0f-863a-5c17f36471ad,medium,0.546,recovered,whatsapp,3971.42,2026-06-22T13:11:51.175565+00:00,2026-06-22T22:11:51.175565+00:00
a92f3b8f-1ebd-4a44-b0f2-99cef3e57eeb,5e43cf4b-b747-4db2-89ca-650cdfc4643d,5bf6a708-b9d8-4be6-afc9-ca8523b0746b,medium,0.356,recovered,sms,6151.94,2026-07-30T14:20:51.175565+00:00,2026-07-31T03:20:51.175565+00:00
18efafd9-3c5e-4b55-8a5d-78f90969c333,ebea0372-9c8f-471e-a0a9-30ad445cd709,99dcd691-52cf-4e17-980d-0df4ba8c7378,medium,0.376,recovered,email,1918.81,2026-06-04T03:22:51.175565+00:00,2026-06-05T04:22:51.175565+00:00
53b9be1e-189f-4926-802a-6d32c3ff0908,706edbb0-fdbf-4c56-b8d2-bdbe4bc4392d,f63ca762-0967-4cdf-b09a-2fa269cb1c27,medium,0.614,recovered,whatsapp,1916.83,2026-06-07T18:55:51.175565+00:00,2026-06-10T06:55:51.175565+00:00
79ba48c7-d9bb-41a1-9026-0387fdbd836c,187aa0b7-3224-4136-9e3a-f467fd30eaab,7230264e-a23b-4ba7-a361-a35edc7ff8c1,medium,0.529,lost,email,2203.44,2026-06-25T01:10:51.175565+00:00,
324553f1-004b-4153-91fc-d279abd4216d,bb46803c-171d-4572-a3b4-943f0fd26c48,9070d32a-43b3-49c9-b6a1-5493e920749a,low,0.881,lost,whatsapp,3308.45,2026-07-31T11:43:51.175565+00:00,
adf3682f-e27f-4167-9580-ed0ac21d6d15,38eca996-a37d-48f0-aa80-d1bca71bc26d,6e1e5443-ce8d-4ca2-bdff-2d9fefaabc92,low,0.698,recovered,email,4179.89,2026-08-08T00:38:51.175565+00:00,2026-08-08T17:38:51.175565+00:00
35e76bbe-b30c-4f90-ba87-5df5d08e0408,b39aacf2-6322-4d7c-b477-2dbf1ea11ab2,efa35dc3-2d3b-4443-a76b-5f91168f1062,low,0.878,recovered,whatsapp,1382.89,2026-07-08T06:40:51.175565+00:00,2026-07-09T14:40:51.175565+00:00
83efeb0b-ba21-4611-a6aa-a97ce2fe391c,a949b221-9bd6-4d8b-8edd-3e5e9c001102,13df4b3d-bcd1-4716-b0d5-34206135ccc0,medium,0.526,recovered,email,5017.93,2026-07-21T23:36:51.175565+00:00,2026-07-24T00:36:51.175565+00:00
d79ed02b-d653-47f5-bd0a-e9ff9758f2ff,4dc96a10-9367-4a89-a244-2c97c720a09d,ba7d5259-29db-4f2a-9d16-889c5fa6d091,medium,0.572,recovered,sms,582.77,2026-06-26T01:21:51.175565+00:00,2026-06-28T04:21:51.175565+00:00
6261436c-7bb9-4916-a9a0-f1060c94d831,214d8ded-3428-4a42-93e8-9ab896fc7409,ed57e574-462d-4e13-a64d-44de4b9b0502,medium,0.62,recovered,voice_call,3128.1,2026-06-29T14:40:51.175565+00:00,2026-07-01T06:40:51.175565+00:00
c2d5c7e9-9206-4eaa-a748-e528f923a5f4,403022e3-07f0-4db0-9833-716de8def9dc,33ea041f-83d8-4d9b-91ac-3e941ec8d338,low,0.72,lost,email,846.68,2026-08-01T13:59:51.175565+00:00,
6ccb7b55-1c5e-4295-ae5c-e6c541836cc4,5a794e03-4b4f-4e6e-b3da-d9af08496c35,636a093a-e97a-4d79-8ad6-801bb559e17d,low,0.848,recovered,sms,2190.3,2026-07-04T15:38:51.175565+00:00,2026-07-05T07:38:51.175565+00:00
735216ed-f1df-4379-a492-72fe20f51782,a88044fb-d499-47ee-bce7-ee7e9e19a617,02b44d5e-5d4c-45b1-8e06-57b1bcd0b371,low,0.904,recovered,email,1881.09,2026-08-07T13:02:51.175565+00:00,2026-08-08T08:02:51.175565+00:00
2668c7b7-8db9-47e3-82b2-6cb319e617e4,a5950ae3-ba5d-4b88-885e-0c61f2c68ab8,ed49f0e2-f8e9-49a1-8756-616c63918aa5,low,0.799,recovered,email,1186.68,2026-07-03T13:26:51.175565+00:00,2026-07-06T13:26:51.175565+00:00
db8440ed-9561-4ca3-b8e4-af89b866c3d5,fb47fdb6-b7e7-4852-ac28-d2a15a876624,ad316f14-df55-43c8-b455-bda8781beb59,medium,0.642,recovered,email,1330.62,2026-06-25T01:10:51.175565+00:00,2026-06-25T20:10:51.175565+00:00
2fb9e056-97d7-43fe-bd02-4d8e056ed7ea,dbeaced2-15e1-4812-9aea-632d5f30aa0e,e53e111d-4e90-48b1-bde4-3b7b9a7a00f6,low,0.666,recovered,whatsapp,1667.64,2026-07-08T17:47:51.175565+00:00,2026-07-11T15:47:51.175565+00:00
17ef7784-ef70-4fdb-9e81-e4c989e56f3a,e447d5a7-d80f-4009-81f8-0ade4de36dd8,06fb1db8-6c28-4e9d-8946-2ec3f9927064,medium,0.43,lost,voice_call,12754.16,2026-06-16T00:50:51.175565+00:00,
b82634e9-e8ac-46f4-a5c3-3e30a7376411,1a725741-47ca-4307-b777-f0df8c8ae3c2,ab3c834e-cd90-4a72-ba2e-c2987812b945,high,0.344,recovered,whatsapp,8774.9,2026-06-13T04:46:51.175565+00:00,2026-06-15T19:46:51.175565+00:00
06d58651-8cae-42f2-bde0-24ddaa1951e0,4ba40ff5-585c-4c2c-a015-067f1b5773b8,4813bf8a-0b12-417d-9f82-e699a40713fc,medium,0.617,recovered,voice_call,1371.26,2026-07-28T11:49:51.175565+00:00,2026-07-28T21:49:51.175565+00:00
08c3d25f-7fad-49de-b7d4-308bbe61b5c4,8062aaf8-68c3-472b-af87-e2658a7f5bc2,fd08d0bd-a074-4532-b816-774e9405a07b,medium,0.467,recovered,whatsapp,2909.26,2026-07-05T09:41:51.175565+00:00,2026-07-06T20:41:51.175565+00:00
2face3b1-14fa-48dd-b6a2-d3c74b8db374,bb84d36b-299c-4cda-852c-81e95feb354e,6fcbd078-34c6-4439-a911-83a2be399771,medium,0.426,lost,email,2042.98,2026-07-13T18:53:51.175565+00:00,
e9847608-78bf-40d5-908a-aa47482eb736,b24feca9-8d45-4d13-b753-bb19cd809889,3cd127b6-4825-4b0b-ab10-2a2533e63710,low,0.691,lost,whatsapp,1999.92,2026-06-28T11:34:51.175565+00:00,
3af51c04-d8bc-4976-9217-093f83cbe124,bda58190-f0ba-4cdb-9342-35a26b2c021e,78898d4f-ee0b-4fc7-a96b-c8f0522ae4c4,medium,0.578,recovered,whatsapp,3931.03,2026-07-18T15:39:51.175565+00:00,2026-07-20T01:39:51.175565+00:00
4e0333ad-cd62-4c76-b798-ff7bc8a4ff83,e778f098-02e7-452d-8ded-45d645c0e8db,f700f7e2-8a91-496a-9070-5f0caefb4450,high,0.268,lost,voice_call,22150.81,2026-08-07T15:45:51.175565+00:00,
06a05fb7-5710-4f2e-a7a0-b2d13f91d4b8,d5844682-5fba-4f72-87f1-80f435b02c7a,5c8edb5f-300a-47e4-8da4-d07f8aa0c62f,high,0.197,lost,voice_call,1824.4,2026-06-06T09:52:51.175565+00:00,
23aee4bc-a8d0-4dcb-8394-e420409adaf2,b0b73623-e432-4398-8b92-b2b89e40a4f4,923de25d-3d0e-4de7-ad13-b9dc9a8e14c1,low,0.722,recovered,whatsapp,1171.31,2026-08-03T14:09:51.175565+00:00,2026-08-04T13:09:51.175565+00:00
b69ac101-457c-4c41-a255-3702cefa7832,1533c0a0-b578-4653-aca2-a8a48c747f98,0f2eeb19-8623-45e2-b053-4deba61690d7,medium,0.523,recovered,whatsapp,627.92,2026-06-25T17:44:51.175565+00:00,2026-06-26T12:44:51.175565+00:00
74b5f99d-7bf2-4c36-ad59-e19116c85b49,20005508-1a6f-43c8-b3f8-c396a74c97fc,a8190011-f31f-4cd8-859f-5a7af00bc530,medium,0.483,lost,sms,3055.23,2026-07-15T04:53:51.175565+00:00,
c4be7c35-23e5-4ed2-9d0c-069a76b48e8b,fde820bb-5ae1-461d-a762-0fa549619c80,e0e1fbd9-225d-416c-9656-2a0f30722303,medium,0.546,recovered,email,3647.74,2026-07-30T17:48:51.175565+00:00,2026-07-31T21:48:51.175565+00:00
e0494a62-8417-4aaa-b847-82ed921e104b,af3ab116-64fc-429c-a3a5-287d21f53e76,d78c0561-0f78-4b41-9538-0f22c3173c71,low,0.686,lost,sms,3055.66,2026-07-22T17:59:51.175565+00:00,
a195412e-34b7-4247-9842-da153c188181,9fd7c1f5-b616-4f45-8a67-eeb15cf2eb85,f705a4cb-5b88-424f-8284-1e08c7b36da7,low,0.865,recovered,whatsapp,2031.92,2026-07-05T20:31:51.175565+00:00,2026-07-08T16:31:51.175565+00:00
6aba2d60-9420-469e-9d49-b217e243f819,1334beaf-5c61-4b70-9224-57ad5c2de563,81afca94-fc0d-4065-aecd-b3a3194af435,low,0.697,recovered,email,908.35,2026-07-07T22:50:51.175565+00:00,2026-07-10T18:50:51.175565+00:00
65780130-090b-4863-a90a-567b2c1a5619,4a055089-6d6a-4fa6-935b-bd9a97618fca,6d971493-d57b-4ffe-b909-32488b073e7b,low,0.664,recovered,email,2314.73,2026-05-29T17:52:51.175565+00:00,2026-05-31T15:52:51.175565+00:00
c8206fef-a25e-4d11-8a7f-16b39ce6aa97,85a307b5-f1da-444c-b482-91f2a86c4e6a,aa56512b-c010-43fb-bd8f-b9dc9b22693d,medium,0.63,lost,whatsapp,3705.88,2026-06-10T02:54:51.175565+00:00,
febfd5e2-d298-45f1-b52d-8ae37ce77c9c,2412fa7f-229f-4f86-9ce6-d3cd6e4b41f1,59d3e668-871d-4848-92bb-e1b3af76853f,low,0.856,lost,whatsapp,499.0,2026-05-30T03:20:51.175565+00:00,
7aeafacc-bf3a-4a6d-9de2-755d044ff512,baa1ad2d-937a-47dd-9152-f71078e193d5,c6c37497-4604-4b0b-85ac-82be8831cf85,medium,0.545,lost,email,2291.76,2026-08-11T20:20:51.175565+00:00,
7f51b9b8-10ab-41b5-ad8d-9739d6ee1943,a4e245b8-9679-4e1c-b1cc-d82768602836,ceea4ed9-d643-4254-805a-fa9e99e27c0c,medium,0.472,lost,whatsapp,960.97,2026-08-18T16:38:51.175565+00:00,
73a5e011-3cfa-4cc9-bded-2fca6bdabd4b,021fee1e-7015-4a76-a840-82a7ac05eb31,129d7a1f-472f-4916-ad8c-0ce0dc056da8,high,0.145,lost,whatsapp,3578.52,2026-07-24T00:46:51.175565+00:00,
37ffec3f-d8f3-4773-81b0-7f0930611cd7,f82063e0-51be-4c57-ab67-d5b10de21a7c,0d5db5f7-7183-48ec-8f3b-7627549b07f8,medium,0.625,lost,email,499.0,2026-07-14T17:52:51.175565+00:00,
b43dda5a-6970-49c3-a8c8-d94390e4aad4,b9a1dbe7-fca5-45c9-9ab3-33ef6a9ee804,57187caa-8fdf-42fe-833e-a76dcedd94a2,low,0.663,recovered,email,2317.3,2026-06-12T10:49:51.175565+00:00,2026-06-15T02:49:51.175565+00:00
70bf8221-5dcb-4a7d-b17f-6d48e5fe84dc,b943cac9-78a1-461b-bc44-e32a6db6792d,cc76e827-6af2-4ac1-a968-e99eb68eb412,medium,0.515,lost,sms,4222.73,2026-08-08T10:56:51.175565+00:00,
b632c3ee-083f-4e4e-a168-86d352f66a35,a7f88e69-2ef5-4742-b9f3-45ea72cfb539,5866f81e-bd78-4bd6-aa29-48a0c82f1f79,high,0.329,recovered,whatsapp,2042.58,2026-07-04T09:09:51.175565+00:00,2026-07-06T05:09:51.175565+00:00
77c88736-025d-4efa-a2ea-b0dfd5651b3d,671baf70-11a4-4ce1-927c-7c5eaa42cde4,520375c9-5961-4b90-b223-551041f08d7d,medium,0.642,recovered,whatsapp,499.0,2026-06-10T23:41:51.175565+00:00,2026-06-12T09:41:51.175565+00:00
cc7b6834-087a-4e37-ae22-b860dcdaecf7,63a20532-4950-492b-b0a8-2085d07d35d0,5d6cfeb7-5aa8-4c7e-b358-3285934f4e2a,medium,0.551,recovered,email,3563.94,2026-07-09T12:02:51.175565+00:00,2026-07-10T00:02:51.175565+00:00
6ced0c9d-63a5-4d13-a963-0b665f91a452,cc7be98f-7d58-4d04-8cea-475654b33011,12081b4a-50bd-4411-88ca-bc432c282efb,low,0.851,recovered,email,684.67,2026-07-23T09:11:51.175565+00:00,2026-07-26T01:11:51.175565+00:00
bd0d492f-de4c-4306-a218-9673fca98447,f2b35451-c50e-4c23-aec1-68404ceb4c59,e86aaf8f-efc1-4bc3-8a4d-f88b948b56f6,low,0.699,recovered,email,2271.0,2026-06-22T04:30:51.175565+00:00,2026-06-24T13:30:51.175565+00:00
0ff59c6a-dd21-42de-9ebf-7684ed441a23,483ad0d6-ab4c-4d14-a2f8-4263828b0a45,4c235e32-3707-4f4f-b083-52f56db30cfe,low,0.915,recovered,whatsapp,643.02,2026-08-10T07:35:51.175565+00:00,2026-08-12T02:35:51.175565+00:00
75742f95-7e94-4fdc-b5c5-0244574ac431,6a3048ce-aa3a-46d4-9423-c1a0e98ce1a7,d26777dc-891a-4ae5-ab54-dde958e13dc2,low,0.683,lost,email,4958.09,2026-06-12T11:21:51.175565+00:00,
f7f124a0-81f1-4700-8d17-a1d77e51125a,bcd0f353-bdf5-452c-8b82-39a4f66529f2,143ade9e-659d-45b1-9f4f-cd0a4d78266f,low,0.847,recovered,email,1399.95,2026-07-11T10:59:51.175565+00:00,2026-07-12T05:59:51.175565+00:00
b87597c1-9fc8-488b-a602-c8944aba44c1,59d116b9-7f46-4ede-87a5-3377dd38cd06,9e58c582-5ab5-4e4c-8b80-a99b6c9dc971,high,0.296,lost,voice_call,7354.59,2026-07-14T13:26:51.175565+00:00,
d3553222-8a94-4407-9a55-793a2db113ba,62c06907-d60b-49c8-b513-956be7575bfa,5826a014-56f6-4fa0-8238-19982bfcf8d3,low,0.746,lost,email,3465.45,2026-08-17T21:53:51.175565+00:00,
4eef40a2-1915-459f-ab0b-5bf8a1ae7e66,0bc8f11f-05b4-4da0-94a4-efcb5314b55f,5ae12c74-bf33-4d8a-8614-07d924ab0093,low,0.828,lost,voice_call,1469.21,2026-07-31T21:31:51.175565+00:00,
1a5a595e-b666-4a1e-8e3e-6f816949a802,715a9a18-5541-49d7-800e-05a6d7a4e97b,ab5128f5-9e6a-4baf-a35a-b28e6b1a8c1b,low,0.888,recovered,email,1619.2,2026-06-01T00:14:51.175565+00:00,2026-06-01T06:14:51.175565+00:00
9885aa7c-f958-4c40-999a-440b775edaa4,a9f6d1c5-b2b0-49e0-9a2e-1e318ac837db,877cb466-1426-49bc-9c65-dbea5f21ccf6,low,0.719,recovered,email,1360.69,2026-07-05T20:38:51.175565+00:00,2026-07-06T12:38:51.175565+00:00
c5ae306c-64d4-4a49-aa2c-28b796463d75,df473022-d113-4edf-a24c-b52e0eec7dd4,81217561-25e7-4d18-ae63-b618cfe39899,medium,0.617,lost,email,3086.63,2026-07-31T15:04:51.175565+00:00,
cb12276d-d933-4323-8a42-c93495fa3aff,2efa8a10-c238-4a5e-a79e-4408170996fa,3626b325-b061-481c-9820-323636807e2c,low,0.709,recovered,email,1465.51,2026-06-06T14:48:51.175565+00:00,2026-06-09T02:48:51.175565+00:00
3bae0f85-469c-4bad-84be-c2f8809d23aa,f35a8967-e5dd-481b-a598-5f9df944fb33,915dd169-877d-4ad1-86cd-0cbf94b8bd81,medium,0.447,lost,whatsapp,7642.3,2026-07-14T20:28:51.175565+00:00,
5e25253d-e72c-4d6b-b63a-8978838a4ea7,8cf0046b-44c8-4ec5-b589-965482d0ea30,56b513e5-30ac-4f34-a38c-17c401a5b3a8,low,0.752,recovered,whatsapp,8206.06,2026-06-22T08:17:51.175565+00:00,2026-06-25T06:17:51.175565+00:00
0e4d0b83-f573-401c-8214-c10facb76cce,7507d48c-0fff-4056-9c94-e7be4ad2795d,b9092484-38f4-4cea-b702-a36e7de332d1,medium,0.52,lost,email,1491.9,2026-07-22T19:44:51.175565+00:00,
9f0d0d75-2430-4f31-98a7-1ebc69b5d5ed,e3d26d8e-f42e-46f7-88ad-2d478e5d8258,d09ed172-0205-403a-9849-c1c59bf5e7f2,medium,0.414,lost,sms,3132.96,2026-07-22T06:13:51.175565+00:00,
eedfc0d6-ab67-4b77-a9c2-75687e550712,0d7cb427-5b36-40b1-93f3-5d3d5d50bdf3,8eaac39a-a913-44df-83f4-9416dbdf75bb,medium,0.53,recovered,sms,2780.48,2026-06-13T17:22:51.175565+00:00,2026-06-14T08:22:51.175565+00:00
67ad9b07-25c9-4d65-82ff-7297ab5e3c90,19420f42-2731-4585-ab1e-920bf9759141,82e39a24-15b0-46a6-9226-8a961d2d1db0,high,0.261,lost,whatsapp,1585.65,2026-07-17T14:16:51.175565+00:00,
317b14e3-84c3-4aef-b1ad-2da08dbcd8cb,94509d49-1aa3-4765-8e57-c1a45f30d2b9,0f9ab175-efb6-4acc-8142-eb94436ba554,medium,0.565,lost,whatsapp,1014.18,2026-08-13T01:09:51.175565+00:00,
80188714-430f-4ba9-84a8-27ebee99f473,d471ef69-1440-4a9e-a3ae-20412e75be8c,648f21b7-70fb-43b4-a68b-82cc3b336de3,medium,0.583,lost,email,3177.04,2026-08-06T20:07:51.175565+00:00,
2d2d7f4b-6ccc-4d68-bcc3-9337808b12da,abce2f0c-44a8-4a43-ba94-a470c153f6ca,b8bc643f-c86b-4d29-beb5-224e0ce0fc54,low,0.769,recovered,sms,764.8,2026-06-12T00:23:51.175565+00:00,2026-06-14T17:23:51.175565+00:00
ee6de61d-460a-45eb-9107-6517564801f7,d05e3ab7-7f98-48f7-9198-37d1a8434f02,319c1cd6-ca0a-4521-aa23-5343a3e57385,low,0.829,recovered,whatsapp,754.41,2026-08-18T16:47:51.175565+00:00,2026-08-20T20:47:51.175565+00:00
c0363cba-587d-4d9d-81c2-9f8e7dce2c31,8278df7a-6b8e-4f21-b202-380213564f84,546a8255-1f06-4c2a-b0cd-38a67febc68f,medium,0.605,recovered,email,1411.09,2026-07-27T23:27:51.175565+00:00,2026-07-28T07:27:51.175565+00:00
7987222b-d295-4282-84c2-3ee3d012a94e,77fbde07-07ff-48ad-862f-e50f761f72ea,36dd5c31-f6e0-4bad-9420-1a734055c5b0,low,0.958,recovered,whatsapp,677.72,2026-06-01T20:58:51.175565+00:00,2026-06-04T08:58:51.175565+00:00
72ea485b-f2ce-46f8-9d54-883483afe4dd,8deaf17d-f652-41a0-b866-c4109716dc6d,8675fe13-dc14-4d81-9bfe-e2fcdc21600f,medium,0.58,recovered,whatsapp,4090.99,2026-08-14T00:47:51.175565+00:00,2026-08-15T01:47:51.175565+00:00
0465cff3-0738-49a4-8e64-562629a44ebe,98de9db1-4244-4b14-b2ac-23859bea7bda,9035a2a0-246b-4962-a54e-e3c3e5ead819,medium,0.536,lost,whatsapp,927.28,2026-07-06T08:53:51.175565+00:00,
b6d58b7f-f09f-4b59-b678-c1eb63cbaf59,19fbb4fd-2c95-4f81-8d9c-46c85ba85385,0821b29b-f611-48af-8493-2648f4e69705,low,0.88,recovered,email,2826.4,2026-08-04T20:04:51.175565+00:00,2026-08-05T03:04:51.175565+00:00
f62d3cfa-d331-4ebd-8c8b-51dada956b0e,055ac8aa-684f-4a2c-ba37-0e5e521ca561,5b25bdb1-9540-403f-869e-24239a70f3a7,low,0.886,recovered,whatsapp,1136.96,2026-06-28T15:52:51.175565+00:00,2026-06-29T18:52:51.175565+00:00
f19a68b2-7a88-4ba0-a2de-a366a535a5c6,166ca642-9c53-4ffe-a086-4f8065ef0221,d54f46d0-8098-4dec-89f7-6128c61fd1d2,high,0.172,recovered,email,6805.86,2026-05-25T23:41:51.175565+00:00,2026-05-28T10:41:51.175565+00:00
674372f6-4224-4ccc-b533-71fb0c051fe7,6877e4c1-f749-488b-8e21-b62074f848a2,0cc9a3f9-e748-48bf-bdba-4bfa1a9d2989,medium,0.615,lost,sms,3811.25,2026-06-03T06:42:51.175565+00:00,
ee99261b-7ae0-4403-bb62-a18876778976,0c1e5829-e1a6-4784-81c9-bae7f156ddab,faf87c67-e012-4893-b2f8-12415bf9e7a6,medium,0.617,lost,email,1083.86,2026-07-01T10:34:51.175565+00:00,
3af157fa-b9b5-4203-936a-b4ed388b3c13,c872e4bc-bbf6-41c3-9260-a6d35ca8f883,2eb24d3b-8b5a-4c64-886e-a74455e4cd42,low,0.668,lost,voice_call,4645.9,2026-07-07T13:01:51.175565+00:00,
89724724-0011-4566-9fec-c70b337aa3a8,c42c8b1f-c4cd-4f59-968a-48c939bba96e,3904cb8b-9029-4434-8fc0-2a4c25a1ae41,low,0.773,lost,voice_call,4392.07,2026-08-02T09:00:51.175565+00:00,
677a61ff-b0f0-4f9a-bf4f-13556d842c3a,b8bca40c-ba92-4dbe-b4eb-32dd9c8b325b,e4f5d4b2-ca91-402c-9e79-572a0c688e11,low,0.75,recovered,whatsapp,3097.0,2026-08-09T11:01:51.175565+00:00,2026-08-10T12:01:51.175565+00:00
9b4e65c5-99a1-4c90-b9fe-a272bc099bf9,ed61aebc-6187-4ef2-ba5d-d8f2cf0606e4,0caa295f-3c4a-4596-8597-9c941d038b61,low,0.694,recovered,email,3973.37,2026-08-12T16:02:51.175565+00:00,2026-08-15T01:02:51.175565+00:00
4aecb346-bd33-4b7c-8242-927d1baa551a,3817a94d-91f6-418d-8a94-886e73236d84,0ac79276-4de6-46c1-9bea-f9c0d9fe0257,low,0.696,recovered,whatsapp,3139.49,2026-08-17T22:46:51.175565+00:00,2026-08-20T17:46:51.175565+00:00
64aa66cc-4418-4d53-aef2-39adc5aa6485,b22cbe95-d5c5-488e-abbb-ce9b099f972a,e0541c53-b22e-42cc-80f4-9c404c8af69e,low,0.685,lost,whatsapp,2412.53,2026-06-16T12:36:51.175565+00:00,
36cc2750-ba8f-4215-b7f1-d00a74348b19,88ed01ac-9136-413b-84de-24afe58941f6,d060d498-053f-4ef0-a082-2da2e87a8da3,medium,0.495,recovered,email,5642.9,2026-06-22T02:03:51.175565+00:00,2026-06-24T04:03:51.175565+00:00
29fd9fe4-4c11-4d07-a4b6-36a660a5f569,fb7ec571-a9ea-4eb7-8b17-ee4f3243d889,5c6393ed-01ba-4b1c-bfd2-82bf30bb3a82,medium,0.366,recovered,voice_call,3999.76,2026-07-08T22:12:51.175565+00:00,2026-07-09T23:12:51.175565+00:00
9e413fa8-22eb-46af-9e08-8ba13308bf9b,a5a4bdfc-b32c-4f58-abbe-0197e4a9f512,92dd624f-bd54-402a-8294-5f4dc9322171,medium,0.515,lost,email,9680.07,2026-07-18T20:20:51.175565+00:00,
2699aee5-1316-4409-94f6-dbb4b7609171,110d8847-beeb-43e4-920e-4c259da85a08,f1fd06ce-85d5-456d-8dda-91e0d6a851a6,medium,0.352,lost,voice_call,2077.77,2026-06-18T13:46:51.175565+00:00,
eaaec094-43f1-4ab0-8096-6609b479cd18,5955d9d3-c3dc-40b0-b540-72a22d1d516f,833f49c3-51a5-42c7-8993-457bd597d4cf,medium,0.617,recovered,email,2451.38,2026-08-08T16:23:51.175565+00:00,2026-08-09T19:23:51.175565+00:00
ea7a3f31-c412-4fcb-bbce-95d2d1e76593,336d2d4c-4abf-4976-9992-b44d59802a87,3fc86dec-bb33-4072-b69d-00c8674c8860,low,0.8,recovered,email,499.0,2026-08-16T04:48:51.175565+00:00,2026-08-16T17:48:51.175565+00:00
80ccf809-9e9d-48dc-b54e-8111dc2fcfdb,fde820bb-5ae1-461d-a762-0fa549619c80,480a240d-21ed-43de-9354-c011f087b3b4,low,0.865,lost,whatsapp,2744.27,2026-06-20T07:37:51.175565+00:00,
329c89c2-9d56-4ad2-b84d-611eb5b3d588,6e7ae435-1a6b-481b-b274-a646ebcd5b22,a8d1c766-6db8-4f91-9e43-1683e455c16a,low,0.713,recovered,whatsapp,972.51,2026-07-13T04:04:51.175565+00:00,2026-07-14T00:04:51.175565+00:00
1abda5bb-16db-4a29-8986-90181e12bba3,e540d796-4f19-4628-9215-e29366a13a24,ca38bd8f-f270-4d4a-bbf4-bd05ba8dae83,low,0.87,recovered,whatsapp,1894.32,2026-07-01T03:30:51.175565+00:00,2026-07-03T00:30:51.175565+00:00
c119bfbf-4f31-4da9-94c2-2437dbaf7459,71ea5f05-f382-4b15-a0a4-c39a00d24062,704dbbbb-e3a8-4074-a794-d6bd4da3a1cc,low,0.857,payment_attempted,whatsapp,2471.62,2026-08-21T19:59:51.175565+00:00,
1d1f01ef-1ce5-4435-a542-af62d091cebd,f775bcbd-0ffb-47ab-b46d-de4a4f74483e,15dfee12-77a3-461a-8943-4d5a02067fb0,medium,0.629,recovered,whatsapp,2639.12,2026-06-06T01:32:51.175565+00:00,2026-06-08T04:32:51.175565+00:00
63c0ade9-7b33-47f0-8d09-8932eac48b58,e169ac25-5c2c-4b85-8e4e-81c78410b10e,de75c8d9-12ad-4950-8834-5640307a77c7,medium,0.567,lost,whatsapp,3313.21,2026-06-04T09:05:51.175565+00:00,
ca4fc2b2-d00b-4a0a-87ea-ae43ff2e3e43,acae8ccd-4161-447b-878a-31d7abb6d0a6,0e806f63-e115-4ffb-bb9b-481147120d89,low,0.684,recovered,email,499.0,2026-06-07T15:11:51.175565+00:00,2026-06-10T08:11:51.175565+00:00
84b2f6ae-d8dd-4adc-8b5c-bc619f8f913b,070914f6-723a-4e99-917f-0df3ef6864d7,4b57aa4c-f329-4a4d-9d66-56890ad14ffc,medium,0.578,recovered,whatsapp,1668.53,2026-05-30T16:30:51.175565+00:00,2026-06-01T04:30:51.175565+00:00
13ec9baa-fe20-4c5b-9b16-ea1e6c9c92d1,5e4868a8-d40c-4088-886f-5bd23518007d,0a6819de-e4f5-4004-9b44-8d73021874b8,low,0.869,recovered,sms,3525.7,2026-07-26T02:34:51.175565+00:00,2026-07-26T15:34:51.175565+00:00
268c35e7-6087-4231-8562-34be88202a7a,fa5bcdc7-4d39-4a6f-939b-585f32863948,32181dd0-4ae2-42cd-b496-20af9a75f9d8,medium,0.546,recovered,whatsapp,2175.43,2026-07-28T15:23:51.175565+00:00,2026-07-29T08:23:51.175565+00:00
69487687-bf14-4f23-b998-02f09b73376b,4dde4ce3-6950-4372-83af-dbf8c1cfba86,fc7bde62-f5da-44b8-8ed8-535751ad260e,medium,0.565,recovered,email,499.0,2026-08-18T22:55:51.175565+00:00,2026-08-21T08:55:51.175565+00:00
a1f14e60-8aaf-48a2-aa2f-f6071f4f4705,bf95194c-0fe3-4409-ba94-8193e3178312,858ee7c0-c1f8-445c-88e3-bc68697ac603,low,0.713,recovered,sms,5349.24,2026-08-01T11:08:51.175565+00:00,2026-08-03T20:08:51.175565+00:00
47d72da4-fa9e-4531-99d8-afe197121f2f,b05f84fb-425b-48b2-9dea-3c3820ef419d,c95352ac-cd95-49d8-bd49-fd5eea1aa092,low,0.658,lost,whatsapp,1483.17,2026-07-16T05:06:51.175565+00:00,
da3d72fd-b9df-47c2-a90a-4108bb635e72,8a0a2fec-01c0-4edb-b476-f87a180cdb30,fa9ff7ba-4b72-4f89-a841-66f95ac863d3,high,0.168,recovered,voice_call,4277.35,2026-07-26T03:25:51.175565+00:00,2026-07-28T01:25:51.175565+00:00
26ec6b4b-2eff-4999-b1ee-1ddf826ed951,d21a3ad6-3cfd-4551-bfc8-db568fe46a0e,ddc640e8-101a-4234-aff7-2ca589b923e4,low,0.836,lost,email,3966.06,2026-08-02T11:13:51.175565+00:00,
add1c922-9581-4010-a34a-305bead8e701,b7980e7e-0b67-4188-b543-2795bbf8e793,2dbabe01-6fe1-4600-aa9f-c8ea7afc4c53,low,0.884,lost,whatsapp,1149.2,2026-08-07T03:10:51.175565+00:00,
222a33c2-c4c9-4b5f-a870-70a23b2da2a0,29cff3be-a943-4fc6-964c-fba9c2a180dc,91f7e89b-5c62-4c63-9ffc-43a672f67fe5,low,0.726,recovered,sms,1745.43,2026-06-08T22:34:51.175565+00:00,2026-06-10T21:34:51.175565+00:00
2124285d-712b-41e4-b594-4f954df7e2b7,cfae4b33-7c45-4f68-9ba1-606d541ab5b0,0c112321-0483-4f7d-84de-740c17c349fa,medium,0.545,lost,voice_call,2872.2,2026-08-19T18:55:51.175565+00:00,
da9c24e1-e0f2-43ee-bd32-990859fbb86f,fcf8dc37-837c-474b-9647-8087cf6961b6,b017d001-b463-4b6f-aa9c-b930fc2563ed,medium,0.576,recovered,voice_call,6412.01,2026-07-09T16:52:51.175565+00:00,2026-07-11T11:52:51.175565+00:00
f05c322b-cfb5-4913-95e4-d1b329c09b86,59f3b8b2-ab76-4d86-b413-d03ee3f4d7ec,c09e46c3-567b-4546-b70c-eb677de76db0,low,0.799,recovered,whatsapp,1189.61,2026-08-01T18:26:51.175565+00:00,2026-08-04T01:26:51.175565+00:00
1ed39e81-6f0a-49c1-9894-78f17776942a,a7d16c72-53c6-4f4f-96a7-aae9d831f9cb,d577943b-7e41-4dd2-a06f-c721d4b3502e,high,0.338,lost,voice_call,10795.79,2026-08-19T12:17:51.175565+00:00,
5ca244d2-9f2b-445b-84a4-3b64b64d8841,e47f534c-6f0e-4b14-9e43-963f1dc18b0a,fe4e7bee-65fb-4967-b601-7ea78f967153,medium,0.531,recovered,email,4492.09,2026-07-28T22:52:51.175565+00:00,2026-07-30T14:52:51.175565+00:00
69ce008b-6964-4870-a588-e2d883d82a17,6abfff0a-5b9a-43ce-9068-ed5a0419d5eb,9635bf44-1ae3-420c-b865-923ae03a7865,medium,0.526,recovered,email,4629.67,2026-06-05T21:52:51.175565+00:00,2026-06-08T14:52:51.175565+00:00
5c2f5d19-f76d-476a-8dd0-09ebe072540f,c7aec35f-202c-4851-91ae-9c440228f44a,ca473cbd-8ab2-4360-9153-3ef38db7e5f5,high,0.092,lost,whatsapp,29814.7,2026-07-25T15:42:51.175565+00:00,
f8220a38-bc34-4485-9045-fd514d0c0753,2df1d40e-0162-435c-9d6a-b43a5421975c,53ba7388-99a1-46cb-98f9-176adfd64696,low,0.737,recovered,whatsapp,5718.14,2026-07-04T04:19:51.175565+00:00,2026-07-07T02:19:51.175565+00:00
cfb225ca-31ce-422e-8487-2e56a6c20fe4,c50110c9-38d3-478d-8247-bd9b7b71dc89,ad093ded-3073-45e3-bb7d-e3e3f2bfc3ac,low,0.783,recovered,whatsapp,2228.55,2026-07-18T16:02:51.175565+00:00,2026-07-21T04:02:51.175565+00:00
5e58ff96-16cd-4ca0-9bd0-72bfde04452f,3eec9739-f25b-4138-9526-f85f5f325a03,2d359599-049c-4ca1-bc8f-3fc44f0107cd,medium,0.556,lost,email,7966.28,2026-07-05T03:50:51.175565+00:00,
073bbc5e-8576-4eed-9336-c3e57e097752,cb3e30d4-d2a3-4bee-a584-242d787d1237,a8151fba-d885-45b6-ad8c-c123b42aaece,medium,0.551,recovered,email,3218.09,2026-08-15T03:04:51.175565+00:00,2026-08-15T17:04:51.175565+00:00
2d145113-4a8c-476e-858f-541530aa901d,67bf1650-4c3f-4e3a-941a-46e9a552e8be,520a03cb-64f3-4319-bf89-f7e50cb93bef,low,0.796,recovered,whatsapp,1582.14,2026-06-16T17:15:51.175565+00:00,2026-06-18T02:15:51.175565+00:00
25ba85b1-2f3d-420d-9645-4b446067c9f5,e1e749bc-29d7-4418-8e73-5df77d88ac2c,5321d2d5-bf0b-4fb1-9172-4fe835f09228,medium,0.43,lost,whatsapp,591.26,2026-08-04T20:18:51.175565+00:00,
f55bcdc4-f638-4cbb-8909-59f998843786,e752e5b6-0cff-4a2c-aa40-dd9f42917949,6dc7ee29-3290-45c4-a874-6c4be38c693d,medium,0.571,recovered,whatsapp,937.14,2026-08-14T06:09:51.175565+00:00,2026-08-15T00:09:51.175565+00:00
ca2623c6-f18d-430a-ba62-399037974503,c7167ec6-240b-41c3-9a8d-599f4a1d4352,a0f2578d-f5d9-4b6f-8419-9b95a5157447,low,0.701,recovered,email,3894.26,2026-08-13T19:34:51.175565+00:00,2026-08-16T04:34:51.175565+00:00
cbe16595-04ff-4b99-8fea-3424528316b6,5d41b745-d96b-45ec-9efa-d15aac808350,f02d025c-a33b-4b67-bbea-c0d08d63a8e0,medium,0.545,recovered,whatsapp,1379.1,2026-07-21T22:32:51.175565+00:00,2026-07-24T15:32:51.175565+00:00
a8064b80-3417-4b70-9b8c-3750b4d20ae6,8d8b3219-ddc4-4b9a-b32c-acfc9fc35014,b36abcdf-6f12-4293-94b2-699ac7cef49c,medium,0.35,lost,email,7709.49,2026-06-26T21:45:51.175565+00:00,
9ab42f35-70ec-46e6-a5b4-918cac22f73b,3366a5a7-3d80-40eb-beba-f9e318352a2f,ef5b962d-a3c5-4ac3-88dd-d28d5267ed46,medium,0.453,lost,whatsapp,5383.36,2026-07-24T03:19:51.175565+00:00,
9ded65ab-fef1-4f06-b53a-f64c5d8f53a4,443d8713-5de6-4b6b-97b1-04c2186d72fc,27bf1377-6f87-44c0-9561-2d0559a49c0e,medium,0.621,recovered,sms,1538.52,2026-07-02T15:47:51.175565+00:00,2026-07-02T23:47:51.175565+00:00
071318a0-7b3e-4f68-a8e8-423559052aa2,6b093d55-33a2-432d-9051-167ac20f6118,68325bfe-b481-4cc3-b9ab-84461fe514ae,medium,0.623,recovered,email,4192.12,2026-06-09T21:10:51.175565+00:00,2026-06-11T05:10:51.175565+00:00
d70bad6b-432a-45ff-8b03-0f694bd0c141,a97b393f-a443-4ff6-b405-5353990f3fca,25ad3a71-907c-42b5-800c-5f3bc9608237,medium,0.563,lost,email,5547.29,2026-07-27T23:26:51.175565+00:00,
be2d96cc-a527-4443-b1e5-0c9905e271dc,b958cf94-9621-4a4d-8901-3ff312091577,dfd8f4c9-600b-41c2-b239-e969d2402308,low,0.798,recovered,sms,1500.9,2026-06-06T13:58:51.175565+00:00,2026-06-08T18:58:51.175565+00:00
b38206f9-1ec2-4879-8cf4-2c814cae9b37,8b098bb6-d47e-4fe7-8c16-6ad7f2179251,3b9778d7-2d80-456c-8f64-31ae4d3f8c73,low,0.737,recovered,email,1542.12,2026-07-26T01:31:51.175565+00:00,2026-07-27T00:31:51.175565+00:00
17d3aeb8-79fa-404c-9bf9-0a89eb0aff01,f4ebe33f-13f1-4409-a85d-5df49fd9f424,b3f6b0d6-3121-4e00-8df0-b6b7247aee2b,medium,0.632,lost,email,2811.33,2026-07-26T04:53:51.175565+00:00,
532b23ec-d490-4061-aa23-f3bf9170f8bd,a1fb1106-32de-4af6-b027-12dee571da17,148ddf10-1412-4906-8171-b67351d84e6e,medium,0.601,recovered,voice_call,2176.38,2026-05-29T16:01:51.175565+00:00,2026-06-01T14:01:51.175565+00:00
f04f5188-24f0-4cfb-b8a5-8bfe6f68bb9e,24cd99a5-f15a-4246-8590-aade8d7e148e,316ad5bd-2736-4c8f-9818-e7229e246786,low,0.89,recovered,whatsapp,2410.47,2026-05-25T01:07:51.175565+00:00,2026-05-27T09:07:51.175565+00:00
e7bcb5e4-f936-4ba1-bfbe-95972889abe8,624d8175-6add-4da3-bf7a-5f0e9bf5a2f0,4cfb2cb5-4649-469c-95e3-714f5274110f,low,0.878,recovered,email,1245.63,2026-06-01T00:43:51.175565+00:00,2026-06-04T00:43:51.175565+00:00
cd3ac9bf-a36e-4be3-99c0-87d5f5130d6b,56f934c7-9898-4152-ab1a-04243f7870ba,65cd6d53-89c2-46e9-b2d3-5ceead213f30,low,0.792,recovered,sms,1341.4,2026-07-12T12:37:51.175565+00:00,2026-07-15T06:37:51.175565+00:00
cbdd2a31-ebfd-49c1-8a2e-16ca723675d8,a4bbe993-2ddb-4a64-ad1a-3693a50782eb,45ca8928-49a8-4a36-b4e4-3d4145d4db5d,medium,0.539,contacted,whatsapp,765.82,2026-08-21T10:24:51.175565+00:00,
6ce2f1c9-3111-48f7-8dbd-90aaf232e917,3e903eee-8fc1-4233-8bb8-2839d31d7e8c,96f97609-f897-4954-9fdc-a3a574309a06,high,0.324,lost,email,3335.86,2026-08-06T09:35:51.175565+00:00,
22ddb8b2-ed17-4264-879f-206885851843,1e29fdcc-bad8-4ea2-8fe4-0db2a6bb2b91,a02d52e2-563d-48e9-82b8-14ba3086590c,high,0.255,lost,voice_call,15758.3,2026-06-10T23:22:51.175565+00:00,
25882bc0-0ed5-441c-9b33-aa0e6bd0c8da,170a1faa-48cc-42bf-bbad-9eae64061411,5064bf73-c14e-4f29-9e16-350054f9a627,low,0.89,recovered,email,2502.36,2026-08-19T18:48:51.175565+00:00,2026-08-20T15:48:51.175565+00:00
0877836c-0cbb-4278-bfb2-0e33f96e7899,3e4b5b25-b81f-4a37-b0a8-1381076e5b51,32351b5b-1a17-4318-91bd-f55b2ebf80a7,low,0.92,recovered,email,1395.8,2026-08-19T16:26:51.175565+00:00,2026-08-20T20:26:51.175565+00:00
db8f439d-9cb1-4b8c-b0ec-c97b6ec1399c,8e0f3d7d-e38c-49e1-9812-0a12533d51b0,5eaf548c-2e83-4a61-909f-a055d37b0bbc,high,0.232,lost,whatsapp,1084.02,2026-06-14T10:46:51.175565+00:00,
ce86c0c2-a935-4f05-a2e5-10268c59ca18,3b26ae99-2c94-4ded-ac5b-9bbf9aa006d4,3468f673-605b-46bd-a794-0cfe01ea9dbd,low,0.666,recovered,sms,2433.47,2026-06-17T18:09:51.175565+00:00,2026-06-19T19:09:51.175565+00:00
56dbfdce-a493-48d4-bfa9-771b7d7f6011,b0f961a3-b748-455f-af3e-cf16bab31185,4745028c-6cff-4647-81a7-d80d3a9c0595,low,0.886,link_opened,email,1216.32,2026-08-23T01:57:51.175565+00:00,
63ae7c1d-6736-4cc0-af6b-1679be852f48,b1d05c63-fb01-47c2-b89f-f63217ba5fa5,9773afe1-0298-4626-8a00-7c49615ab7be,low,0.868,recovered,sms,2343.03,2026-08-15T03:50:51.175565+00:00,2026-08-15T07:50:51.175565+00:00
95cb6394-ffe1-49d1-a0ad-58bebcb639ee,6c0c8159-eb1b-44f0-8f05-9ab8146eec43,d7398e5a-40f2-42c9-8911-bc97bceceb1a,medium,0.445,recovered,whatsapp,6754.02,2026-06-22T03:04:51.175565+00:00,2026-06-24T02:04:51.175565+00:00
f702c932-2472-490f-9c89-b262f842c8b6,36389056-e08d-4c05-a065-00c2ded888d9,3aeba9e3-b439-4041-b822-23b207a8457e,low,0.846,recovered,whatsapp,1616.73,2026-06-22T21:31:51.175565+00:00,2026-06-24T03:31:51.175565+00:00
4b899125-f2f2-457f-84fe-14482007a5c6,68515f75-fe92-485b-8591-3b5b466506fe,0299c6e2-b4c1-48a0-a8b5-d2681f3dc746,medium,0.37,lost,email,8939.97,2026-06-10T02:29:51.175565+00:00,
0584fd7c-3c09-47fe-a28d-f12e68bf359c,513d1136-ae88-4289-95ac-980ad88ddb96,c4713008-a728-40a1-bf98-80d103db834d,medium,0.388,lost,voice_call,11374.08,2026-06-03T05:32:51.175565+00:00,
51d6b9a2-e278-4ba7-aad8-a9ca15f44524,d15aa259-f15d-4f33-94a4-d64e570e51fb,5a39cb1e-92bd-42e8-b07e-49545844f840,medium,0.635,recovered,sms,3524.86,2026-08-18T03:25:51.175565+00:00,2026-08-18T15:25:51.175565+00:00
eff1fab1-6954-4fa8-b204-3404eb51dea7,282851c8-363c-46a1-bf24-3b8e8ff328fe,e00a0c59-7297-4c48-bfa2-9fa250b636de,low,0.786,recovered,email,1152.98,2026-06-01T02:37:51.175565+00:00,2026-06-03T16:37:51.175565+00:00
0d540605-2960-4a16-bc66-8937f84a91ad,943ebf17-9774-4890-9890-0f437d4cf7cb,f39d8923-e8a4-4a10-b004-11e9e1156df0,medium,0.635,lost,sms,4087.52,2026-07-19T17:01:51.175565+00:00,
6a4b1678-b8d6-4861-95d3-a2fe45411845,2f32dab7-2149-4372-89f7-500fe69bd50b,3022f4a2-09a2-4c27-be80-3b49d18e866a,low,0.728,recovered,sms,954.95,2026-08-12T02:43:51.175565+00:00,2026-08-14T13:43:51.175565+00:00
34644ac1-fa37-49bd-8bd6-a2b10fe0c8a2,ef50fc25-6a7f-43c9-8e8d-4384090e39d7,05b0f4ae-d464-4136-afb6-cce6cc4b5b86,low,0.715,recovered,whatsapp,3913.13,2026-05-29T19:01:51.175565+00:00,2026-05-30T18:01:51.175565+00:00
1e5c9d32-eb21-43e9-a322-48d95ab6dfde,19837aef-5e52-42ba-a76b-a34bce7acb5b,eb2ebd88-c3b5-43ba-a008-22c3a95f1ebd,medium,0.375,lost,whatsapp,5576.05,2026-05-28T18:13:51.175565+00:00,
7936af14-65d3-4845-b3d5-d5ca24ae8c07,c56c4dc2-2c2d-41e4-837a-4565c717a70a,cff77cfd-d471-4fc5-9332-c26516f99b52,low,0.718,lost,email,5636.46,2026-08-10T06:04:51.175565+00:00,
b0a3a847-9b69-495e-b4fa-083e3c01504c,975bb70a-5ff5-45c8-b4ff-1ada45dca0bb,81891faa-63d8-4009-902d-9a577db01edf,low,0.669,recovered,whatsapp,1187.51,2026-05-26T06:53:51.175565+00:00,2026-05-27T08:53:51.175565+00:00
127b45f2-8e0a-4cca-b5a4-514da8b2b127,239b5852-ec57-4032-94e2-b1151218500a,8797efba-8d7e-4331-a532-cb5492e2e3af,medium,0.603,recovered,email,4629.28,2026-06-25T13:32:51.175565+00:00,2026-06-27T04:32:51.175565+00:00
cd30ef7f-30a8-4a50-b285-7398b9971710,36c87faa-6a0b-449f-a97c-2a5eeba7d8ff,2650ace5-9631-4ce6-903d-ccd61d3bfca7,medium,0.46,lost,whatsapp,952.47,2026-06-15T04:37:51.175565+00:00,
788a0d65-0ce8-4f00-ac9a-9040a63f7bf2,daca505d-d527-4a7b-bd84-0215a1562ad5,73a878a3-c7f9-4805-afab-11a2e03623cf,low,0.9,recovered,whatsapp,1681.22,2026-07-04T00:57:51.175565+00:00,2026-07-06T04:57:51.175565+00:00
05e5a5eb-5030-4912-b715-2a565bf42664,f0800457-f42d-479c-922f-e195417cef2b,5eb0f7ac-a013-41ac-8a6e-87799fcafffe,medium,0.527,lost,whatsapp,850.93,2026-05-29T09:31:51.175565+00:00,
da601036-1eaa-4d9c-88c2-afdb88cef8fe,b81d2542-fb7b-4c37-8fe4-5a6eb847d074,078a5795-5bb9-4e13-9d6c-77b964ddeb93,medium,0.619,lost,email,712.61,2026-08-17T06:21:51.175565+00:00,
ccc83ab8-99d9-4cd0-a1c1-162af80dfd24,5693cce5-4af4-4f52-999c-6f0d53f5c355,c2397c81-f43c-4986-b2f7-b80068de0efa,medium,0.402,lost,whatsapp,4028.29,2026-08-02T01:26:51.175565+00:00,
91b2729b-6664-47f0-801e-d766695ee9cb,7a5b067a-ef0b-456c-bbfb-7f211b018a3a,64ae2a98-15d0-4ef0-b1ca-b7e466fd1369,medium,0.379,recovered,whatsapp,703.67,2026-08-12T05:42:51.175565+00:00,2026-08-14T23:42:51.175565+00:00
5dff3c70-0d97-476e-a617-526ca7959114,5aca2bdb-514e-4304-bc3c-155019060cf7,1775c14e-7bcf-4309-9ae8-a5c7b27bef8d,low,0.915,recovered,email,897.64,2026-08-17T12:01:51.175565+00:00,2026-08-20T04:01:51.175565+00:00
cae1247e-17da-4a2e-848f-c00f4af135ab,048ac02c-e1c2-4bd6-a968-63fd4d215cf0,3abedb21-5369-46ed-95bd-7a49df8e76f1,high,0.347,lost,whatsapp,829.54,2026-06-22T11:06:51.175565+00:00,
3e2d0c89-27b1-4869-801e-52e53e266651,795d6e63-b495-44b5-a4d2-869e15e2971d,b0e8cd97-1f40-48da-a18c-27374d9952dd,low,0.884,recovered,email,543.79,2026-07-31T05:12:51.175565+00:00,2026-08-02T06:12:51.175565+00:00
faee5ae8-d0ca-4d66-b0bc-521a5020246c,aecd8639-3af3-4203-a477-38964a5c4804,cf942fde-cf17-432e-a891-586c1ee28137,low,0.707,lost,email,2749.27,2026-08-09T05:33:51.175565+00:00,
f7f66284-80a8-43d9-86ab-0f9f50eb5a0f,b8d4a9c1-ee25-4c99-b542-be54077a49aa,70ab1305-59f2-4508-9302-67d0d1090fc3,medium,0.478,lost,email,3450.87,2026-07-03T03:13:51.175565+00:00,
4047981e-c755-4720-b170-f18da9c5066c,16a56533-1e70-43f5-b40d-4b0bbe7cf17f,d0ca9064-e8b6-4b75-b76e-8856cc4d0888,low,0.731,recovered,sms,4094.62,2026-07-21T10:19:51.175565+00:00,2026-07-23T01:19:51.175565+00:00
ab2f2b10-75a5-4f88-972e-e9c8314db1ff,c4cce7a6-c03e-46b3-ba72-939b1027ffc3,af9dcd90-8dee-4df7-bc3a-a21280561615,medium,0.472,contacted,whatsapp,4871.42,2026-08-20T08:15:51.175565+00:00,
4b568a3c-a143-4a3e-aaac-540b6ca4c105,515af5ff-d9f8-4ef1-aea5-f274236830dd,5c303cc1-ce51-46fd-9b62-cb594e8759d4,low,0.677,recovered,whatsapp,903.42,2026-07-23T13:20:51.175565+00:00,2026-07-25T20:20:51.175565+00:00
862e7024-36e3-40c4-ba95-9475f6794714,77889b98-224b-4670-8205-cbdd666b9edc,839671d0-23b2-4a72-a010-84f35fae63b3,medium,0.56,recovered,email,2736.93,2026-08-19T12:49:51.175565+00:00,2026-08-21T20:49:51.175565+00:00
95bad977-82a7-4abc-973a-85b9bbd3a8b6,fb685437-4e4e-4c90-9d7a-90b5d4c4d05a,d541ce5b-8e3f-4b55-a795-5114a4f8bc0b,medium,0.437,recovered,email,981.56,2026-06-25T15:09:51.175565+00:00,2026-06-27T23:09:51.175565+00:00
3cb51c13-469e-4f60-b7e2-f783046b16ec,35883607-a3ea-49b6-bb74-9367619dcdda,c427d2f5-f4db-40d6-8a8f-3f92ed614515,low,0.804,recovered,whatsapp,753.65,2026-06-14T06:20:51.175565+00:00,2026-06-16T06:20:51.175565+00:00
73636a36-184c-47ad-b043-ec9bd26e80f2,96518867-3a47-49d9-88b5-e673c711c1e3,0767aaf4-0066-44ea-965d-3f6724643f2a,medium,0.585,lost,email,2239.91,2026-06-03T08:34:51.175565+00:00,
ff8e399c-5ebd-4015-84a1-69ffdde9d2ed,72cdc996-2db7-4a57-a065-ed090fe6bb5d,d60273ed-ae53-48bc-a268-8fe2f8876a5e,low,0.819,recovered,sms,2096.41,2026-05-27T18:17:51.175565+00:00,2026-05-29T21:17:51.175565+00:00
69901e84-a7bc-4ee9-8f9a-14af749897ab,8b2d53df-445f-4b20-aac7-532748a56ac6,1ad7c38c-068b-49c2-87de-243f5589ff06,low,0.8,recovered,whatsapp,3774.18,2026-06-03T22:39:51.175565+00:00,2026-06-06T04:39:51.175565+00:00
7e980d6d-503a-4e7a-b874-decbe3b3b192,e3e71d25-498f-4dfb-abb2-54d10e689903,885eb27e-7b9b-43c2-b4db-e3ee66a6e1b4,medium,0.555,recovered,email,2241.45,2026-05-25T19:27:51.175565+00:00,2026-05-27T20:27:51.175565+00:00
02c27fdb-2809-457d-abf9-8a87d785c169,f0ce895c-1b61-4dc2-99d7-03f660a8519f,2d819147-1e97-410b-80a3-11bc02325331,low,0.891,recovered,email,1586.17,2026-05-31T16:07:51.175565+00:00,2026-06-02T03:07:51.175565+00:00
815c083a-27b4-4b1a-8039-0cdd40e32e86,67a75d8c-6972-4900-885e-8ae07d44a2c3,7d6da81d-8c53-46a1-833c-0984599ef63a,low,0.781,recovered,voice_call,1156.21,2026-06-16T03:29:51.175565+00:00,2026-06-18T21:29:51.175565+00:00
351f3b7c-8d79-41bd-a05d-280c491bfc7b,b945e8c5-f594-49a8-a09a-e3bdcff6fd16,29764488-59dc-47cc-8f74-c239abe00c19,low,0.747,recovered,voice_call,3459.97,2026-07-05T01:38:51.175565+00:00,2026-07-06T02:38:51.175565+00:00
4f5209e8-ffdf-4008-9aad-6e91261d2215,1fd90f6c-c755-446d-971e-7f5d0724402b,92cc85c1-b037-435a-bf0b-9b66efc08a56,high,0.279,lost,voice_call,5156.25,2026-08-03T17:59:51.175565+00:00,
ddc3f6ea-cf0c-4244-89a8-56d7dbda69b3,b6f93341-53a8-4afc-9601-c756dcb8d390,e6206b6d-8b24-42b8-86b3-afa751164527,medium,0.551,lost,email,6249.89,2026-08-01T08:54:51.175565+00:00,
8d18cc3e-65df-4440-a55d-5eea889bb6ec,8b23b500-bd7b-4b34-bd7f-ad4cf5482a89,dee58705-1ab3-44aa-99b1-ea7a157e2b70,low,0.72,recovered,whatsapp,3401.56,2026-05-31T11:46:51.175565+00:00,2026-06-03T09:46:51.175565+00:00
0ce94e6f-bf50-429d-9bd1-255e0b744aa5,8a92a41e-c741-4171-969f-f04d0061285a,40fb524d-8d3f-4989-a059-e1617902e74f,low,0.837,recovered,email,1262.26,2026-05-29T06:34:51.175565+00:00,2026-05-31T03:34:51.175565+00:00
9baf4b5d-6fb2-40e8-89eb-1e47394bb301,9ce3f95e-a961-4a00-ae79-c405bda88afc,d12a19bb-8466-415d-8a25-a0cdfbf01337,medium,0.472,lost,whatsapp,3448.09,2026-06-07T23:00:51.175565+00:00,
d2c570ce-2ffd-4b4d-b2db-f6c6f7714642,4f14d2be-e4d9-4f2f-b410-56f0e9168555,b99172ce-18fd-460d-bb52-f5eaf1a8858c,medium,0.583,lost,whatsapp,2479.26,2026-07-31T06:31:51.175565+00:00,
36146384-e5fe-457b-b79c-900466e4e88f,9e6ea855-83b1-473e-bca0-2bb08d6151cf,5e9faffb-8127-4be0-8536-ea1fd4310345,low,0.65,recovered,whatsapp,1166.49,2026-07-17T22:03:51.175565+00:00,2026-07-20T15:03:51.175565+00:00
083f43de-650f-4aa6-8731-5f0a0a565995,d8ce770c-3158-496e-aae7-34ea1cd65af8,07df2159-5562-492a-8912-ba501d61468c,low,0.749,recovered,email,8370.21,2026-07-31T23:42:51.175565+00:00,2026-08-01T10:42:51.175565+00:00
1cbd7361-646e-41cf-bf36-ffc3b5ec5134,20921a58-66a7-4426-a4aa-7d6a59bb6d21,8c8b06aa-e591-45e8-b35e-dee55e4084c9,low,0.856,recovered,whatsapp,2915.62,2026-06-28T06:04:51.175565+00:00,2026-06-30T12:04:51.175565+00:00
36360c32-94e6-4d7d-887a-9014488858fb,6d9b8ef9-d39d-45f6-a461-bcb38ba5208c,2860a287-adca-461b-92e9-517773f07cad,medium,0.434,lost,sms,3449.48,2026-06-30T22:29:51.175565+00:00,
7f997cb9-e377-4591-ab66-c96cfb66a45c,2a921ed0-7460-4628-9f4f-76d4dc79b1c0,4bedeeb8-5c97-4536-8137-d799485c3fa0,medium,0.444,lost,email,7476.06,2026-07-30T06:16:51.175565+00:00,
b2faf89f-13c4-47c4-b696-898c1ca4b9a4,9157298d-5b25-4608-8253-fd7d7c3a8c9c,db3eaa77-7151-43e5-a097-0b22cd47b12f,low,0.794,recovered,whatsapp,2769.15,2026-07-20T14:59:51.175565+00:00,2026-07-22T09:59:51.175565+00:00
7d33f9f7-607a-4285-9b64-a446ec62ec83,e9e4f44d-c263-4494-a27c-76bed94ac501,3c0ac42c-d4d7-431c-8902-c12b74a8fdc5,medium,0.524,lost,sms,4285.44,2026-06-27T15:58:51.175565+00:00,
03cc56df-8d6d-44e7-aa1c-1488c882f8d8,962c60a8-eeb8-4ffc-b46a-cfab1a492ae3,f44e71b9-310f-4b0b-a287-d969e1e0df81,medium,0.582,lost,sms,2511.15,2026-08-05T09:23:51.175565+00:00,
6f6d7ad9-7dd0-4e06-b21f-73668f7ba4a3,aea1fd12-2ec9-4a76-9a38-b9280fd9b0e7,cd70973f-cd0c-4ee6-8500-697b91fbe885,low,0.769,lost,whatsapp,1603.67,2026-08-16T00:22:51.175565+00:00,
b9e05cf4-8c81-4a65-a2c3-d2e55c0558e0,2ade2c1d-75de-4b29-8cde-509a0debc94b,635a8154-ee8f-41a0-9240-7b5e907d99ab,low,0.821,lost,sms,844.13,2026-06-27T12:10:51.175565+00:00,
b3440bf7-ed41-4b34-91cc-4354d1947adb,f1f5d28a-6d9f-48b8-9da0-fb07ddf51272,2e2ca46e-14dc-4bd1-a0fb-5fccc82319eb,medium,0.443,recovered,sms,2305.66,2026-06-05T00:38:51.175565+00:00,2026-06-05T21:38:51.175565+00:00
5fd6468a-0ce6-4c3a-acbe-92c0f5d334b6,5f2d904a-1b14-40cf-bc5d-bccdd5ef48ee,fb3b5894-ab1f-4fb2-8e11-cea3f230faf6,low,0.754,recovered,email,682.6,2026-07-26T22:00:51.175565+00:00,2026-07-28T10:00:51.175565+00:00
35e810a1-1d17-4a6b-9c04-171a4d572a6f,372811be-a955-4f38-acee-25ac52898027,ee5ff654-b96c-48c8-8f2b-d3b5d61e681a,low,0.79,contacted,whatsapp,2069.43,2026-08-21T16:18:51.175565+00:00,
8fc14f09-427b-49d6-b9a5-c236eee705c7,ea13bc8b-5d81-494b-aee4-1efaea397359,b436cf64-71df-4ef3-829e-b4e5a847d3ec,low,0.893,recovered,sms,1457.6,2026-08-02T22:24:51.175565+00:00,2026-08-04T00:24:51.175565+00:00
6069fc39-2bd8-4087-aecd-26669be750b5,c3add510-a368-40c3-98e0-a56013ea23d1,ace4c560-38aa-4931-a623-2652a6f429bf,high,0.322,lost,voice_call,6896.19,2026-07-30T16:43:51.175565+00:00,
24f6a7ee-3f69-4cc2-9f9a-74fd21c83080,0db5c2d9-b156-4247-8da0-db11ee75b195,1fe28a87-b2fd-411b-86cf-855be6f09b7b,medium,0.641,lost,whatsapp,3167.3,2026-07-31T03:49:51.175565+00:00,
e3189841-c335-4959-ad6d-e04c77e3e2a8,338eb4c6-dc3b-44b5-aa15-d34ff0dbcc13,e1cb3e02-5a00-4b74-89ed-c13d3cf4e76c,low,0.771,recovered,email,2270.89,2026-06-14T22:03:51.175565+00:00,2026-06-15T02:03:51.175565+00:00
f7990a39-2ea6-4034-b4af-38177af45369,93bfcd9f-4712-4c5c-9c78-463e8159439a,0449288e-7b74-4ce9-a699-30867616a90a,medium,0.522,recovered,email,724.52,2026-07-25T09:05:51.175565+00:00,2026-07-27T16:05:51.175565+00:00
8478da57-6225-4e7d-957e-bcfc89a63c4d,5012d71e-6256-4f0e-b23a-081911af189b,237e5cad-1103-4055-89f7-e06bd38a7b76,low,0.898,recovered,sms,1289.75,2026-07-20T05:55:51.175565+00:00,2026-07-22T22:55:51.175565+00:00
b16b2355-2393-49a2-8ac2-8433a640d92a,b20bc312-5a3a-469b-b734-31f65f8c6b67,fee9b475-005e-478f-9d43-5d52e5c828ee,high,0.274,recovered,email,3082.53,2026-07-21T02:49:51.175565+00:00,2026-07-23T02:49:51.175565+00:00
a5cb4b1d-18df-402c-95f6-225b4dfce5b3,87aa8c4c-e9a1-4487-b4ed-bb7faf30b3fa,b8bd420c-9faa-4389-9d4c-5ee9f9be527d,low,0.669,lost,whatsapp,7131.91,2026-07-16T03:23:51.175565+00:00,
a578479c-f13e-4fa8-bbaf-140323bbf8b5,a0c046e7-899d-4736-8e52-913982a3defa,c944503a-266b-446f-8bb3-a8963e1e141d,medium,0.497,lost,email,695.2,2026-07-05T13:06:51.175565+00:00,
3a67cac0-4597-4ae0-b91a-a4393ae46a2b,1b31b2c1-53ec-4193-93e6-d710e5416504,28bfd41d-9510-46a1-9adc-294727cdd7a6,low,0.865,recovered,whatsapp,2332.24,2026-07-30T02:43:51.175565+00:00,2026-07-30T23:43:51.175565+00:00
242159f7-3ec9-4075-973a-980e647c5be4,93915cee-5874-4873-b021-a3a629329990,c73f081e-5add-46ec-b72b-575d5a22f36b,low,0.788,lost,whatsapp,960.13,2026-06-03T13:20:51.175565+00:00,
2caea387-cc1a-4a4d-b91b-5b99cdd91244,8f8d59e5-55c7-4f91-8079-ab48ed3253a1,b884c83c-da9f-4f46-bdba-3a3b75f38c53,low,0.756,recovered,whatsapp,1273.49,2026-07-23T04:25:51.175565+00:00,2026-07-23T19:25:51.175565+00:00
fbdd659e-b9c5-4a24-8c5d-9412e38d5219,9c0cb0e5-24e1-4032-bca7-fa3810a35864,0c047f21-4011-47ca-b42e-9e48b6f939af,medium,0.446,lost,voice_call,13149.33,2026-07-17T20:14:51.175565+00:00,
fa32ea03-0cd6-491b-88e3-9f109f089de5,ca5168a0-4fdc-44fe-80d7-bb3381289431,0bd4514f-f25b-47b3-b2e6-4a2844ad86a7,low,0.682,recovered,email,1733.11,2026-07-14T20:38:51.175565+00:00,2026-07-16T22:38:51.175565+00:00
94a39ea7-feb5-410a-bbff-50aafbb4f920,dd0276b6-3f27-4634-9cf4-e58c0611e5ae,eab3630e-1210-4560-8b54-ee932b3d2b5d,medium,0.366,lost,sms,1383.32,2026-06-22T07:44:51.175565+00:00,
3d871436-aebd-46b0-8c20-81fce6668f07,637de7af-21b7-4f2b-a877-b5621c9532d8,68a8fd5f-6de9-4cbe-8864-765d3f130d7d,high,0.306,lost,voice_call,2581.67,2026-08-06T17:33:51.175565+00:00,
751e5e95-62af-41c8-b8c5-10efa7770e99,343ecad0-d97c-4ecf-9309-67a874d32567,09e5f9c0-f6e1-47c9-8c9b-0b132aa05efa,medium,0.571,lost,email,6151.39,2026-05-25T19:46:51.175565+00:00,
e8b5f1e6-aff2-44e0-b66a-e0200fa10e74,039b9a61-732d-45d3-97e1-59d9a447239c,26055a3e-a92b-494d-b6de-c414b9ebbc7d,low,0.769,recovered,voice_call,1934.51,2026-06-13T02:20:51.175565+00:00,2026-06-15T06:20:51.175565+00:00
a924f0f8-3d69-453e-a1be-21de23ae4638,dbda0440-9c6c-405d-b293-1e7ce60957e4,2f9ff5ba-fa3d-44e0-b292-e18f67dc2f55,medium,0.43,recovered,email,658.78,2026-08-04T23:31:51.175565+00:00,2026-08-06T19:31:51.175565+00:00
a5069045-61a3-4345-b7bb-9152b215e533,595c1a07-1219-4018-814f-cea79b32ba12,aa23855b-4f6f-4bde-8f14-b7f57e198e96,medium,0.451,recovered,sms,3919.18,2026-07-05T08:04:51.175565+00:00,2026-07-08T05:04:51.175565+00:00
75e3f136-c173-425b-b93e-764b22fbaa40,01c67eb7-cf62-41cb-bad9-de8f6732868d,e15aedbf-d973-4924-a0b0-1262a7bfd957,low,0.934,link_opened,voice_call,1561.34,2026-08-22T10:17:51.175565+00:00,
0a874265-d954-4996-9bab-f15e30851b56,16760e61-f619-4627-b335-3bdcf9caca50,82b58fee-5ee9-49df-9b6f-14aab0e0c330,high,0.179,lost,whatsapp,2315.8,2026-06-27T09:21:51.175565+00:00,
c2c25ea7-eac4-435d-86f3-e29d11127163,0e29a29b-d956-4a0d-9583-6b48ad1891b8,20844527-779f-4401-96de-caf6b9f9351b,medium,0.551,recovered,whatsapp,546.36,2026-06-11T17:56:51.175565+00:00,2026-06-13T22:56:51.175565+00:00
ae68999a-50fa-4fbd-813e-81da431c2914,e48488fc-1685-454f-9790-ce2d39ba4fff,3e5ce0c1-0675-41dc-b6c6-b2a3d9694c61,medium,0.419,lost,email,6915.69,2026-06-30T23:29:51.175565+00:00,
455d5938-aa43-4cf5-86e6-0e04a4a12494,1c13bece-7aa8-4f35-81f2-db24d83526fd,8d775c75-9947-4012-bfa0-7076a7bac1a2,high,0.341,lost,email,1916.34,2026-08-15T18:08:51.175565+00:00,
c240b09c-c5d5-482c-9a62-abddc82297d0,c986675f-abeb-47d5-9a78-f15c7aa77234,2674f408-79d1-44c1-9b03-c76972aed2c7,medium,0.627,lost,email,1609.66,2026-08-19T18:24:51.175565+00:00,
bdd655f7-184b-43d2-82d1-042ef17e4b44,477ae019-e9ce-45c7-b19d-d2b313168aca,a14ae10e-24b1-4ae2-8f5a-6f86507daefb,medium,0.483,lost,email,9167.47,2026-07-23T11:56:51.175565+00:00,
5b56c4bd-158a-4a7c-a1b6-efc017205cf9,7a8db8e4-11f9-480b-8729-738c429bc9ce,5fb91c11-377f-41cd-b339-933ed8bd72a2,low,0.737,recovered,whatsapp,874.61,2026-07-25T01:11:51.175565+00:00,2026-07-27T11:11:51.175565+00:00
81ca1594-393a-4190-a9ad-2583c60d6b99,cda7afc9-5496-4841-8eac-049e84e59ad0,c5708896-75cf-4a2d-8761-49925d40fe78,low,0.695,lost,email,2043.99,2026-06-08T12:12:51.175565+00:00,
a54d63af-65ce-4ec1-a21b-074efbb56c68,5ef23633-e2f0-4b94-b6e7-87b8cb297bc0,cbd64fd7-88f3-4684-a447-c1dcf8419193,medium,0.619,recovered,email,1978.38,2026-06-15T20:50:51.175565+00:00,2026-06-16T17:50:51.175565+00:00
e33d599c-e8d5-4d1f-b6af-fac42d776e73,732d2451-7d5d-46b0-8382-c1e755778879,5e4a3e12-c1ea-46d3-a6fc-fbe4222d0913,low,0.865,recovered,sms,1897.59,2026-07-17T08:50:51.175565+00:00,2026-07-19T03:50:51.175565+00:00
13a798c8-2829-4024-b6a8-5cc6894abab4,a10623e0-5ba8-4e85-9b47-30251235cd02,935af383-84aa-453a-9661-4a6221528e52,high,0.337,lost,whatsapp,10207.03,2026-05-31T12:21:51.175565+00:00,
8c1c2af2-4454-4bf1-9175-565f76ea0e1e,6c0c8159-eb1b-44f0-8f05-9ab8146eec43,28f59331-0ac4-4732-9ee3-9f913b655c23,low,0.717,recovered,whatsapp,899.81,2026-07-31T02:24:51.175565+00:00,2026-07-31T13:24:51.175565+00:00
74b09637-9c9f-4177-9044-936d58ba76f2,2686c390-df7e-45bc-a153-f0e12abb131b,f7d68841-2caf-424e-ba82-a9caa7d0d586,high,0.134,lost,email,2656.03,2026-08-16T07:13:51.175565+00:00,
26addb1b-277b-4193-9d86-1f56d724a5d8,4c69f551-b7c2-4c8f-88f8-8e6fd0e89f57,3b436ae8-e5c4-4169-bc91-0cf2069900d7,low,0.879,recovered,whatsapp,662.48,2026-08-10T21:05:51.175565+00:00,2026-08-13T04:05:51.175565+00:00
bdfc6f11-ca67-4d25-93e1-4f2c75d057c1,c5111c25-a2b7-4e3a-b4c7-9526ddfc832c,3952ea57-74d5-4ebf-9bd9-4411eb6ed498,medium,0.387,lost,sms,3011.86,2026-06-06T04:05:51.175565+00:00,
682b1616-c99d-4520-9ae2-34b842af534f,c470e858-4953-4ac0-a3dd-da4fdb982fff,b0ceb8ab-c708-43a9-a05a-46752267338c,medium,0.39,recovered,email,2914.42,2026-07-30T00:05:51.175565+00:00,2026-08-01T20:05:51.175565+00:00
ea184002-c0ab-4669-890b-57adc20a33f0,cba62169-b7b4-402d-8ef0-4c9c07c6fc79,59477b10-6697-44a9-bde3-4c67f81dd809,medium,0.606,contacted,whatsapp,12616.82,2026-08-20T16:17:51.175565+00:00,
80806b28-a89f-42b4-b0a9-9c7c857240b0,04568506-77a4-4ec7-8b9d-62f17efccfd1,7b25110f-99a7-4383-98d4-9321c66ae4fe,medium,0.627,recovered,whatsapp,21575.56,2026-07-04T00:37:51.175565+00:00,2026-07-06T21:37:51.175565+00:00
c6aed1c4-3c38-4ac8-9e64-643e75f83361,dad9e9e9-299b-470b-b5da-763118e17c14,95b7ec2b-ba95-4d0d-bc92-6c3b5f971c0a,medium,0.431,recovered,email,2016.76,2026-07-02T23:11:51.175565+00:00,2026-07-04T11:11:51.175565+00:00
82c71b95-ba56-4de2-9a76-a7c500acbd1a,f6c53d5a-0e21-4d18-894a-aa61ddf20566,24e00248-a210-4d53-a1d0-ced94a585013,medium,0.509,recovered,sms,3048.12,2026-08-06T10:29:51.175565+00:00,2026-08-09T05:29:51.175565+00:00
7073126b-f63b-4dff-bd73-6116369c3ea0,e94ec78d-4548-4488-97c9-29060750f76e,aaafc73d-9525-46df-b6c5-6e448f36e67e,medium,0.58,lost,email,2917.89,2026-06-13T20:00:51.175565+00:00,
71032573-59cf-4db1-845d-302c331bcf59,e1a9e2ba-89bd-4f55-bb94-0bd150e8a6ec,b027943b-5996-46b1-9000-aedc84446374,low,0.65,recovered,whatsapp,3823.94,2026-08-09T01:35:51.175565+00:00,2026-08-10T11:35:51.175565+00:00
9624dc8e-ae8c-4015-8601-40f2a5abfc45,85906701-8ab4-43f6-95fd-d37fe8e7488a,1a2ef817-5b67-4ca7-87d0-d7d46ed496ce,low,0.882,recovered,sms,555.06,2026-06-08T23:12:51.175565+00:00,2026-06-09T03:12:51.175565+00:00
f7619137-c6cb-4354-9bf3-102f2edb71a3,4676ed07-10bc-4b05-be60-ccb0364eceea,0da65188-9ba9-4b99-8744-450324b570d1,low,0.886,recovered,sms,5328.2,2026-06-11T14:17:51.175565+00:00,2026-06-13T11:17:51.175565+00:00
d2b613df-6d36-4db6-85e5-6b351892a451,d28c82f8-4d77-4754-9b9b-92e340c8544c,8464d51b-a803-4916-bb9d-34d90183495d,medium,0.468,recovered,email,8374.45,2026-07-19T16:10:51.175565+00:00,2026-07-20T14:10:51.175565+00:00
563aeee1-24bc-47c9-8229-f3c857b96a6e,dbe19d79-ee33-4e13-a2b4-5e4cc1bee666,0e13b681-49b6-46f3-853a-2ab763b22dc8,low,0.761,payment_attempted,email,1130.76,2026-08-22T22:40:51.175565+00:00,
170aecc8-b894-4591-91e8-1d546cf0a672,8e2b50fc-1dfa-4344-ad53-d97020e268b8,66c4b335-f594-4ae0-8fe1-07dee3c57bf9,low,0.825,recovered,whatsapp,532.84,2026-06-22T22:08:51.175565+00:00,2026-06-23T18:08:51.175565+00:00
678b122b-009d-429c-b37c-62c9beb2e709,51ef0d0e-fcc6-4f1d-8c4d-5ab08b7c374f,230b1175-0d7b-4d07-ad80-13526f221637,low,0.671,recovered,whatsapp,696.57,2026-06-01T06:29:51.175565+00:00,2026-06-01T18:29:51.175565+00:00
d4c74d41-6c89-4a75-9dd4-74e7dc666f69,a6ceeb8e-f466-493b-82b0-dfae96e51b11,a10d52b2-cb11-423e-ac41-ac32878a6a7f,low,0.701,recovered,email,1650.91,2026-06-07T13:56:51.175565+00:00,2026-06-08T10:56:51.175565+00:00
71987e20-5ce2-47b4-83a8-632e26a046ba,0757bf53-058d-4bb1-b266-0b2cc1a0f809,663d6338-0670-44ae-a37d-51f55f23a135,medium,0.525,contacted,sms,1053.62,2026-08-20T02:40:51.175565+00:00,
5b1ab962-6e6f-4b5c-b621-3f5e272269a2,8fc477eb-3570-4381-b626-988074e3eda0,f3812404-194e-4c36-b465-cd8d9e3bb4c2,low,0.837,recovered,whatsapp,1629.44,2026-08-09T08:19:51.175565+00:00,2026-08-11T00:19:51.175565+00:00
da06e32d-4d4c-4b9c-8cda-974e66a24642,0805ae00-3cfa-46b7-a907-f9c2a9ae2816,a1e01c7f-5b55-4006-b688-0dbea1b7f8c4,low,0.758,recovered,sms,2157.34,2026-05-27T07:36:51.175565+00:00,2026-05-29T13:36:51.175565+00:00
df873aec-56ac-43d8-a996-ad22861132b0,b945e8c5-f594-49a8-a09a-e3bdcff6fd16,ec9c51a3-79be-4085-ab65-1590813d630f,medium,0.626,recovered,whatsapp,7784.21,2026-06-22T17:58:51.175565+00:00,2026-06-25T15:58:51.175565+00:00
36bb171e-bc3d-4197-842c-5d65163c37b5,0440c068-eaca-416d-abe6-136b4a51f741,fb25c741-9036-4efb-a5d0-7805120019d7,low,0.823,recovered,email,2263.65,2026-07-06T00:52:51.175565+00:00,2026-07-07T15:52:51.175565+00:00
05b0ab0d-9888-48e2-8135-5f9ae066dece,84f1cbf8-919d-4a85-99d0-6d272ae154ae,5195fba2-2395-4a3e-a887-e246861633d9,medium,0.513,recovered,sms,1740.76,2026-08-15T07:22:51.175565+00:00,2026-08-15T20:22:51.175565+00:00
21d89e24-45cd-4f0d-b14e-0630020bd796,cb8cb41f-b46c-4924-9fbb-6c1d4b8a24b4,236d65d0-6898-4f96-8adc-4400258d76e6,low,0.686,recovered,email,2657.87,2026-08-02T00:13:51.175565+00:00,2026-08-02T17:13:51.175565+00:00
5960bcaa-ac1c-4868-8621-3a92ccfb788f,866a35b6-8355-40f7-a8be-231ad8f98d35,9be9edf6-294a-42f2-ac4c-515c0b27a6bd,low,0.797,lost,sms,1388.35,2026-07-11T06:47:51.175565+00:00,
0a12c4d2-0d9c-43ee-9765-57bf94b7e560,8bc2b4c7-9fed-4594-a00f-dc25e006ede1,99b2ec6f-58b6-45ee-8fd6-95132c8fe027,medium,0.532,recovered,email,749.88,2026-07-14T16:19:51.175565+00:00,2026-07-16T02:19:51.175565+00:00
605ed108-380f-4f88-be67-5af4360db81c,60f277e9-dff2-4be3-ad1c-fcff5747ed95,3d61ea3a-a85e-489d-9fca-8d2d9b14e63b,low,0.739,recovered,email,3094.95,2026-05-25T05:28:51.175565+00:00,2026-05-25T11:28:51.175565+00:00
6df74858-37a7-4f2d-ab02-3cfc75d56dce,0b44aa9e-d178-4867-bace-e1e1a6730df3,b5a7249d-dc73-4c34-94b5-b424ddfb0ebd,medium,0.466,lost,email,5149.7,2026-06-22T16:32:51.175565+00:00,
1d21be69-3dcb-4ca8-b6fb-3cd4a204e2a2,e86434d2-7915-4112-8c35-52eeaf4ff000,66ce7cab-2510-4730-a991-6b483199d91c,low,0.681,recovered,email,691.83,2026-07-30T23:34:51.175565+00:00,2026-07-31T08:34:51.175565+00:00
f8da80b7-b812-48fb-97fb-b788a6b83c97,841266d4-6e64-42ae-91fc-0d92bf0613a4,4c30ef3a-4d29-46a0-83f5-28b74a3d0a4e,low,0.839,recovered,sms,1612.06,2026-07-18T07:00:51.175565+00:00,2026-07-18T11:00:51.175565+00:00
87c13e79-be70-45a2-b094-0587025bfc5b,84fd0969-c8b6-41e5-a568-c54e2e3d1cf1,a8228b6f-d1eb-4c72-9151-d90c09b7522a,low,0.69,recovered,whatsapp,4206.41,2026-07-27T23:13:51.175565+00:00,2026-07-28T10:13:51.175565+00:00
2d3df4d0-9038-42fc-b5a2-c7ed259e672f,46c8d6b4-95d8-41bb-b0d2-ca2cedaeba31,b88f262f-a915-4330-952b-e87155ca9085,low,0.789,recovered,email,1990.52,2026-06-22T20:08:51.175565+00:00,2026-06-24T19:08:51.175565+00:00
5c463fe4-2066-4511-a415-f72742270b77,26afc2e7-2ef6-4d05-844d-f11c51f323d9,d04d6155-5035-4fe2-931d-ff0b18be2c67,medium,0.575,lost,whatsapp,2749.16,2026-07-08T06:32:51.175565+00:00,
26ba2bbe-3732-4175-8961-d80be1a85ba1,b40c07ec-44a0-4d6c-ad19-252b43278ed6,6fd7fc94-e87c-46ad-b173-5bd6b03c77a0,low,0.697,recovered,whatsapp,6627.46,2026-07-07T15:24:51.175565+00:00,2026-07-10T03:24:51.175565+00:00
92be0816-33ea-412a-829f-1c0462231b56,bc34f37f-9b02-438f-b992-17112ddc8f7f,b07786be-9688-4640-bd75-4a7b667d4ea4,medium,0.488,lost,whatsapp,5650.51,2026-08-09T09:43:51.175565+00:00,
3bb7232d-6258-46b5-9037-bc07e5520083,29d6c10f-b14c-49b4-927e-7b5da4301c07,b1f911ef-6216-4b9a-930c-7830ff75a2b0,low,0.683,recovered,whatsapp,7778.13,2026-07-07T11:11:51.175565+00:00,2026-07-07T23:11:51.175565+00:00
88e8fddb-62bf-4fe3-bb75-5f5082aeda13,34f3d692-2148-4bb7-af5a-13566a64e872,08d73d1e-a440-4955-9e7e-c3d4fa7dfc6c,high,0.227,lost,whatsapp,24791.24,2026-08-18T22:54:51.175565+00:00,
82809a17-25e7-48df-8964-875d9875859f,34e4879e-7d39-4de2-8e63-fe1caba41630,6827ce3e-8ddc-4ce5-9e12-ea4401bad3d2,medium,0.619,recovered,whatsapp,4725.86,2026-06-19T12:10:51.175565+00:00,2026-06-21T23:10:51.175565+00:00
d5cc1717-9da9-4959-8183-e3c77f8b6ba0,90f36cae-43e0-47c5-845a-068bb03db967,a3adc520-5fa1-42e1-97b9-8b782ecfa22c,medium,0.608,lost,email,3058.11,2026-08-14T17:13:51.175565+00:00,
59be66a5-39ad-43f8-b7b6-4cda78111220,5ec596c4-0e34-4997-9ca2-06c024bb1133,98fa8dce-4e73-46c0-aa52-fc3eafa7abcb,medium,0.638,recovered,voice_call,1247.77,2026-05-29T20:20:51.175565+00:00,2026-05-31T15:20:51.175565+00:00
6420bb47-1d71-4cf2-a645-184cf4ad6c00,47a2044e-d845-4e34-a612-2e3c492f2b65,c568aadc-e973-41de-b2c7-0eed243df1e4,medium,0.423,lost,whatsapp,4103.8,2026-06-12T18:02:51.175565+00:00,
61a590a8-b2ed-420b-aafa-fb9b51908658,d741fbe0-9b01-4fdd-aa54-d259b174c32d,c6d97ddb-d01a-4d07-bf69-3d7a98155475,low,0.7,recovered,sms,1175.07,2026-08-01T20:16:51.175565+00:00,2026-08-02T02:16:51.175565+00:00
5025c658-c329-420e-8bca-5920ea8a306d,ee44e554-98fa-4f60-a2d9-a9329bae7b51,63469384-7a92-4205-8051-69dc31aa764b,high,0.258,lost,whatsapp,7986.28,2026-06-09T05:23:51.175565+00:00,
9022ea34-3bd7-4f91-aad5-b8cace8f8579,4676ed07-10bc-4b05-be60-ccb0364eceea,1ca10a69-4347-4470-a9b3-243c343067ba,low,0.855,recovered,whatsapp,3251.62,2026-06-06T01:23:51.175565+00:00,2026-06-07T00:23:51.175565+00:00
3d1e5104-2193-473b-85fa-860cf401d016,6d9d6b0d-b11a-4dd3-b403-ef7cbecc3ac5,d1c6e31a-6f75-46ec-ac71-520ee016964a,medium,0.542,lost,whatsapp,3012.37,2026-08-18T16:30:51.175565+00:00,
9e7f6eaf-2ee9-4287-b75c-c2a943fcd179,30f4a9bd-5806-4406-b213-6b431cbdb35c,dddcd21f-4354-40d6-9963-e972787b851c,medium,0.355,lost,email,3727.35,2026-08-10T23:09:51.175565+00:00,
2962b3d6-349e-48e2-9fb0-f62e58064a3e,4f0d3d5e-7ec9-4ac6-a19e-a2d6de31c47e,9cbe0bfd-084c-433c-ab42-9a7c36527961,medium,0.477,lost,whatsapp,1938.75,2026-06-26T20:17:51.175565+00:00,
79e70e39-2527-451a-bab5-ab575d0249ab,04d3a0b9-aad6-41f1-b4f8-576a6859f951,74466e25-e3a0-4272-9f76-91e51777bd66,medium,0.635,recovered,whatsapp,4379.98,2026-07-24T11:42:51.175565+00:00,2026-07-26T09:42:51.175565+00:00
c0ba0e00-94c2-4df7-b11d-9985165cfa88,69ea3c87-cd65-4b90-9919-624b080c9fc7,3fd4edfc-a856-4365-ad58-1ffcf8883467,medium,0.417,recovered,whatsapp,3137.3,2026-08-13T11:54:51.175565+00:00,2026-08-14T17:54:51.175565+00:00
41384f27-cae1-4eaa-88ce-56b0eb3e4718,f6c53d5a-0e21-4d18-894a-aa61ddf20566,387ecb39-2cc9-4c49-9e24-03f0a3ecaaa7,high,0.324,lost,voice_call,2571.29,2026-06-10T02:33:51.175565+00:00,
96448924-b889-42b9-87bd-087e65899cc7,a952a6ec-a092-47ca-93f1-9bb7bcd2832f,8268a5aa-caa9-458c-8ff2-c3cee1ad8ba9,low,0.851,recovered,email,4928.8,2026-07-25T14:25:51.175565+00:00,2026-07-27T11:25:51.175565+00:00
82026682-3bcc-4e48-a536-8507ff7d2102,5c221ed2-04f5-4350-aaf3-8a584975d21c,2743c62c-95d0-418f-8c9b-8ab2297c04b3,low,0.821,recovered,email,2602.12,2026-07-05T07:15:51.175565+00:00,2026-07-07T11:15:51.175565+00:00
9b566e36-1e2a-4fa3-b2e2-1c7e7b3fbc89,c27055fd-4302-43e1-958a-a4e75516eb54,eba98c0d-d289-435c-8d49-234711fdad58,medium,0.59,lost,sms,4032.97,2026-07-09T11:02:51.175565+00:00,
0440d1eb-b2f2-40fd-99e8-26723efa7d73,7ff8dc10-7858-47de-91a7-277dfd4b0804,6b316f27-23b3-4690-b08a-0afb08d8fe2d,low,0.803,recovered,sms,3492.07,2026-06-10T12:25:51.175565+00:00,2026-06-11T15:25:51.175565+00:00
62c719ef-0c48-4db6-9d37-9c3626f01e0e,ff63e819-4c05-40b2-828e-675f69cb56b9,89acd7c2-6256-4fa6-86b2-1eaf01b87d24,medium,0.454,lost,sms,8846.19,2026-08-08T18:16:51.175565+00:00,
3dcb91a7-aeb7-4a23-9f1a-8162c3d19008,092e0205-88eb-40d0-bd25-c7c11311783a,019797e4-e841-4a59-b5c4-3a9ab6d8921b,low,0.794,recovered,whatsapp,3230.13,2026-07-26T16:26:51.175565+00:00,2026-07-29T12:26:51.175565+00:00
4301dea7-8bfc-49e1-a5e7-2749b3857cf2,0342e354-8056-45af-a630-0e7b0a2bb5af,8cbbe130-0aa9-4c33-ba4c-569b3e093cd6,low,0.756,recovered,email,831.76,2026-08-09T12:49:51.175565+00:00,2026-08-12T06:49:51.175565+00:00
5899c6ea-f370-430f-b2f2-51d95db65f6b,7fa29f11-bb0c-4d8e-aff7-3827205d28de,d8cc0ba8-7fa8-441f-80f3-de9347c17c79,high,0.239,lost,whatsapp,1063.03,2026-06-17T21:57:51.175565+00:00,
26c6a19f-7ba1-41d3-8cef-7da6e310ee23,f37938fd-e504-47c5-9ca4-337837318d29,49b6f06b-c4dd-4c67-aec0-d0c2880527f4,low,0.732,recovered,email,11065.29,2026-06-06T12:49:51.175565+00:00,2026-06-07T06:49:51.175565+00:00
2ac33b2c-65d7-4ef1-8cd7-dae49ba4337e,c37e34a1-ea2c-42b8-a1f5-a76ce941c89f,63da0342-4d58-4882-89ba-db195f6a83db,medium,0.606,lost,whatsapp,1156.87,2026-06-29T18:32:51.175565+00:00,
deb2d323-52a0-405f-84e9-2653c5e6de01,8a306085-4bf6-4568-98dc-0bf867ea22a5,82b74ef0-903c-42fa-b239-1e48eacc1eda,low,0.718,recovered,sms,1968.16,2026-06-29T18:48:51.175565+00:00,2026-07-02T05:48:51.175565+00:00
d2d4411e-af89-43d1-a675-330a21fb89bb,3c0ca33c-6c94-4a2b-8e5b-4ed19788a4d0,9156b716-c1af-4da5-bf4e-e0ef72a06768,high,0.291,lost,email,499.0,2026-07-01T21:28:51.175565+00:00,
634a40cd-933e-4a49-aad4-3611613c443c,bae2e0dd-4b35-47e8-8fd5-48f5f879cdae,646266ce-5d19-43b2-ab0e-5e0de850f102,medium,0.528,recovered,email,3292.65,2026-06-09T20:08:51.175565+00:00,2026-06-10T02:08:51.175565+00:00
3d76c949-4810-4b07-ac73-008717c90ad1,15c0fb21-236b-4318-ac42-5a2817036f63,71fe82cd-f7d4-4e96-8256-1852be8e9eaa,low,0.784,recovered,whatsapp,4862.06,2026-06-26T08:32:51.175565+00:00,2026-06-27T07:32:51.175565+00:00
1b1d067c-5bd7-4f6e-87c7-386427fee0b8,96657a37-abca-4b76-b7ab-6f3b92e78cab,28a99cc5-9ac1-4abc-9c3a-990cdb69eb1e,low,0.836,recovered,email,3947.01,2026-06-08T20:23:51.175565+00:00,2026-06-11T16:23:51.175565+00:00
aa295503-98b8-4360-96c2-f821005e9edc,50d91280-5ab6-425b-b769-4f2622ce16e8,21443908-51b9-485d-9add-f78862992280,medium,0.638,recovered,whatsapp,2287.82,2026-07-14T13:19:51.175565+00:00,2026-07-14T22:19:51.175565+00:00
6b15847d-0954-41e0-b9e6-a5355554db76,5b6c46ca-f607-4881-9216-e5d3ef2a3613,a15694ff-097d-4465-ab3a-8d3ee0463dde,medium,0.506,lost,email,3945.69,2026-08-18T22:41:51.175565+00:00,
6ec2925e-4033-4437-8319-4b84ec3d6888,9ad47f12-5429-465d-b3b0-58b646ba9011,919874c6-a0c3-4286-bd0a-5b505320af7c,low,0.803,recovered,whatsapp,2144.26,2026-08-04T04:57:51.175565+00:00,2026-08-05T11:57:51.175565+00:00
6cafbda6-9a72-4d6c-98f7-9884027bf4fb,d4e5a2ae-51a3-40d4-9a51-0c52291fdda4,056a80c9-b055-465e-86ca-f07b2c0160b9,medium,0.378,recovered,sms,2809.43,2026-06-26T02:17:51.175565+00:00,2026-06-28T23:17:51.175565+00:00
05fa9b9b-2b7b-4791-979c-89e05b6d40c6,a75a5c72-f24a-47a0-9c99-c814e4b86ee1,b2c30a86-a448-47e5-96f5-8e6b13f25fbc,medium,0.399,lost,whatsapp,3394.63,2026-05-30T02:16:51.175565+00:00,
ff932363-caac-4feb-8a48-950f558d5841,ffb4ff62-4afe-4de0-8573-4374479e952d,fd862023-14f7-4223-8719-499e2f318895,high,0.331,lost,whatsapp,2150.34,2026-07-27T15:06:51.175565+00:00,
dad24a47-287d-4599-9cac-07a6ea41aa95,7dad0c3f-ed37-48da-adae-da8849e3c834,ad0fdb75-f1b7-44d5-96fd-0df71fcb4eeb,medium,0.626,recovered,sms,2653.09,2026-05-30T20:32:51.175565+00:00,2026-05-31T21:32:51.175565+00:00
8f103afd-df31-4618-a9b8-b53d942741f8,0ce84ef8-3163-4a05-a52e-8918b6d80fac,a98e8f53-d086-4f8b-8ce2-6bfe51bc48f0,low,0.818,recovered,email,1908.18,2026-07-31T21:25:51.175565+00:00,2026-08-03T14:25:51.175565+00:00
bf046a6c-cb44-48fc-82aa-9ceaef61c624,07245d6f-97a7-4c89-88e3-f67ae18167a5,54e55d51-5b7d-4ee3-b23c-e3de2ca098a9,low,0.763,recovered,email,664.71,2026-07-10T07:26:51.175565+00:00,2026-07-12T02:26:51.175565+00:00
bcc0e52e-2a42-4465-bb22-fdddbdc39982,85cb4479-c647-4169-8cc2-1cdc31a76aa5,89db7774-66cd-494e-9673-123d89786fb3,medium,0.357,lost,sms,6615.63,2026-07-01T06:10:51.175565+00:00,
afae2d80-3dcd-47d9-bad9-b508f3876457,c29cb733-7de7-4872-9538-1997243fcf76,b833e9fd-eefb-4467-a2f7-07426a1a857b,medium,0.638,recovered,whatsapp,3612.89,2026-06-25T05:04:51.175565+00:00,2026-06-26T09:04:51.175565+00:00
cd5ff5d7-4b17-4033-bc73-acc4d3933e87,db3a8c57-156f-48b0-9c35-e3a557f4d5bc,f016ae85-dfb3-4068-ab83-1e3b4088f93b,high,0.324,lost,whatsapp,2159.85,2026-07-19T06:07:51.175565+00:00,
018c8574-0475-4997-8a16-1d9887adb7f2,77889b98-224b-4670-8205-cbdd666b9edc,cd57dee7-b442-49c5-8d84-2476ebd93303,high,0.269,lost,whatsapp,6072.95,2026-07-29T09:20:51.175565+00:00,
d649c2ec-c81f-4523-9254-65964395ea0b,bc82ae55-cdc7-44a3-a91e-c8f368990dae,0f3c599b-54e6-497e-949b-6057fbb77004,low,0.827,recovered,whatsapp,2226.48,2026-07-09T18:41:51.175565+00:00,2026-07-11T04:41:51.175565+00:00
6ee7f15d-3547-42b0-a184-a619e1b589cb,41c30e1a-b7ba-42e1-b3b5-a0cc1101c599,a2ea178b-ad93-4095-a509-85330a4287b2,medium,0.447,lost,whatsapp,12358.05,2026-07-16T22:55:51.175565+00:00,
dc39f30f-b4d7-4f30-aa55-18fb33f60422,2d203e84-3cfe-47ab-8d0e-ff1aeda74f6e,88831740-e472-421f-98d6-a4fe0bb7b79c,medium,0.62,recovered,sms,1721.85,2026-08-03T22:17:51.175565+00:00,2026-08-04T14:17:51.175565+00:00
3328f3f9-bd0c-473d-a46b-8803fd65f2b5,cb4e7e04-9ec1-4c66-acb8-adc34c368b0e,f8bdcddf-decd-4673-bbbf-a8416e1a7c12,low,0.734,recovered,whatsapp,2970.66,2026-06-04T09:00:51.175565+00:00,2026-06-07T07:00:51.175565+00:00
4b1d7c57-292c-4eaa-aa89-3781d34ac524,2e075bac-3060-420f-9684-819f28e98ebd,01bde14a-1a4c-4832-b3da-881abc47af34,high,0.332,lost,whatsapp,2439.47,2026-07-02T16:52:51.175565+00:00,
273c6f45-022b-41ae-8b22-fd6d841a3050,225525cb-adba-43b9-afa0-b8aa5df9ad0b,f3d47077-47b8-4e8c-9f64-2be2cc05fb52,medium,0.57,lost,email,9222.68,2026-06-05T01:25:51.175565+00:00,
d80e9364-7acf-472b-b50d-79f80581df27,720e7db5-c483-45c1-a40c-d873664cab6c,5b7fe441-13c0-4609-b9f4-135b0a67c950,low,0.706,recovered,email,1776.33,2026-06-24T07:27:51.175565+00:00,2026-06-26T13:27:51.175565+00:00
e81b8d87-70f1-4f6b-83bf-058ddac4d928,31ed0fba-b927-4a01-bdb6-da56ed985ae3,84379443-b024-453a-b327-62fcc0a178d3,high,0.314,lost,email,2056.42,2026-08-09T05:30:51.175565+00:00,
bed9a890-07d2-444c-b2db-bf2b4a026238,b5275652-cf03-4714-9e70-698df634b932,0e36c06f-c2f1-4249-94b4-0c94f5d4581a,high,0.251,lost,whatsapp,22401.47,2026-06-11T23:26:51.175565+00:00,
e091a922-7fa5-4537-863a-2c6902bc69db,1e99319c-13f5-4326-92b3-a28a862fd6b7,912d6ca0-b3c3-4ed5-a836-d5a84c699e94,low,0.736,recovered,whatsapp,1096.66,2026-07-28T09:19:51.175565+00:00,2026-07-28T17:19:51.175565+00:00
225c9934-84c5-4f29-a90f-bfe65f46bad4,71fc8bdd-f483-4beb-ae2e-4f20812ea039,591765f7-b21e-42fb-a6b3-e634e74c0182,low,0.705,recovered,email,1959.57,2026-06-30T23:20:51.175565+00:00,2026-07-03T22:20:51.175565+00:00
88f2fa66-3869-4d89-83ee-d704946260c9,e5d54798-2ccf-4f1e-9668-568143596095,fcb98f92-cbb8-47aa-b24e-0da8fc65d976,medium,0.543,recovered,whatsapp,1063.12,2026-07-30T09:50:51.175565+00:00,2026-08-01T02:50:51.175565+00:00
e4f89fae-0659-4289-8498-f177c907d06a,6e23eeb3-27c3-415c-85e0-58cbef980699,46979887-3629-46b0-9d1a-1be6c98cc219,low,0.864,recovered,whatsapp,2122.4,2026-06-08T00:55:51.175565+00:00,2026-06-11T00:55:51.175565+00:00
48f434c2-1880-404d-a2eb-aef15a234cde,13046299-9c0e-4a3b-9bf6-5d8b100809e4,e3794e23-4664-45df-8688-5ffac9df3ea0,low,0.665,recovered,sms,3594.84,2026-07-08T17:18:51.175565+00:00,2026-07-08T23:18:51.175565+00:00
0c9d6820-91f1-4d7a-8c66-4655a53847a2,547a3310-ddb6-4301-bff4-99e5ea18a08d,35c901c4-2ec7-44fe-b82e-0d1d73ef44ab,low,0.675,recovered,voice_call,3274.69,2026-06-18T13:55:51.175565+00:00,2026-06-19T04:55:51.175565+00:00
cc8a18d6-34e5-49ef-92d5-9897dbe4f1c9,3588e3eb-7b3e-43ec-9581-9bc5d7e05469,0ff17b1c-0432-4faf-8ec9-e2b41b4499c5,medium,0.433,lost,sms,3983.74,2026-06-21T15:28:51.175565+00:00,
f8e071df-f180-40be-be85-41572adfaaca,8b3a8840-615f-4578-85bc-c9febf412492,df38d57c-fa67-41b1-a6d6-fb2bffdab431,low,0.746,lost,email,1714.58,2026-08-16T09:10:51.175565+00:00,
a905774f-1d89-4a56-b31a-962924fef770,d5812986-632d-4e7f-8593-b2993d378094,e64d1dfd-e94f-47ec-8af4-da4c2da805e1,low,0.853,recovered,email,603.97,2026-07-16T09:39:51.175565+00:00,2026-07-17T01:39:51.175565+00:00
df55d189-8217-458e-972e-0e2c55df398a,4087ff6a-6762-4bc2-bd19-d7933aa271a3,d4e9fa64-5af4-4413-be0c-87c8929b1583,high,0.237,lost,whatsapp,5929.35,2026-07-11T08:58:51.175565+00:00,
e64d4203-6bed-4b6d-b7c6-5bd22e84e96f,b26f62a6-c49e-41e0-87a7-1b6214ea5698,1f482e29-4ebc-4913-bf59-56d32677bb29,low,0.879,lost,sms,1744.38,2026-08-03T22:06:51.175565+00:00,
b6589299-21e3-4cc6-bfe0-ae06d466af2f,ac9153b2-c18f-4878-94a7-8b99d04370b4,007f59ca-b6fb-4a20-aa91-8ebeac28f8bb,high,0.345,recovered,whatsapp,835.35,2026-06-17T12:00:51.175565+00:00,2026-06-20T06:00:51.175565+00:00
8a9400bf-c03e-4254-8e93-cb4c5cfe81b2,6ccfd942-043a-4e5f-a36d-c162bb7ff140,8723b01e-e3c0-4549-a04c-bf268c785161,medium,0.549,lost,whatsapp,1628.93,2026-06-12T01:27:51.175565+00:00,
307fa58e-0c7b-470f-98fc-2add83d5e24b,676a644c-1b95-4a0d-a57b-46b3eb287bf4,2aba08e7-2903-46c3-932b-211c41fff4c9,medium,0.486,recovered,email,3070.0,2026-08-05T01:00:51.175565+00:00,2026-08-05T20:00:51.175565+00:00
9599fe56-b375-49e2-bd1f-b7f1cce59465,3ba92a7a-297a-44d7-9e92-f1cdf068fd73,d0c1baa9-73ce-4a14-991f-701ee076c368,low,0.779,recovered,email,499.0,2026-06-24T18:37:51.175565+00:00,2026-06-25T07:37:51.175565+00:00
d8d9e2df-b843-4716-a10c-523d478f0c9b,36709083-300a-4409-84c8-1f85b8400e4a,ff12964d-0f1b-4d77-9c78-6b68ce7646cd,low,0.719,recovered,email,1307.93,2026-06-15T00:05:51.175565+00:00,2026-06-16T17:05:51.175565+00:00
fe507921-ae1e-4038-9cb3-5c816249c67b,109e3c9d-bd5e-4d90-9481-d68fc9822ab6,b7b1d115-adf0-48d3-86cb-7ac1b52ea4a9,medium,0.39,lost,whatsapp,499.0,2026-06-27T10:54:51.175565+00:00,
a9b10685-668d-4dce-acf9-19a88a184799,ee5f9e59-6ca1-47cb-9fc5-5e6a3ca0af37,2496b1f1-0e8d-4a7e-accd-6b17bbf4ce9c,low,0.687,recovered,email,2805.67,2026-07-30T11:46:51.175565+00:00,2026-07-31T22:46:51.175565+00:00
66458f0a-cd3c-468d-a7e0-c76e111965a3,0e84175a-f1fa-4100-9a3b-9aab22f556d9,e04f2a96-4afd-4141-8df5-6e4e356f8988,medium,0.472,recovered,email,534.69,2026-07-01T11:38:51.175565+00:00,2026-07-02T15:38:51.175565+00:00
c732bf8b-86de-4523-a00e-2dabbd21c028,68d6531b-9bcf-4e72-82d3-77e9590c9442,7e8e97a7-a854-4b17-89e5-88d16e689a87,low,0.729,recovered,email,571.69,2026-06-03T21:32:51.175565+00:00,2026-06-04T18:32:51.175565+00:00
c830f149-0275-4215-9664-2d7a3b8b74ab,b736da1f-b989-4196-af29-273edd79f912,530bce80-4989-4026-afae-cea88d609b45,medium,0.493,recovered,sms,2094.84,2026-06-06T16:33:51.175565+00:00,2026-06-08T06:33:51.175565+00:00
ba9e7d84-8f6a-4d86-be7d-43f34cf32567,247f6089-858a-446c-a5bf-95e5a39f3ecd,dfd3d515-eb4b-477f-b6c4-e4e32990e9d6,low,0.924,recovered,whatsapp,3211.42,2026-06-30T18:10:51.175565+00:00,2026-07-01T20:10:51.175565+00:00
4723de9e-cab5-4a7e-a231-479779cdccc0,17382d4a-960a-4a38-b9f7-3b5ae4193d79,7e611f66-2eca-4971-964d-b9a16019d2d5,medium,0.579,recovered,sms,5597.61,2026-05-26T20:21:51.175565+00:00,2026-05-27T10:21:51.175565+00:00
518d736d-fefd-42b1-99a5-bb3f77adbc8b,4c7e673b-bcfe-405d-9e76-9ef806b4f943,401b91a6-0147-4a26-998a-98f53435a6d1,low,0.888,recovered,whatsapp,1844.25,2026-08-03T03:20:51.175565+00:00,2026-08-03T10:20:51.175565+00:00
d8098b07-73c8-4704-b265-0ca421984ce0,a5757e83-b2ef-44b4-a30c-7d63d482e863,1dc787f0-83ff-431a-b55b-e6d7aea32f3a,medium,0.557,recovered,whatsapp,1606.92,2026-06-05T13:12:51.175565+00:00,2026-06-05T20:12:51.175565+00:00
28131cd7-86d2-4ed8-8c46-2669c2c1165c,3c952164-5952-4885-86e4-83eb30804ed0,d5bb3cab-4776-4c36-8566-a9652870369a,medium,0.623,lost,sms,7394.87,2026-08-09T07:34:51.175565+00:00,
6106d4f9-a4d0-441a-8df5-77c04a3dff8e,085de430-78ae-4b8d-8ded-c16ab7b53dd8,9a0fb0a9-88bf-433f-b2f1-b0b6ea65403f,low,0.692,recovered,whatsapp,1114.94,2026-07-11T12:23:51.175565+00:00,2026-07-13T12:23:51.175565+00:00
5aa89a9a-5f77-486a-8828-7fe6b5ab3e6b,6dd9b4b3-71ba-40ec-964a-58f49a84bc2a,e8f84e5f-c153-4ef3-baf0-d0f99ec6bb4c,medium,0.421,recovered,whatsapp,1350.0,2026-07-19T14:36:51.175565+00:00,2026-07-20T14:36:51.175565+00:00
3c1c3ef5-abbd-4009-88ba-ff3bf1130f83,eec2f15a-dfa7-4e55-b295-a4ebc457d3c6,43c08029-e3de-46ea-a41a-8a2fc120d9d1,medium,0.569,lost,sms,2852.7,2026-06-30T09:00:51.175565+00:00,
1b50bd8f-7ebf-4695-b400-549b1f7bd664,b2ffb3b6-d02d-4d77-8eac-6ab2c838c8a8,7dc898fe-999a-4bca-97c1-6642f94ade5c,low,0.728,recovered,sms,2718.65,2026-07-22T08:35:51.175565+00:00,2026-07-22T13:35:51.175565+00:00
c6de3fd6-b09e-4ce2-8e06-0494eb477879,d462e74a-5ef4-4264-9953-a67812b8b0e1,0edede2f-188e-4679-85b4-32eb77deae66,low,0.871,recovered,sms,581.46,2026-07-12T13:00:51.175565+00:00,2026-07-14T11:00:51.175565+00:00
1752de97-d258-4b8a-99d6-ed77c1f5efee,a6ab3b78-f296-445b-bce0-329a427ea69e,9a271140-7974-443e-b2b9-bfedb9114ac5,medium,0.529,lost,whatsapp,4483.26,2026-07-27T20:03:51.175565+00:00,
513d54a2-3fbe-4385-a247-4523a22537d9,849be3fd-959d-400a-bddf-ab84752e9aca,f68303be-c959-40af-8d2f-3db4578882b0,low,0.834,recovered,whatsapp,2094.5,2026-07-11T16:01:51.175565+00:00,2026-07-12T14:01:51.175565+00:00
6c4c7ecc-8e07-41f1-baba-558334e05862,91f10413-4105-4206-bf37-66a161c4d85f,b28557f2-43ff-41f4-bfbd-f6c3c608902c,medium,0.455,link_opened,email,1892.7,2026-08-21T03:25:51.175565+00:00,
1f2f338b-8a81-41c5-a76f-79bacc632f31,b097e990-5613-409d-8b68-0ad0fbc26022,e28aa921-c034-4a13-9f05-282e73aa87cc,low,0.757,lost,email,1376.11,2026-06-22T02:21:51.175565+00:00,
4ff7916f-4d34-4cd7-bd04-8f2c5acae2f1,1b2620d7-6032-4018-b386-d5b643008af2,d0aa30a5-8b47-4147-9093-64f3b237a127,high,0.238,lost,email,16594.38,2026-08-10T09:08:51.175565+00:00,
6e2f9636-62d5-415b-8e82-2d6c542a2e10,7d81c27b-a309-4ff1-8e24-e3b0ae32e9be,2fe74847-9890-45b4-9a65-9bbe968c7fde,medium,0.584,recovered,email,3799.19,2026-06-16T05:37:51.175565+00:00,2026-06-16T10:37:51.175565+00:00
40600a46-d5e7-4f44-bd99-751f2f0d128c,ec333336-d74e-44d4-9864-61c8a4c4a748,56b264a7-b910-4c4d-85b4-d3edc0b8b087,medium,0.53,recovered,email,1747.13,2026-05-26T07:58:51.175565+00:00,2026-05-28T14:58:51.175565+00:00
65cb139a-295e-4786-9f0e-e54f832a2613,101768aa-49f6-45a4-9142-5e6dc98997e2,e1bfd59f-e971-48cc-a9a5-62b825250a14,low,0.83,lost,whatsapp,673.7,2026-06-19T04:52:51.175565+00:00,
b23d801c-ca5d-4880-a47c-8941b0fc373b,0b3ff2a0-28aa-4893-8ab4-b4c227b90b1f,e29a7ddd-ad93-44d6-a5f6-e6fa06d9a832,low,0.655,recovered,whatsapp,8572.48,2026-07-24T04:49:51.175565+00:00,2026-07-25T18:49:51.175565+00:00
84a7c53c-3979-413e-8164-068603c54b5c,cef91392-1d2c-4cdb-9b6e-edff93e7661b,19be16f5-bfc7-4162-9909-0bf6c13e46bf,low,0.809,lost,email,1703.37,2026-07-07T14:15:51.175565+00:00,
f563f305-dffa-465d-8520-7af107c215fb,fd11f4ba-b4c7-443c-94a5-3cd749d656ed,b1106454-47f4-48fc-911d-1ebf2fc09bb6,low,0.804,recovered,email,2501.54,2026-07-24T23:29:51.175565+00:00,2026-07-27T18:29:51.175565+00:00
45ecfd51-8e48-4533-9a2e-19792a1058cc,38f113b7-1eb9-41a8-ad59-7b8e4693777a,20db619c-cdf5-46ee-bdce-f343d39979b2,medium,0.634,contacted,email,526.8,2026-08-22T09:54:51.175565+00:00,
1ac60851-cea3-43cd-9f2d-f8e3b189f9b6,0219b2dc-3690-4ddb-a912-1c065ced23cc,6172dc5a-0406-4fc4-83f8-e0c69f3f72aa,low,0.891,recovered,email,1448.95,2026-05-31T02:10:51.175565+00:00,2026-06-02T18:10:51.175565+00:00
16d26a06-3ba3-4d5e-91db-57d4b3f7c370,ed07db76-d83b-450e-b83e-ee1e53df9699,d8f47a94-0526-499a-a7f2-fb774d6c13a4,medium,0.514,recovered,whatsapp,989.32,2026-06-25T03:02:51.175565+00:00,2026-06-26T09:02:51.175565+00:00
fdafc356-f496-4fff-a0c8-f9f37d57fc63,3482c913-bf0b-4f3f-89a3-4601682431a3,70ee3cfe-e6dc-4f2f-8de8-b38230506a0a,low,0.696,lost,whatsapp,2255.52,2026-06-08T09:47:51.175565+00:00,
c99c878e-1377-4bf0-a87b-e5645d0633cb,01efb172-7a0a-4a41-8706-046b1164cc52,d4cf740a-d327-47e7-9281-c3eadaa18452,medium,0.45,lost,whatsapp,10960.78,2026-08-03T05:48:51.175565+00:00,
6696b214-a694-4550-8b0a-5c6da4772356,87ddc5a8-4e5c-448b-8408-b06e8e61a578,2d60a27a-73a5-43d2-8369-c1f4efc9d653,medium,0.397,link_opened,email,1479.81,2026-08-22T23:37:51.175565+00:00,
19cfe596-f217-4789-87ca-1c522e8e8d6a,8dfadf45-8261-4f85-832a-57090c788118,903bdbfb-cbb8-42e2-ba2b-1bbe4963f4c7,low,0.865,recovered,email,762.09,2026-08-07T00:56:51.175565+00:00,2026-08-07T19:56:51.175565+00:00
5622b16f-1893-48d8-b9e5-21dc2134350b,2c0401c1-cee8-4554-a7ac-2c62a3523405,db7a8313-95eb-4222-866a-450254f87d56,medium,0.362,lost,email,1791.4,2026-07-26T22:33:51.175565+00:00,
33bd4bcc-38e7-4823-9f9b-38a0fd3e3042,343368fd-bd99-40e1-a2b8-f56f4f087879,db8ac272-2fde-4146-a42c-e57cfc836368,low,0.689,recovered,whatsapp,7314.43,2026-06-14T12:19:51.175565+00:00,2026-06-15T02:19:51.175565+00:00
523d49b9-107d-4c79-b50e-fc1e31a92010,3906e6b6-57f3-40e6-aa39-bdb40a767c94,5c7014b2-3ada-441f-a789-8ff2cd58e455,medium,0.446,recovered,whatsapp,6404.36,2026-07-06T09:33:51.175565+00:00,2026-07-08T14:33:51.175565+00:00
bbbb581e-eeec-4d9a-a765-2ccc6992b005,7c61f33c-5c51-48bc-9022-333b23227323,cb311881-182f-4495-a35d-688e1dcb3a13,medium,0.643,recovered,email,2531.13,2026-08-13T12:32:51.175565+00:00,2026-08-15T10:32:51.175565+00:00
9c0f4d09-c29c-4fbb-9539-6f2c18b433f7,ea8e51a4-4b60-4d48-b679-a1e67575b234,2230638a-e9d5-48f1-a850-eec3abd76aff,low,0.734,recovered,whatsapp,1640.73,2026-08-01T19:35:51.175565+00:00,2026-08-02T22:35:51.175565+00:00
866652fe-49cb-456a-8362-afccbf78c799,66bdbdff-4926-4066-917e-c028e909d93e,19274d73-58a2-42be-b57d-344e760709d9,low,0.752,recovered,email,4223.45,2026-07-16T06:17:51.175565+00:00,2026-07-18T16:17:51.175565+00:00
382b699d-c1bf-4906-bcc5-324f05a6562f,dd93c21b-32dc-4e1c-a92e-724a7b5c7ff0,03ad0c7e-573d-4d58-8fbd-cf6399ab3bed,medium,0.56,lost,whatsapp,631.34,2026-06-15T06:47:51.175565+00:00,
896865c0-ebae-4949-8306-3fd9b92460d6,752991f3-d5bd-45bc-be76-416f630cdeae,e2c546bb-8354-4d6c-8ec3-d459a89504a1,high,0.171,lost,email,5696.93,2026-06-23T00:26:51.175565+00:00,
e61bc480-265c-4882-bcc7-abeb162c7b15,88d40bf3-4f39-46eb-8874-fe718e6c221c,1c154d52-5707-4165-ba90-80a2ece64317,high,0.218,lost,whatsapp,676.33,2026-08-01T08:47:51.175565+00:00,
297276dd-6212-4d17-b6d5-a53dc2c42dd4,a1f7d4c0-8ac5-4c34-b16d-0c74b1f8165d,dc591b0f-643b-48a9-b9de-19218cefe09f,low,0.662,recovered,email,2289.46,2026-06-21T07:40:51.175565+00:00,2026-06-22T17:40:51.175565+00:00
7c4deb42-c9b8-48b8-9f5a-a0cb5aea9d56,d8cb25db-40ef-4c85-bb6d-c31f38e00719,0a58c4d2-ab49-4a03-a891-9647687eee60,high,0.236,lost,whatsapp,2859.63,2026-05-26T14:16:51.175565+00:00,
11f71ffe-dde3-403a-967d-19e57cb313aa,bcd5e653-6cd1-4371-ae1d-bff616b5698a,a706e340-22a7-4587-96ce-641e917cdc67,low,0.834,lost,voice_call,1687.15,2026-08-07T13:10:51.175565+00:00,
d5b780c9-c985-42e5-830a-524d633e2399,04525a96-34f9-4bf4-b016-a04f3eac90af,2f9a4620-ea2a-4970-bf6c-3c1071b4b39d,low,0.686,payment_attempted,email,3131.28,2026-08-21T00:46:51.175565+00:00,
2298c22e-7238-4f28-ab23-ce6598c675b0,eee1e893-bf5e-47c6-a3f7-28f3895782ab,2fbf84ab-bb76-4b42-9f75-3052a627ce59,high,0.33,recovered,email,6019.77,2026-07-15T18:52:51.175565+00:00,2026-07-17T06:52:51.175565+00:00
ccf69658-93f3-40e1-a403-7cd88ca00ca9,63987715-f963-4ec0-8159-58f2ca309b1f,0da31cac-5ce7-45fa-8e1a-6afb30442234,medium,0.478,lost,sms,4270.34,2026-08-11T04:03:51.175565+00:00,
042a761d-6e95-4507-9c61-6beb67049b38,28d871c5-7027-4521-8566-1e52a55fd12d,1442697e-0725-4ea7-a6ab-1a7e6cee1f62,medium,0.503,recovered,whatsapp,8968.14,2026-05-26T23:48:51.175565+00:00,2026-05-29T17:48:51.175565+00:00
539bd583-5c3e-48ed-9c3d-46ddeb34e512,de489c0b-a0fa-44a5-bae7-e706c5781d93,d426cbe8-aaea-455e-a1fa-e159e9e99bdd,medium,0.352,lost,email,2096.87,2026-06-13T06:14:51.175565+00:00,
c41e4641-8528-4f28-b3da-6283c566e88c,f13cd3f7-cb9d-41e9-9b78-424c082c9b5c,1f3050e1-12ae-4ea5-802d-efc3bc1054c6,medium,0.579,lost,email,3097.85,2026-05-31T12:33:51.175565+00:00,
5f94e531-9797-4a95-a7af-f32c9a6ef9eb,1699206f-7746-4abd-b2e7-8b48de580ae9,05d25956-2264-4e85-a3dc-6d5b087dd83c,medium,0.419,lost,email,2969.09,2026-06-04T22:35:51.175565+00:00,
ef18ec6b-b553-46ec-93fd-3d41b89d7365,616cbef3-bd5a-4db9-b15c-38b4e817da6c,1b9c2123-d533-423a-90ab-082ff882fa6a,low,0.815,recovered,email,7044.8,2026-07-21T04:19:51.175565+00:00,2026-07-22T00:19:51.175565+00:00
e031b8a7-97f9-4b25-8c4e-abd67593199a,cff74218-a755-4f9a-8629-0fa1a4f717d3,b2ef4c90-a688-444d-b0e9-7f64fa6a9aa1,medium,0.4,lost,sms,7346.39,2026-08-06T11:16:51.175565+00:00,
2d3058f2-6725-4825-9d4d-ff9411a2207b,c918da4f-8cfc-4053-a37c-9d89875a6e8a,fced2e61-88d9-4689-8d91-34d95fc6897b,low,0.868,recovered,whatsapp,1082.74,2026-06-01T09:10:51.175565+00:00,2026-06-03T01:10:51.175565+00:00
5e57365a-3f4c-48e5-8c3b-ae2b744b6e99,cbed00d1-05cf-477a-8898-cbecfc8d2fc3,419aa283-2977-4a3c-9a8e-301bc70a3cc2,medium,0.587,recovered,email,3980.0,2026-07-22T22:23:51.175565+00:00,2026-07-24T05:23:51.175565+00:00
4c89a380-3edb-419e-b624-389dd4212345,c069690e-919c-494c-a03d-195b5f1c9782,23459cce-d680-4374-8e8a-4bdccfffae55,low,0.681,lost,whatsapp,1301.61,2026-07-04T10:10:51.175565+00:00,
b0cec69e-2f80-46a9-8433-63e81611e393,4684a16d-3487-4a46-9207-5b2579110a8e,c5a1065c-35d1-4759-ad25-46523f5ced69,medium,0.387,recovered,whatsapp,3083.44,2026-06-28T23:08:51.175565+00:00,2026-06-29T11:08:51.175565+00:00
70f7f198-b014-4b8e-a1e4-b6cd410b8683,8ebd7fa4-9ce1-4abc-a36f-2653cd7ef29a,3d76f0f0-ec3e-4bf2-9513-e424e836e6d6,low,0.65,recovered,email,2011.15,2026-08-03T18:26:51.175565+00:00,2026-08-05T22:26:51.175565+00:00
9acd977e-f309-456d-a0a1-af40e88a51a1,2a41a41b-df69-430a-b5fe-f7524620a44c,963dd551-3150-4a63-be73-ddf09c97cc74,medium,0.538,lost,whatsapp,1325.94,2026-05-27T14:51:51.175565+00:00,
72add17d-1905-47be-b245-fde8ab930843,cce3f29b-7606-4f96-b97e-cbfe6e1dc611,49f21a02-bccd-4785-a9ca-097772be5841,medium,0.445,lost,sms,1160.42,2026-07-11T08:55:51.175565+00:00,
5a7a6c77-c8da-47a8-9aea-ae39a0e82290,3739ba5d-77e0-461e-956c-f91011fe9706,24b7c550-5ca6-4793-bebe-b93eadf6b4c8,low,0.697,lost,sms,880.92,2026-08-07T10:28:51.175565+00:00,
8bb2d453-b5ac-4bb2-8738-e575dd134717,4904878e-8151-4b8f-9aea-5fd07f20b6a6,25720abd-fc27-4f10-9e79-365e778af77d,medium,0.42,lost,email,5192.65,2026-07-12T01:58:51.175565+00:00,
a9534efe-852d-4d3b-ae21-588996cc6bc7,99a8e110-88a8-4166-91ca-346f2b9651f2,deab04cd-d202-4f81-851e-dfff2ccf8275,medium,0.584,recovered,sms,5421.34,2026-08-05T03:19:51.175565+00:00,2026-08-06T22:19:51.175565+00:00
85e90d65-3de2-4211-82e4-961fbab320d0,edc38003-97f7-4c48-acc9-a9b94573ee3e,16a89dac-f220-4875-83ca-9fc9004e4e3a,medium,0.489,recovered,whatsapp,499.0,2026-07-05T14:32:51.175565+00:00,2026-07-06T01:32:51.175565+00:00
800d3c3f-5e7d-4a22-9e77-704223bd2848,ce377223-a7e4-4a3d-8161-d1b3b077b276,0ddc5894-b551-4231-ac9a-0cf07268baba,medium,0.446,lost,whatsapp,2461.74,2026-06-01T18:47:51.175565+00:00,
bfefd3ac-bb7d-454e-9065-a5414128360a,5108b54b-ab01-487b-8196-7975690f557c,2c9b02ce-0d4c-4053-83fb-12cc553bf57b,low,0.742,lost,whatsapp,499.0,2026-06-30T16:57:51.175565+00:00,
a9d69922-51fb-45d4-8061-974e6c88ab1a,8cb407e7-92c8-4a1c-9af4-7f7b4d7795e4,51307bae-23f4-4943-b760-79ef8e440a43,high,0.207,lost,voice_call,3614.15,2026-06-06T16:15:51.175565+00:00,
3a60325e-b5ff-4a6b-88a3-d9ba02231df8,bf8f9a10-9cc0-4106-90d6-943dd119bef6,4b4c30c0-1748-4039-9242-5dbf1a9563d6,low,0.96,recovered,email,3479.76,2026-07-09T16:54:51.175565+00:00,2026-07-10T15:54:51.175565+00:00
27cd29f5-de38-43bc-a2d6-261e5e630544,1832e64d-c1aa-4c8b-acd9-e9ff5883cc00,a69b7734-8389-4b87-89f6-a1b01e605c24,low,0.692,recovered,whatsapp,3112.85,2026-06-20T21:24:51.175565+00:00,2026-06-21T11:24:51.175565+00:00
b71c0248-19bb-46fe-9e6e-1c3c9ebe9507,6a87252f-3ae8-4766-9341-3528165514e3,270c4b1e-d388-45e0-a599-2f9feec955c9,medium,0.504,lost,voice_call,2520.25,2026-05-31T23:43:51.175565+00:00,
326a0a78-79de-488f-9be3-97a9c6aaffb6,7ef46ea9-0f58-47ae-9935-8952ee945d73,05bce920-7e84-49c3-bf74-61c7e8367d30,low,0.731,recovered,voice_call,15165.67,2026-06-18T17:41:51.175565+00:00,2026-06-19T02:41:51.175565+00:00
a59db3de-a80b-4441-a5ea-1860fca66a37,947c3243-15bd-4dbf-ba7f-3bb9dd704d39,b708a0d4-0a44-4996-b405-bca6843e6553,low,0.689,recovered,whatsapp,9876.76,2026-06-02T17:44:51.175565+00:00,2026-06-05T05:44:51.175565+00:00
bd6d24c9-4b3a-45ae-85f3-445ba0d6e2f5,e34dc4f4-2b16-4457-b162-71879bf36f7c,77d2058b-c0f9-4c97-9565-3685b0d1982c,medium,0.424,recovered,email,5219.73,2026-06-09T18:50:51.175565+00:00,2026-06-12T06:50:51.175565+00:00
cb18fba0-9a02-4d35-9acc-e7a06650b1a8,aee58fe1-4612-4e04-b75f-29841a4b2541,f04b34ec-668e-46a1-a4f1-6f6169636fab,medium,0.419,lost,sms,2490.05,2026-06-29T16:33:51.175565+00:00,
5c96ee55-960a-4074-9014-f9c2445b83a6,d1efb318-0ddf-4fcf-b7e8-3fa02372c029,cf80a970-ddf2-48a4-8f69-d501910a1f2f,low,0.839,recovered,email,1340.65,2026-07-19T10:48:51.175565+00:00,2026-07-22T07:48:51.175565+00:00
02361b37-c03b-4834-9897-7321bde39330,dfa27d93-cbc3-49b3-b300-7cbee0fb845d,13c7c7cd-0cba-4f90-b235-8d3d90258bbb,medium,0.603,lost,sms,605.37,2026-07-08T15:13:51.175565+00:00,
c116cc50-ba34-4af4-a3c0-d79b536c374d,ea217cf1-a818-422e-b3fb-afeadce5eabc,575298a1-da9e-447a-bb87-c3b03e0ab1dd,medium,0.373,lost,email,8583.74,2026-07-15T18:25:51.175565+00:00,
e4c7f5f4-48d1-4e2c-b25f-60ba054cb3b0,835a410f-ed6a-4d86-b861-e46f7fd8d08b,79ccd3ab-538e-4990-af1d-f5160dbcf834,low,0.784,recovered,email,1262.06,2026-07-14T13:07:51.175565+00:00,2026-07-15T23:07:51.175565+00:00
f6ea5bf4-4f74-4a5d-a48a-a47eba938552,6922a992-5443-4eca-98f7-6c7ca8dc42e3,5bcc8f03-05a8-4524-89d9-d206d7a4eecd,medium,0.601,lost,email,3449.01,2026-06-27T13:29:51.175565+00:00,
58ea6843-ada2-4b7b-8a4d-582f3f91df77,c86662a0-85a4-44e1-b9e9-2f5ae85c516a,dbd8b5ec-970a-430b-859b-a1c628e5a926,medium,0.511,recovered,sms,2714.51,2026-07-14T19:49:51.175565+00:00,2026-07-15T07:49:51.175565+00:00
3f479620-0b1d-4b82-88e7-9954823ace54,3c0ebc2f-7b34-4e89-a8bb-94c52bf2db49,cd39fc26-d165-4d11-ba1f-f7ad34f2728a,low,0.737,recovered,sms,1387.22,2026-06-06T16:25:51.175565+00:00,2026-06-09T09:25:51.175565+00:00
7950cd6f-072a-4fc3-b02b-ef3467876892,9a34a0a5-a348-48e7-9cff-be43e156bd8e,5856f226-8ed8-47ba-9842-96d7518104fa,low,0.807,lost,whatsapp,2543.15,2026-07-25T17:44:51.175565+00:00,
2d0e890b-7b5c-4d8d-a3b8-5a138adbf341,5058fae8-6a86-41db-865b-20e40708de35,3ef18564-5eee-4070-bf51-739f65d5c3df,medium,0.59,lost,email,631.66,2026-07-29T03:03:51.175565+00:00,
ba26073a-7b61-4a73-bb93-3a26adf9e2bd,ca28db05-c628-46cf-8477-08066990249b,5c19cea4-9a0e-4106-97a0-432c66e90207,high,0.338,lost,voice_call,2828.29,2026-07-08T09:06:51.175565+00:00,
bbc4f396-5a93-425a-9e83-b2eac13b0d58,337f5622-1f26-42ec-8d68-8b5a6a968e30,f353bf8f-05a3-488c-b0a6-ff43b121ced9,low,0.873,recovered,email,3914.72,2026-07-15T05:01:51.175565+00:00,2026-07-17T17:01:51.175565+00:00
23e8a529-0d36-447d-8bc5-483106851d4c,facabc0a-77a8-4909-8617-87bf40fb1c00,998cf38f-0b05-4b22-b22c-bbf4c4fe8798,low,0.67,recovered,email,1596.93,2026-07-08T03:13:51.175565+00:00,2026-07-10T21:13:51.175565+00:00
66f09313-9696-4b49-8a4f-27f6ddb04ff7,8c5006fe-3742-48a1-8339-7fc76976d481,a2d3061d-09de-48b8-80ee-93f0b58cef2e,medium,0.644,recovered,email,4766.09,2026-07-16T15:22:51.175565+00:00,2026-07-19T01:22:51.175565+00:00
e252198a-81f8-40a1-a5d0-a55b6c0db5ae,b12affa8-0e0c-45b3-a177-370d2e75f1b4,32953410-fa47-4cde-9b17-f6570a370378,medium,0.553,lost,sms,3552.1,2026-06-29T23:25:51.175565+00:00,
2be5a703-105d-4dab-bab3-72288288d366,58eb4a4f-c6cc-458c-91f8-414e5fd4fd2a,f490ad90-7b03-4ddf-b87a-4ad08a4290bb,low,0.742,recovered,email,1343.05,2026-07-13T06:04:51.175565+00:00,2026-07-13T11:04:51.175565+00:00
905723cf-f0a9-43c4-acd3-8dfc6b8ff7c9,c9568ab8-bd9e-4483-8480-c0b3db932a62,560080a1-0929-4dcf-ac88-022c721e9a6f,medium,0.402,lost,voice_call,11379.74,2026-07-13T05:10:51.175565+00:00,
1ffa5185-01e6-4df6-bf92-ad8291cf34ed,0b81bf31-1365-4786-859d-61691de959cf,20a32d09-f163-436d-b906-aed48211571b,medium,0.416,lost,whatsapp,1063.4,2026-06-20T19:52:51.175565+00:00,
30abf39c-a15f-4b25-9ca8-418aadbe29e6,6c7e0bb9-d15e-4b31-8335-011597075e2b,0cc60ef2-b8e3-4784-8545-a4306913ad02,medium,0.537,recovered,whatsapp,1764.85,2026-06-07T22:31:51.175565+00:00,2026-06-10T21:31:51.175565+00:00
dee901d9-bda4-48a7-8ffe-136e8f1f8e62,ba4d2452-3954-4b40-be6c-bef0e215a35e,dec78b89-7199-4112-b8dc-8e9cf18dd45e,high,0.142,lost,whatsapp,1115.09,2026-06-22T06:35:51.175565+00:00,
8aec4709-6f69-404e-81bc-170f5a904d48,04617d52-81ed-4f67-be0c-d99c853213a4,3fa3c391-b395-4d26-a14d-d58c66f22818,high,0.139,recovered,email,20631.02,2026-07-31T22:34:51.175565+00:00,2026-08-01T02:34:51.175565+00:00
86a7f576-9a8a-4d02-bbd3-a3ad1e840853,7277488e-be91-468c-8db3-dc7d4f1273a5,79db29c9-be37-4cd8-b499-3b42c0fae4f6,medium,0.508,lost,whatsapp,3330.34,2026-06-10T01:44:51.175565+00:00,
32fcbba0-0d54-4df2-9f95-67de216bd7f9,da0f75c3-edbe-47d4-98a0-e7d6d1e0fbdc,e7f910d6-a65c-4e0a-bbbd-cc98ca1b5e0f,low,0.755,lost,whatsapp,1921.65,2026-07-19T04:40:51.175565+00:00,
490ffb3d-3495-4dad-959f-82127a22b398,6ebb29c5-67df-45d5-bf2f-37dd3384a91e,9b572936-46f1-46db-8031-16d559495ec6,medium,0.442,lost,whatsapp,4072.8,2026-05-26T13:22:51.175565+00:00,
a06c9b43-ab26-4e61-8de2-a86199546ec7,dad9e9e9-299b-470b-b5da-763118e17c14,3e7a3a60-a095-4769-875c-8deef7a42282,high,0.294,recovered,voice_call,2116.88,2026-07-17T10:37:51.175565+00:00,2026-07-17T22:37:51.175565+00:00
9a145c07-7943-4384-a802-e2fac077e676,e5ea62c9-be2b-46df-aef6-092f8cbfd3c0,f426a03c-e205-474b-a7a4-8194be6c2502,medium,0.358,link_opened,email,3146.38,2026-08-22T13:00:51.175565+00:00,
17712f42-78a8-4dc4-bf13-06a0521b6255,42da08ef-21b1-483f-b619-3bfb1597e8d4,6f8ef8b4-62ad-4d90-915f-d9302cbf2fd9,high,0.3,lost,whatsapp,7223.17,2026-06-23T23:49:51.175565+00:00,
63d91643-dfdb-41e8-9b12-e1c400becb0c,0163f807-89b2-457d-9f55-23855f49329d,9a1d4187-e6f0-4d8d-a6a7-14b9199af21a,high,0.203,recovered,voice_call,8477.28,2026-06-19T14:10:51.175565+00:00,2026-06-21T05:10:51.175565+00:00
f2d6cf92-8f27-4884-a76e-c808dcfaa410,3a842669-d753-4074-a34d-daaf2ba14731,042fcec6-a14c-473f-975e-30f29579990b,medium,0.453,recovered,whatsapp,2136.39,2026-06-19T17:11:51.175565+00:00,2026-06-22T05:11:51.175565+00:00
93c881f5-e055-4066-b699-3d77d79feb77,1f6042fd-e048-448a-84f5-6d340bba9217,e7a298fe-9050-4cea-9572-056e3f2fe586,low,0.692,recovered,whatsapp,3240.33,2026-06-13T13:20:51.175565+00:00,2026-06-13T20:20:51.175565+00:00
904a71e4-ae2a-4b15-bcbb-815cfb61f343,9a71afb0-fdba-42e0-b5bd-63b2f778f9c4,70ebd065-b9de-41b8-bd51-47227ee0b19b,medium,0.622,recovered,sms,4854.61,2026-07-04T06:46:51.175565+00:00,2026-07-04T22:46:51.175565+00:00
0ce81ec8-67aa-4423-b8e6-3bfc6770c765,59b0f2b3-ddc3-4030-96ca-4ea4f0b08bec,467a81a5-2a0b-45e2-a693-c260385012ae,low,0.693,recovered,email,1287.98,2026-07-14T11:36:51.175565+00:00,2026-07-17T06:36:51.175565+00:00
8654b8ac-bcf9-44a1-b89e-1b323336bc9f,707ab766-f297-423d-bc30-4394725cf44a,1fc85db6-ed90-44da-8fee-04f3cae4e1a6,medium,0.596,recovered,email,8998.35,2026-06-04T16:41:51.175565+00:00,2026-06-05T09:41:51.175565+00:00
8cfbf5fd-bfde-4038-8569-0a1e08b7ab21,710cda5d-e4d2-4cf3-85e2-52c20b3e50bb,4ca9a913-9224-48b0-a2d7-88c5f598225e,medium,0.57,lost,email,1636.21,2026-06-30T19:01:51.175565+00:00,
5b3c0256-d2b5-4926-b6eb-769b3939d085,1b61ba37-1437-487c-9074-669fa4008575,d6295ef1-05f9-48d1-8fb8-0639cc506c5d,medium,0.477,lost,whatsapp,631.45,2026-07-02T14:36:51.175565+00:00,
3ac1ed97-51f0-482e-9ed3-dbebf7001ab7,df39ad22-8bf4-4f87-80d8-dbf725fdcc94,3cad6367-24f4-4e38-82de-953a52f25f7e,high,0.332,recovered,email,3386.3,2026-07-26T13:11:51.175565+00:00,2026-07-28T16:11:51.175565+00:00
d0817d01-4c79-44ac-b486-eb9e01122ec2,846628cd-52f7-4172-bc59-5004ed933730,dac1176d-2f69-48d5-ac09-776386d2f845,medium,0.552,recovered,voice_call,2498.53,2026-06-02T02:51:51.175565+00:00,2026-06-03T05:51:51.175565+00:00
931a120c-8831-4109-9291-32881a62c55c,24855a16-e5aa-4d57-83dc-a2585a2d6912,ba7d4357-c6c2-4cbe-9b03-3be68eeb0000,medium,0.458,lost,email,5158.15,2026-05-31T11:51:51.175565+00:00,
68ea2c69-5a98-4a0c-a702-cfd6a4af6dea,4ce563cc-26c7-4410-acd9-147ddd879326,d9779f78-4262-40fc-bcd7-f2e04e6c133f,medium,0.634,recovered,whatsapp,3128.18,2026-05-27T00:16:51.175565+00:00,2026-05-29T23:16:51.175565+00:00
7ea83041-47c1-46b2-a761-4eefb17ac3ec,e3a2cf1c-9b5c-4b2c-9595-7673fae6e5fb,6fa23a74-83dc-41e8-8be3-24147f1d1a14,high,0.294,lost,whatsapp,4203.6,2026-06-19T01:47:51.175565+00:00,
de34e565-70ee-4e3e-8c40-9850a3bfdd8b,19557605-0e03-4236-9984-1f871a012521,90619ef8-d03e-4444-8694-ea294075477b,low,0.75,recovered,email,1084.2,2026-07-22T23:24:51.175565+00:00,2026-07-23T08:24:51.175565+00:00
5d5a3fcb-549e-4cfc-b39e-bef7cdddd75b,d8e8fa02-88c3-446e-9f24-780b095463ae,973a7147-62ac-4bd7-92c4-3d67c7aa7da4,low,0.688,recovered,whatsapp,499.0,2026-08-15T01:51:51.175565+00:00,2026-08-16T06:51:51.175565+00:00
bd2f444f-04fb-4295-8e50-a07b80a4bccf,ef21359c-fa18-4073-8e59-f483d2e7e2b8,05899558-e92c-47c0-b192-ae3c9baee8ab,medium,0.475,lost,whatsapp,2709.45,2026-08-04T20:25:51.175565+00:00,
4809e3ef-a06a-4c82-9e50-3efdca5fa0c6,70ba8178-6397-4a47-b7e5-73ef038caadf,d1de2f39-1fad-4214-b25b-93447963c1a1,medium,0.623,lost,sms,7187.67,2026-07-02T18:19:51.175565+00:00,
59c63c33-ae12-4192-8a0f-6f86eb0b0b6c,3dd7dce3-9b79-4f50-88e4-9a13639c640f,dfba7f91-efd5-4255-95c9-5617f87f31a0,medium,0.499,recovered,sms,1384.07,2026-07-11T21:19:51.175565+00:00,2026-07-13T04:19:51.175565+00:00
702b5502-4987-4d2d-a998-98dfe6e6fee1,996ea024-d6b9-46d8-81ac-1ca351ecdf93,4fe791f1-a5ac-4e24-8d71-a2738190dbe6,low,0.687,recovered,email,1226.32,2026-07-03T07:51:51.175565+00:00,2026-07-04T23:51:51.175565+00:00
4d6439cb-6f43-4508-b4f2-557901f15dad,0f00eb84-db29-4c9e-adf3-69d6dd3039dc,a5e153bd-8ecd-4ff3-aba1-0cc6c1e386ed,medium,0.441,recovered,whatsapp,1947.59,2026-07-05T23:30:51.175565+00:00,2026-07-07T07:30:51.175565+00:00
96f2ccd7-e703-49fe-b8ed-8965cc652a96,cc034688-7b49-468b-94a1-df324dda7a66,00b8505c-8ed0-458e-8c07-7353d7b146e4,low,0.694,recovered,email,2601.7,2026-07-30T18:44:51.175565+00:00,2026-07-31T20:44:51.175565+00:00
b10d7a34-53b3-4b09-b5b1-eb2247d5e628,6616f905-5b1c-4a6f-b05e-13804cd87c3e,63493b7a-68e6-4d36-acdd-a1911600f37b,low,0.863,recovered,email,499.0,2026-06-29T20:04:51.175565+00:00,2026-07-01T11:04:51.175565+00:00
393c7026-46ef-48ac-9792-809c622d3fd3,79ffc61a-fbef-4a8d-a648-9362a19f134c,ee38f896-7fc0-4c28-a649-d08647249362,high,0.343,lost,email,8181.08,2026-07-25T23:58:51.175565+00:00,
28b3a30e-0312-41f8-8037-deaad1073c7b,01a51958-4320-48e7-aef6-c7e634b647b4,634808ce-987d-4ca9-9896-6569c452a51d,medium,0.556,lost,whatsapp,9322.45,2026-08-15T12:33:51.175565+00:00,
585ae415-e565-414c-a064-4bba9a89f906,c00d6cd3-0250-4961-8ad4-0b88a4b7f133,916435e9-7494-44c5-b3b0-a754e9c92807,medium,0.625,recovered,whatsapp,988.54,2026-08-06T22:41:51.175565+00:00,2026-08-08T17:41:51.175565+00:00
d7892ead-1c6b-49ff-bd2f-55db76756641,f5de0fe6-70c7-4d2d-98d8-97d0d2d9b69b,1be56c5c-207b-4c74-94b0-4d8f452a245f,medium,0.606,recovered,sms,4311.16,2026-07-05T21:38:51.175565+00:00,2026-07-06T12:38:51.175565+00:00
90a7f1ea-9a4e-427b-8db0-e2328e1959e2,dac0a6ab-65f1-4f00-8081-a5fa9df772b9,5d5425ac-9f10-4e3c-bdec-a5f64793a90f,high,0.275,recovered,voice_call,1297.92,2026-06-13T15:49:51.175565+00:00,2026-06-14T06:49:51.175565+00:00
f9898bf7-7793-44e0-b782-6cab0c541ebd,f1710cfa-68d1-4b97-98ce-dbd4c7807870,4dfff654-6d3c-4983-ba53-813bac83f594,medium,0.596,recovered,email,6120.08,2026-08-02T22:00:51.175565+00:00,2026-08-05T12:00:51.175565+00:00
dccc7b61-b22e-4efe-a5b8-6ad2a6648bc5,dd4fa9c5-8746-4f72-8235-9c5fe7a640d5,2de40124-c4c0-4353-9813-c3ce11740274,low,0.653,recovered,email,2244.84,2026-08-07T06:17:51.175565+00:00,2026-08-07T12:17:51.175565+00:00
438532a5-2bd3-4399-bb20-5e09dd57e91a,d9b138da-4ffa-4670-ab0c-c781d95a4980,5f31bfa4-8f7a-41b3-8577-bea9a7ac75cf,medium,0.507,recovered,email,2658.15,2026-08-03T08:52:51.175565+00:00,2026-08-04T06:52:51.175565+00:00
f0361cff-864e-4979-94d1-336ded2c9e3f,27de45d7-2f89-4e43-86b0-66e7e4961294,94db22e6-e1d7-447b-a3cf-9a8ddafbef5c,low,0.872,contacted,whatsapp,2763.24,2026-08-21T03:32:51.175565+00:00,
b756f23e-a036-4013-b0a6-52c8a0c5ff79,1555cdaf-d4de-48b9-a9d4-8d11fd711f9a,989960f9-ae70-427d-9dc7-7bb3c329be28,low,0.705,recovered,voice_call,864.61,2026-06-23T11:53:51.175565+00:00,2026-06-25T08:53:51.175565+00:00
b2c89881-00b3-42b3-bec5-681cb181c6ce,782d2f0d-30e2-4f56-9d5b-094d3ab2bf03,1c5f34e7-9649-4265-af8c-597bb4873dda,medium,0.588,lost,email,903.42,2026-06-19T18:01:51.175565+00:00,
d8b5b910-4b89-4962-b058-ff8c6ef6ae64,62795310-4866-473b-ad2a-eb5b9e57428a,5c96dd17-1035-440f-b551-af59b4630ffa,medium,0.581,lost,whatsapp,499.0,2026-06-12T20:41:51.175565+00:00,
c9ee8f07-dc28-4601-b797-085f74de9ec0,fbea7ed3-9c59-490e-8559-fdc411a33a1c,9ddddec6-4f48-4e72-a483-bb756d824e9f,medium,0.525,recovered,email,2036.95,2026-08-02T17:07:51.175565+00:00,2026-08-04T23:07:51.175565+00:00
cd154f81-deeb-4a2b-b93b-e4167da40396,47732d6e-ce70-4587-9bca-00d60d5cbc1e,e9e3ef2e-e697-49cc-818e-ec9f1e6d080e,low,0.801,recovered,email,849.93,2026-08-02T03:19:51.175565+00:00,2026-08-02T07:19:51.175565+00:00
ef76f89f-b1eb-4844-87c9-f6ff9a1bc0ba,56c40e32-a57f-4a62-93ab-9bffee1263e2,437414bb-d217-4066-8e2f-bdc60be3a2dd,low,0.69,lost,whatsapp,5265.97,2026-08-01T11:12:51.175565+00:00,
1808de27-107d-4f76-b67f-fb479445de8e,83d9e541-1b5f-4c5d-9cc4-6b7b3219f279,c5211582-b5e8-4541-9637-c0045a8ab24a,low,0.654,recovered,email,4236.61,2026-06-28T14:52:51.175565+00:00,2026-06-29T22:52:51.175565+00:00
bbfc9b77-88a4-4651-b3c7-af6edc8babde,60ea5af4-1a51-4ea7-bcf4-333bbe730a2f,5df4efc8-14eb-41a0-8cb8-b615ef24cafa,low,0.734,lost,whatsapp,4772.18,2026-06-25T15:01:51.175565+00:00,
0f7139b3-b823-4414-b898-ff4da6286b19,a31508d2-3390-4c93-9a5e-9e3a44634e49,52693f7e-5001-415a-9cc5-eea45d39b586,medium,0.608,lost,whatsapp,499.0,2026-07-18T21:31:51.175565+00:00,
b66c9265-51d3-44e9-8b2b-eed5eb4a4efc,2e86f882-2923-459d-9813-72b0843e4b5a,6cd1f812-f04d-435a-8f6c-2cb147ea783e,medium,0.637,lost,email,2643.25,2026-06-01T12:51:51.175565+00:00,
5152dec8-cc08-44de-8328-40d21d3df229,18615739-700f-4c44-b2b1-4fb2ecee4af5,9c1acc82-ff7a-483d-afc2-6b1a7040385a,medium,0.483,recovered,email,499.0,2026-07-01T01:17:51.175565+00:00,2026-07-02T12:17:51.175565+00:00
7bb68910-2cd7-4456-bf24-1018d077147a,37fbe33a-c140-4042-8a57-65e16691389b,e3d96cc7-15af-4da7-994e-f8cd47fe302e,medium,0.638,lost,whatsapp,1393.0,2026-08-05T08:21:51.175565+00:00,
07d38c89-ce6d-4d9e-9fd5-9c769e945829,02ad0ecf-818b-4682-b7f0-7a219beba715,9aa4f1a9-0fc1-41de-a941-4c56e528c4b9,medium,0.461,recovered,email,2095.02,2026-08-04T04:32:51.175565+00:00,2026-08-06T23:32:51.175565+00:00
80f9f0d1-0e84-4bc7-95d4-3ebdf4266bcc,f58a9c8f-9e66-466b-9f02-5d5ec67fd019,8fb39ef8-7c8b-4162-a90e-79a1431ef22d,low,0.839,recovered,email,3474.46,2026-07-07T18:21:51.175565+00:00,2026-07-10T07:21:51.175565+00:00
80268b72-4081-419a-a73f-6445c62e4165,47124735-23f8-4f6b-bc67-0234ff9f4dc2,fac8b607-f5b6-4462-9ed6-1747c8c68fd3,medium,0.452,lost,whatsapp,1519.68,2026-07-19T12:10:51.175565+00:00,
e2b84205-52ca-448e-9f3a-c0bb4c711fb6,1b513e00-f423-4711-9c8a-df489a6ded84,0b318361-7bc2-42b1-b7c6-272674045e25,low,0.715,recovered,email,2116.49,2026-06-12T11:34:51.175565+00:00,2026-06-15T04:34:51.175565+00:00
e4bd0237-b19f-498d-92c3-412846ee78cc,4d02e275-3100-4c5b-999b-5edbade04d0f,e3440234-8bd1-488c-add1-714b80b3d83a,medium,0.482,lost,whatsapp,10231.05,2026-06-13T22:32:51.175565+00:00,
703835ee-086c-4639-8fed-b1afe1dd9e67,828f56c6-e277-4db1-9863-7a529a95e7fe,e46a441f-5349-4505-86c3-65e1da8f8180,low,0.692,recovered,whatsapp,10079.8,2026-06-11T17:57:51.175565+00:00,2026-06-12T10:57:51.175565+00:00
8279b746-d04e-424d-943f-b5d443d86a1f,97f48e70-ce6b-4c96-8f13-1cc6cd540d72,39f9ddfd-f872-4217-9839-92cd235e9eaa,low,0.861,recovered,sms,2418.95,2026-08-17T16:56:51.175565+00:00,2026-08-18T03:56:51.175565+00:00
cc8f102a-0914-47f0-a9e5-66b9924efcc3,be9014fa-058d-475a-931e-53dcdc731cac,4bd14568-a98a-494b-b4af-af424431dae8,medium,0.526,recovered,sms,1900.41,2026-06-23T16:22:51.175565+00:00,2026-06-24T14:22:51.175565+00:00
10a75c16-c8c8-4f53-8080-5d0eb104ae1b,f96f5c36-e42a-41bd-bb29-0bcda766652f,76d67421-2ea2-4c0f-945b-b45a655dd0b8,medium,0.572,recovered,sms,4269.09,2026-08-14T00:38:51.175565+00:00,2026-08-16T03:38:51.175565+00:00
aa509c0a-6b25-43fa-b9e4-3fa23722ee0b,3364a5b3-e290-4cc2-9ec7-499d58ab6105,b0b7377c-5a6e-426a-8c8c-35b491822cc6,medium,0.423,lost,email,6664.56,2026-06-02T08:10:51.175565+00:00,
c3d0e512-03fe-4873-8373-011eb0fa4a28,d0efa897-bf2f-42cd-9a4f-968db082710e,8356d7b3-7c16-49e2-96de-e0a9a5e7310b,medium,0.629,recovered,email,5093.97,2026-08-16T08:11:51.175565+00:00,2026-08-17T08:11:51.175565+00:00
917bc748-8402-4a74-a71a-fa5b3f3f95d7,3063486d-ea3d-428f-9b04-3729ee760037,600080a7-4f17-45c3-9485-38f6e5e2543f,high,0.324,recovered,whatsapp,1669.48,2026-08-17T01:09:51.175565+00:00,2026-08-19T14:09:51.175565+00:00
5b47d252-8146-4864-86bd-cbd41a259e10,3b0cbab9-14f5-4f16-9c43-6d8471425e5f,717860b4-6a32-44ba-a0a2-1afdcfdefac8,medium,0.371,lost,email,4421.43,2026-07-08T23:03:51.175565+00:00,
3cf9e853-b4f3-4b69-b6f8-5b41eeb43feb,dde37883-c73e-4b32-ab52-e4c47b98e306,25617ce7-0856-440f-9643-bac53f754167,low,0.85,recovered,whatsapp,1200.39,2026-05-25T09:00:51.175565+00:00,2026-05-27T01:00:51.175565+00:00
b0e08786-3dbc-411f-a4b4-d34492de7c04,9892fbfa-766c-4591-bda7-ae2be356d6a7,947bf3b7-3aa7-4468-8510-b83e7dccff1a,medium,0.574,recovered,email,523.7,2026-06-07T10:23:51.175565+00:00,2026-06-09T22:23:51.175565+00:00
76cade6d-4931-4d38-afa0-edd279e669ec,9e6e496b-2589-49fd-a677-da6c7d6d08e5,82b48c3e-7aa1-4e55-821d-5db71b9463ed,medium,0.616,lost,sms,7855.9,2026-06-16T21:00:51.175565+00:00,
6d85b234-d401-40e5-9ef7-8685e747e3da,11b18e39-ddb7-45d2-8da2-82fa478dc20f,56ae729b-bced-4087-878d-b120d9634c68,medium,0.394,lost,sms,8387.23,2026-08-12T03:18:51.175565+00:00,
34c42e75-2046-4d93-af48-48bc5bdb6a9e,4c451155-5a61-4bf0-9bd2-bf023043dee2,9d85b8b5-360a-4220-b9f8-3fa6cdb060c2,low,0.873,lost,whatsapp,4340.42,2026-08-17T01:50:51.175565+00:00,
c9686819-d942-41a6-a8a0-52d8436a5493,88b17180-f23f-4a56-bc51-f91c2e366e6b,7c8e837e-bb40-48a5-8587-89facacb527f,low,0.912,recovered,sms,1266.71,2026-07-01T09:01:51.175565+00:00,2026-07-02T04:01:51.175565+00:00
8119f6b2-0f09-425c-aefe-bd0bb6376a94,3777399b-775d-487f-a1ba-600c907f0a59,aed7ebef-b087-49cf-b178-615bee5cf7d1,medium,0.587,recovered,whatsapp,1100.76,2026-06-23T16:24:51.175565+00:00,2026-06-24T15:24:51.175565+00:00
53be4a64-91ad-43d9-ab24-f44b77aaccd7,7b48a799-4d42-4784-9b56-9797d4d1091f,6c9cc748-f20c-447b-81e9-4d706ba5e6d9,medium,0.478,lost,email,9084.8,2026-07-10T04:40:51.175565+00:00,
9b73df12-540b-4461-a296-c57976bc88fe,0f80a6e8-7347-4ed7-a293-2333d82c8742,a9e52a67-f1e8-4f84-a30b-707c9f48f581,low,0.775,lost,email,7158.11,2026-06-19T17:08:51.175565+00:00,
dfb13d9d-0967-4e33-b90a-3058c4cb84da,e4cdd568-eacc-4e35-8849-23cc06f9384c,204ba97f-517c-487a-a6ed-5e00566c36c0,low,0.689,recovered,email,2264.55,2026-07-17T10:05:51.175565+00:00,2026-07-19T23:05:51.175565+00:00
ca442a9e-06b7-4009-bcbc-6878472e3af4,67db44e2-9d27-4bf7-ab5c-9617ec38981e,bcd4c1f2-b9dc-4061-892c-bf2da1b52e97,low,0.771,recovered,whatsapp,4190.98,2026-06-13T23:02:51.175565+00:00,2026-06-15T05:02:51.175565+00:00
7f2506bc-8065-472f-9734-be6b59b55f7a,9bdfb9c9-1554-4858-a329-fea26b72f390,7f5247b6-6823-4983-8fb8-9a039cb9c061,low,0.668,recovered,sms,3339.44,2026-05-31T08:35:51.175565+00:00,2026-06-01T07:35:51.175565+00:00
0935f659-0051-4bd9-89d2-a2552a494fe5,fbc8255d-0e4a-4f06-90af-1a48a96bf48a,3ae06334-2564-419e-adef-bd44708491af,medium,0.635,lost,whatsapp,10001.93,2026-06-19T03:21:51.175565+00:00,
d187afcb-228c-421c-8135-e63feb853c57,9faf52d3-a286-4b56-b22c-32ba6f49e9e3,b281ac8a-9753-49e4-b70e-f8fe41f13ceb,low,0.831,lost,email,2972.79,2026-07-23T15:16:51.175565+00:00,
e5780e6d-e034-4ce5-ab39-b182b9c0387a,3dc22d9c-aae4-4b86-962e-5ad6c42e555b,95c313ee-361e-4f50-8c65-6697e8799f4f,medium,0.635,recovered,email,4545.87,2026-07-03T13:25:51.175565+00:00,2026-07-04T09:25:51.175565+00:00
3b72b918-aaed-4df1-a6c4-21042f5d316e,c99b4c0f-037e-4600-851e-fb776de69a1a,95bf72b9-2905-4d8f-9728-2213676a9610,low,0.798,recovered,email,759.21,2026-07-23T19:01:51.175565+00:00,2026-07-25T17:01:51.175565+00:00
8c7573d8-046e-416f-afbb-71092259f72d,7485156e-1123-4c74-b4da-9c9ed1641de1,fbd9bb46-9b88-4092-868c-bbead618adb1,low,0.771,recovered,email,499.0,2026-05-30T04:37:51.175565+00:00,2026-05-31T01:37:51.175565+00:00
4d1d8725-bc93-4f6e-866f-0a3f34b52646,7ffd5dae-2ae8-4885-a3b1-b9b924d00779,df33f532-6dec-4a6d-89eb-ec8ab3d07df1,low,0.653,lost,whatsapp,1459.58,2026-07-25T17:10:51.175565+00:00,
4e9f3fac-2bcb-425e-b28c-9c26c439915a,37fbe33a-c140-4042-8a57-65e16691389b,fa6f6def-97cd-45e4-866a-c06bf05a8cf7,low,0.659,lost,sms,1455.64,2026-06-03T21:04:51.175565+00:00,
f1707729-5aee-4dea-b233-af9efaad5cff,2803fabc-b7db-43d7-8a80-d68252ccd77b,fec4ca40-58df-44b1-8b8f-0311315943da,low,0.848,recovered,sms,1993.96,2026-07-18T00:17:51.175565+00:00,2026-07-18T07:17:51.175565+00:00
d46bc8d7-68a7-4ffc-88f5-24adf028eb37,b11b83cd-5004-4d4d-b2c1-b4b20bdccfc4,98ac2137-dcf3-4b81-972e-bb1deca32b55,low,0.795,recovered,voice_call,971.83,2026-06-25T19:45:51.175565+00:00,2026-06-26T08:45:51.175565+00:00
245693b2-838f-404d-9ecd-630f8e76f1d4,17056489-41ef-4bdc-95ab-87b35adba6b4,f1425843-baf8-42bb-bd40-8152d75b7c49,high,0.335,recovered,email,3268.91,2026-06-26T11:50:51.175565+00:00,2026-06-29T10:50:51.175565+00:00
10c2ad65-4e89-4ba2-bce1-f6a4ff0b5c9b,7d7491ef-6ff3-41c4-8542-e66181d51895,5fdbce50-3f0a-43e3-8c8f-12c854150cb9,medium,0.597,recovered,whatsapp,5429.31,2026-06-03T09:55:51.175565+00:00,2026-06-04T13:55:51.175565+00:00
e8065d6c-fd01-4890-9332-18eae0b963aa,73cfdc3f-df6a-4af4-ab2d-97ee06b8e7c7,0c6f31a6-fa2b-4738-8e6e-1a33d66f8842,low,0.687,recovered,email,1866.57,2026-08-05T15:44:51.175565+00:00,2026-08-08T02:44:51.175565+00:00
f6a49bed-7f12-456b-9aa6-b771bdfee49c,e7427d90-353d-448a-b75e-b4d54e348893,f47becf8-e767-4753-bb55-4d0e3856e817,medium,0.531,lost,voice_call,5049.45,2026-08-02T03:08:51.175565+00:00,
2caeabf9-06fc-485a-b04d-9879c2a3008a,5ca3543e-d624-4a86-b176-01130b4d18ed,898f072b-5bc9-45fd-979c-f85a5b6ad31b,medium,0.532,lost,whatsapp,21009.09,2026-08-16T23:41:51.175565+00:00,
0d3305ac-d701-43c7-b9fd-2b40c0902170,ac734516-b7e8-48ae-ba59-51a12c160f68,16a9d50b-9172-4ca7-a93e-eedc03bba41c,low,0.736,recovered,whatsapp,7161.11,2026-06-24T07:35:51.175565+00:00,2026-06-25T22:35:51.175565+00:00
4e76cb65-14f0-40da-89d9-6b110944b49b,5da14350-5392-4c48-bd3d-ff2c1578b850,d00851a5-9bda-4fe8-b196-fbb2ce8a61f1,medium,0.405,recovered,sms,7629.77,2026-06-25T20:41:51.175565+00:00,2026-06-26T00:41:51.175565+00:00
1488d413-f7a5-4733-b284-e4358e706eaf,e9ee2583-735b-4374-a2b2-694654bd6f12,67a0e079-b958-4af1-a7a3-275514e73842,medium,0.375,lost,whatsapp,18660.17,2026-05-27T20:01:51.175565+00:00,
69b94183-7956-4239-b0fb-0eb9650a2e0a,a952a6ec-a092-47ca-93f1-9bb7bcd2832f,97195bdf-921d-4b41-bbbd-f642475be14f,low,0.75,recovered,sms,1916.05,2026-05-27T23:31:51.175565+00:00,2026-05-28T15:31:51.175565+00:00
c21ae825-3eca-4e39-96a6-903208c143cb,1a821dd9-1d61-4ee9-a71f-5d45ae2ea981,739a9217-4225-46cb-ad89-ca9fd7b3e6d4,low,0.835,recovered,whatsapp,614.49,2026-06-26T05:17:51.175565+00:00,2026-06-28T14:17:51.175565+00:00
9b19c585-33ad-4829-afd9-f458a0604f54,4f0d3d5e-7ec9-4ac6-a19e-a2d6de31c47e,f76275a0-4f1a-4cec-adf5-05ab751c9af2,medium,0.502,lost,email,499.0,2026-06-01T01:12:51.175565+00:00,
a206253b-8f39-4117-977f-567aee2055dc,9808fb15-57a7-4ef2-8cf9-5d643f0c31c5,5fe54fd2-51a4-461c-ae94-685643bc1613,medium,0.555,recovered,sms,1925.56,2026-08-01T14:03:51.175565+00:00,2026-08-03T03:03:51.175565+00:00
f4b9cfc4-96e8-4f97-b7a2-35fca9ccd9fc,337f0355-ec0e-43ef-8afe-fd21568adbf6,5cad5ce0-eca8-48b3-a480-332dbd14c701,medium,0.375,recovered,email,6823.6,2026-07-22T06:18:51.175565+00:00,2026-07-24T10:18:51.175565+00:00
814e38bb-3d4c-4430-956c-e6ff4f3a44d9,fab2a55f-b196-49a2-b4b2-c74286ad2181,20235927-9cba-490a-9a96-ae3ac72938d0,low,0.832,recovered,whatsapp,1057.26,2026-07-20T00:41:51.175565+00:00,2026-07-22T02:41:51.175565+00:00
9b7898d9-d255-41a0-a6d0-dbd81135796e,ae95f437-6be9-4452-b5e4-3828adf95f90,d9787d2b-526b-4694-b856-4d4145026fec,medium,0.584,lost,email,2715.41,2026-07-06T17:30:51.175565+00:00,
0a906100-3e3d-4218-a4a4-5f23f915f675,c9942e95-b4f9-4c45-a861-8b29cb60e41f,2b0994ae-5e6e-4da8-b393-f479684c4355,medium,0.467,lost,email,1559.21,2026-07-18T05:44:51.175565+00:00,
2864d5a3-e64c-4f82-82e2-260286e9b0cb,ba6878c5-83d5-448a-98e1-a0017b8b8002,cf816d7f-bfb5-49d5-8128-30c8ac41e16f,high,0.326,recovered,voice_call,1197.73,2026-07-06T11:33:51.175565+00:00,2026-07-08T17:33:51.175565+00:00
23300b20-9e2a-4dc0-b059-0ed2c338d6cf,55519bb2-e638-4c4c-9851-bd62bde60d1a,39ef1199-6fb3-47cd-9a25-7e59b075d712,low,0.842,recovered,whatsapp,1377.45,2026-07-06T01:31:51.175565+00:00,2026-07-07T20:31:51.175565+00:00
4f2c7504-4e84-4903-a383-b8eeccec00c9,f48b015c-31e0-417d-ac48-197da9f639aa,485ab8ef-4364-48ef-b77a-c8132d607986,medium,0.407,recovered,sms,7750.33,2026-08-10T19:41:51.175565+00:00,2026-08-12T04:41:51.175565+00:00
0058d4e5-37a0-454b-8ad5-274574c6dbb0,754b335c-6a3a-42bc-a064-0ea116e984fa,7bc7e732-177b-4eb9-9cc2-acb1945e3c5a,low,0.695,recovered,email,3143.16,2026-08-11T04:17:51.175565+00:00,2026-08-14T03:17:51.175565+00:00
093ede16-7580-48c0-b55b-da1b8e302d75,c40987a7-d650-4084-afc9-28e90e26b3df,5845e79a-d985-4b38-ba43-afaf07c15b77,low,0.659,recovered,whatsapp,6878.77,2026-07-04T07:31:51.175565+00:00,2026-07-04T14:31:51.175565+00:00
764bd7bc-ad01-4bb1-942e-8a10451e6063,cfe3b193-bc63-4e31-a268-45bf1c14cf74,b615ff09-6d36-462b-a975-3c6fc7dee532,medium,0.416,recovered,whatsapp,2933.24,2026-07-06T08:11:51.175565+00:00,2026-07-07T07:11:51.175565+00:00
fa326829-7d53-4de5-b3c0-e5da19d72bad,e38fcb5b-d812-4175-ac23-279b5428696e,3ebadc7e-77c6-46fe-be49-1bb1d56f7548,medium,0.446,lost,whatsapp,1684.7,2026-07-09T11:05:51.175565+00:00,
55158f88-d712-4254-a46d-6e0810f2a0aa,ba747bb2-3f9a-44a0-8615-2dc9a78227ff,eda043ff-5f33-46c9-8603-bb3388782b44,medium,0.52,recovered,email,14092.33,2026-06-29T13:56:51.175565+00:00,2026-06-30T12:56:51.175565+00:00
06e604a0-4d0b-408a-b49a-48982721430f,bbfd226e-733f-49b9-a55c-23f5fdf33311,bdc7a32c-a4fd-4192-9cb5-71c96a7af9a2,low,0.907,recovered,whatsapp,1384.37,2026-08-15T17:29:51.175565+00:00,2026-08-17T19:29:51.175565+00:00
28a0e20b-e49f-49c1-a6b8-132407f0bd6a,cdda8f33-d36d-44af-b252-47b5a6b23a15,25d5f232-f183-467c-9112-1a1fa327b846,low,0.769,lost,sms,2363.27,2026-06-10T11:01:51.175565+00:00,
c7b22560-32db-43a9-994b-e72540284f9e,05fdf288-de09-4ed4-942c-350d5460978d,e01f81a3-3dbb-4294-bcee-d7c92945859f,medium,0.367,lost,sms,1836.15,2026-06-25T08:21:51.175565+00:00,
7ed4522a-c961-4aa4-8731-f07c48e9ec4d,bd1e2205-2ac3-4ba6-9a26-6f00c86752b4,41b676b7-f319-4268-920f-f9ba8e199294,medium,0.54,lost,whatsapp,2679.54,2026-07-25T12:24:51.175565+00:00,
d5f28984-5e5b-4008-b250-c68ec3456baf,74a42c1e-6c05-4674-9cdb-b40e7933896d,be352914-b68d-4bd6-954c-bd7122ed9c29,medium,0.463,lost,email,4660.81,2026-07-24T14:35:51.175565+00:00,
8fd9122a-0ce4-4596-81f1-f006fc48ff59,a2c370aa-3d56-4721-b2ec-6a3787bb4ad5,882dadc0-9998-4b13-842e-e4d5e5f1e39a,medium,0.542,recovered,email,8589.84,2026-07-08T20:05:51.175565+00:00,2026-07-11T07:05:51.175565+00:00
94f518db-12a2-40d5-b761-3a19227d4571,e19571cb-761c-4e1c-8f84-f178173d4dcf,a6b3c16c-fefc-44d6-a939-365d19ae0c74,low,0.708,recovered,email,1856.1,2026-06-08T14:21:51.175565+00:00,2026-06-09T14:21:51.175565+00:00
2e818e05-724a-4657-b3b5-ee8ca56917d9,9808fb15-57a7-4ef2-8cf9-5d643f0c31c5,cf899a70-76c5-4616-9c9d-67342cc21a7b,medium,0.362,lost,whatsapp,8695.72,2026-06-11T07:27:51.175565+00:00,
edefb8e2-d23e-49c9-9d93-cb2f4ba364e3,f50d9eb6-d23e-4562-8608-3ae021eaab35,a46e4d5a-418e-4b64-bb36-647b88eb51ef,medium,0.562,recovered,email,6615.2,2026-07-24T22:18:51.175565+00:00,2026-07-25T20:18:51.175565+00:00
1a35edaa-fb57-4913-88fe-064a34e41eea,24c85b85-3551-47c8-bd0d-fb832bfd3780,4a66e489-2c11-498b-8f93-1b7f5f2f7aa0,medium,0.514,recovered,email,8606.55,2026-08-15T18:58:51.175565+00:00,2026-08-16T17:58:51.175565+00:00
cd3a9323-3752-41be-aa16-364a15136c13,29f271d4-a1a1-4644-8d2e-4b1aac7f6c03,fd7036fe-0ea6-47ef-bc1f-d18342b4a94c,medium,0.584,lost,whatsapp,7987.89,2026-06-26T18:18:51.175565+00:00,
da12a757-0f21-441d-9acd-a4a67d83098c,2f2cc853-4bd1-4d45-bf2a-d11315f3768f,19fc4ba4-ca17-41bd-86a6-e5409350ad4b,medium,0.453,payment_attempted,email,8425.38,2026-08-21T10:46:51.175565+00:00,
0bda0ab8-1cb7-4b5a-a227-929189bc9ca3,5b5b8cb3-217a-4999-b683-c7c32ca944f0,500ceb9f-6f4c-4a25-bf7b-9675736a69b2,medium,0.443,recovered,whatsapp,15640.48,2026-06-27T12:56:51.175565+00:00,2026-06-29T14:56:51.175565+00:00
1c7ec24d-ca6a-428b-ae33-5597166a193f,49342424-9f6e-4430-a9bc-8c73e5a167bf,ac576cf8-f633-435a-be6e-94f5cb3c4216,low,0.806,recovered,email,4676.41,2026-08-08T18:11:51.175565+00:00,2026-08-09T22:11:51.175565+00:00
5192a7f1-8454-4475-b822-b9167349a793,aebdef28-e042-421c-86d6-f9e6ee62e2e1,9475031c-7a5f-477d-9f0b-043a197ac050,medium,0.479,lost,whatsapp,2046.05,2026-07-07T10:54:51.175565+00:00,
bd04beda-068d-4feb-b581-67d91ce6ba5f,22c479e7-36c8-4649-bc82-1c1b1142f1b6,6429351f-17ae-4924-9741-1bbadcf113c3,low,0.802,recovered,email,3652.83,2026-06-05T00:02:51.175565+00:00,2026-06-05T17:02:51.175565+00:00
a07bb8b2-01d2-4a36-b4fe-2db76a425653,fd454dcf-8f52-46b4-b6ac-54314628dbdf,204e2397-e0b0-4370-b758-f619bd24ac8d,medium,0.625,lost,sms,2723.84,2026-07-12T23:19:51.175565+00:00,
e13a5bdd-674a-4758-b5f7-b5514240eaf2,3380cae4-4c01-4b82-845c-c18ee2a9cbe6,d24b2e16-4af7-4f97-a1c3-5c640f499a8a,medium,0.429,lost,whatsapp,5350.0,2026-06-27T23:49:51.175565+00:00,
0aa0ff5f-b9f8-4804-968a-860337798506,38f6d23e-0b7a-477b-b8c7-91ac47ad9a5d,54adc2f0-d9e5-4515-83b3-6b9e239c874a,high,0.243,lost,whatsapp,13282.57,2026-06-15T23:43:51.175565+00:00,
5a7541a1-b483-484e-9058-ce0e9a94f3f7,490fe9c9-520d-46e9-b5f2-d99f535658aa,c9bc413f-b2a6-4ee1-97c7-5dda241a2dff,low,0.876,recovered,email,5110.5,2026-06-13T09:23:51.175565+00:00,2026-06-15T23:23:51.175565+00:00
df157c93-e807-438f-a7d5-b9936adf7e2f,ee5f669b-a4c8-47af-9a0f-8a953b148c7c,d9e81e24-d617-4009-b419-c42dd446b7fd,low,0.67,recovered,sms,571.06,2026-07-28T02:50:51.175565+00:00,2026-07-30T01:50:51.175565+00:00
0b616edc-2d70-4e38-9883-52253f329c44,6827ccc2-939c-4e66-b24a-4a92575b51c8,9238fa2e-3ef1-463b-ad48-df9cfc677d5a,low,0.858,recovered,voice_call,1769.39,2026-07-25T10:29:51.175565+00:00,2026-07-26T11:29:51.175565+00:00
e54e9ad4-d81b-4d49-b3ca-68c9e4d6b8c2,7ffd5dae-2ae8-4885-a3b1-b9b924d00779,1ba075c2-0c76-42ef-ba1c-6f65de8a27d5,low,0.666,lost,email,4902.04,2026-06-29T14:49:51.175565+00:00,
b2fab26d-f4f1-4c26-80b3-db92761ce168,b36c95c7-04d1-4056-b3e8-7a43ac299fd1,66376879-e632-432a-aeb8-b331609f551d,medium,0.384,lost,email,4528.53,2026-06-19T00:29:51.175565+00:00,
c4d94b58-7f70-4e29-bc04-a8511ae35461,110d8847-beeb-43e4-920e-4c259da85a08,690fad90-7167-436d-8b51-501b2f0bafe0,medium,0.466,lost,whatsapp,1603.64,2026-06-14T19:23:51.175565+00:00,
945137d3-0758-409b-b288-a09d58b79b7a,16b9dd45-31e5-46a3-a763-f7460ca9d361,0974bce3-b485-49a0-bf66-3beb7abf54ac,low,0.682,lost,email,5153.07,2026-08-01T11:08:51.175565+00:00,
421afaac-a47d-4943-a0cd-648220777c8a,1dec1ef9-a16b-412b-aaa5-51c878bae6db,6284169f-9904-4842-8ac8-1f6a48ab91b5,low,0.752,recovered,whatsapp,2275.75,2026-07-21T21:48:51.175565+00:00,2026-07-22T20:48:51.175565+00:00
bb418b14-20d3-499e-acf7-0721ce6035f0,eafa5230-4147-48ec-88eb-eaa1699e1dab,00ad7bfc-ebdf-4f35-b778-fe32e08c48b4,medium,0.487,lost,email,794.02,2026-08-05T08:57:51.175565+00:00,
15843460-add0-40e5-b98e-340a1bde0829,2cc0f77b-f341-4d20-96cf-b59fbdf20f87,cc3544c2-1dec-44d1-8986-44fdb4d4647d,low,0.691,recovered,email,1450.94,2026-08-10T08:23:51.175565+00:00,2026-08-10T18:23:51.175565+00:00
850b7ca8-4982-4597-9f27-8578ea960e76,d9785ef1-cbd1-47b6-9fe6-ae7b8850e451,a872fc8b-6077-46d0-87c8-8b2482f69edb,medium,0.481,recovered,whatsapp,598.62,2026-05-31T17:14:51.175565+00:00,2026-06-02T22:14:51.175565+00:00
aa100251-daa4-4381-bd00-bf1d75f62b7a,256e4705-7435-44a0-8dcc-20386862e16f,8ad25cdf-3695-400e-a75e-a118b805188e,medium,0.456,lost,whatsapp,12936.8,2026-07-31T19:33:51.175565+00:00,
bd24b495-8e01-4528-84d8-14e0424dff1b,5532db42-47d4-464b-b4b2-5353a812a48c,56f740ba-d7d1-41b4-b1d9-c97a96dfa6c2,low,0.785,lost,email,912.28,2026-07-10T19:38:51.175565+00:00,
897139d7-e28e-43b9-ae72-39ce5c4e937f,04617d52-81ed-4f67-be0c-d99c853213a4,801c11a4-5273-443a-98a0-f5a08697b391,medium,0.55,recovered,sms,2802.96,2026-05-25T19:53:51.175565+00:00,2026-05-26T14:53:51.175565+00:00
c3196ab7-7edc-409c-a0d6-f794ed1527e8,e8b303f0-4b13-484c-a4ea-af755798250e,a3cb0a7c-240b-4cd3-8dfd-1fdaa086e950,low,0.814,recovered,whatsapp,9732.83,2026-07-23T08:20:51.175565+00:00,2026-07-26T05:20:51.175565+00:00
02d10e43-b64a-4a46-b1e1-67e212cbe560,3a964d31-8960-4bb9-bc92-91282b1c8def,eb4c5549-6149-42eb-a8ac-9aaa919bb4eb,low,0.77,recovered,sms,2885.86,2026-08-07T06:51:51.175565+00:00,2026-08-07T11:51:51.175565+00:00
40a1b315-c433-4ac6-ac08-d2b5535a8d03,769da6d1-09e0-40d4-b5a7-73ac160572ce,515f4842-ef5b-468d-bdf9-71bae5e08926,low,0.771,lost,voice_call,656.62,2026-07-23T13:45:51.175565+00:00,
b632f63a-a425-405e-8035-8abac3ca800d,c04ae1ab-5122-44c7-b1ca-cfd68a00fd88,24712b95-5211-404f-b676-b96ee7d10e33,low,0.912,recovered,whatsapp,499.0,2026-06-17T05:59:51.175565+00:00,2026-06-19T05:59:51.175565+00:00
939b466c-3960-43d5-8c85-419714e3d665,b26f62a6-c49e-41e0-87a7-1b6214ea5698,5fae8f98-aae5-48e8-9712-e84a0787f8a3,low,0.785,recovered,email,1581.05,2026-07-01T19:50:51.175565+00:00,2026-07-02T05:50:51.175565+00:00
9015875e-9889-4908-a2cc-ee8a22da440f,e0e68908-1d82-46e1-8edd-32e891abe69c,a567ed1f-c7d7-443f-9926-3885be6012bb,low,0.757,lost,sms,3943.91,2026-06-29T16:30:51.175565+00:00,
890b1e2c-e35d-4d2c-bd34-3aae5eb5a015,104c721f-46cf-493b-acc6-4ccb1c60685f,5340edaf-ab44-4aa4-9e44-39ffae62daa4,medium,0.558,recovered,whatsapp,2223.63,2026-05-27T10:27:51.175565+00:00,2026-05-30T01:27:51.175565+00:00
9afd13d8-1311-4e96-b58c-b70240190e1b,d4d525dc-284b-475c-8e47-12fcff8bd4b4,306eecbd-14cb-4cda-9ba5-937a30874557,medium,0.568,recovered,whatsapp,2019.28,2026-07-13T20:23:51.175565+00:00,2026-07-14T17:23:51.175565+00:00
050f29ae-0050-48f5-982e-07dbb6568c78,1ca39efd-c862-4189-98d8-1e7b88674138,2387688a-b97d-4646-9aa3-491eaf29f7bb,medium,0.543,recovered,email,1767.72,2026-06-12T17:50:51.175565+00:00,2026-06-14T22:50:51.175565+00:00
e0a9fe0c-93c9-4184-af66-4ddce0e7ec6d,7b001192-1546-43a8-a5c4-75316549759d,9c42b99b-88b9-4d0a-ae00-4bec12946411,low,0.804,recovered,email,1189.45,2026-08-06T00:09:51.175565+00:00,2026-08-07T17:09:51.175565+00:00
0e0e28a8-b430-4c63-b9fc-cbaa87d5ab88,d6d1e965-7a07-4f95-8f5b-714af68125c2,037e07f5-c8e4-40d2-a00f-be1775bcc849,low,0.68,recovered,email,1051.3,2026-08-10T15:36:51.175565+00:00,2026-08-11T09:36:51.175565+00:00
209914dc-3a6e-4efd-bc70-dde5211be6d0,e3a49a74-2d2c-4157-943c-791edaa51223,64973a30-1364-47af-9eb2-5d219ed00240,low,0.809,recovered,email,3879.94,2026-06-13T07:21:51.175565+00:00,2026-06-14T03:21:51.175565+00:00
9022e97c-ccbb-47af-848d-f69161b9cc1c,102f1efb-9f93-4fec-9edf-6eb8639a8339,943c20b6-da36-4a55-88c3-801543be0db0,medium,0.478,recovered,voice_call,575.52,2026-07-03T14:37:51.175565+00:00,2026-07-06T10:37:51.175565+00:00
a1a9fb4d-7682-4995-b451-fcec2f4c06e2,a369b80b-7dac-4809-bbeb-afd66c42d90f,04c14cae-283c-4d34-910b-6764e9056b23,medium,0.502,lost,email,4015.1,2026-05-25T04:57:51.175565+00:00,
4e01d565-5a91-4ffd-bc9f-e320aba78c47,d63dd420-17d8-4938-b925-3f52dd303806,6b177736-1e8d-4f70-8568-f68195c0fb56,low,0.807,lost,sms,811.72,2026-07-24T04:25:51.175565+00:00,
da33b084-3dcc-4830-8f8c-c5f79f62273b,57f4ea99-28b9-4a0a-93c9-f5fb2fd71b5e,6d2dd4ed-c5e0-48b3-a5b9-e8ffd1b38e38,low,0.861,lost,whatsapp,3325.16,2026-06-02T03:33:51.175565+00:00,
48b27393-c7b7-4ec4-b6e9-505a69a3f899,b57dbf08-6653-4b85-a41d-fbf0462f6624,23d3ec68-6055-42ad-9aad-3cc9ea6a1435,medium,0.497,recovered,email,5254.82,2026-05-30T22:48:51.175565+00:00,2026-06-02T18:48:51.175565+00:00
4b4fdf1b-ed27-43b4-9af4-91f0a0d63de1,235e63a4-ff6d-4269-a3b2-b034c5bfb845,d5ad0776-1e92-460a-94bd-d191925aa70f,low,0.743,recovered,email,499.0,2026-08-11T17:40:51.175565+00:00,2026-08-14T01:40:51.175565+00:00
f37762d6-d199-404e-ae0f-4b4056bd7624,7c61f33c-5c51-48bc-9022-333b23227323,b08bc077-405e-46ba-a9ed-ac0c5e7a40c4,medium,0.638,lost,whatsapp,824.18,2026-06-12T22:36:51.175565+00:00,
cb1361ab-c988-41fa-a8b6-a411c89b0367,b824ad0c-17ba-433f-867d-a9c848e11cde,cc5ce121-7881-4443-927f-ed6fc67ee0e1,low,0.807,recovered,email,4307.35,2026-07-10T10:13:51.175565+00:00,2026-07-12T01:13:51.175565+00:00
0ebc8db8-9508-48dc-b5e4-283f36ad2e4b,a88f94c2-fe28-45bc-b7cf-de59f223a2d8,8d645599-7641-47eb-b471-8198ac7342b4,medium,0.59,recovered,email,3400.9,2026-06-02T12:50:51.175565+00:00,2026-06-02T18:50:51.175565+00:00
5e6921a6-9fb8-4731-86cf-7eb0e9af6670,2cced3c5-3651-4243-8cad-757280ed0479,da943868-725e-4687-9af0-bc20d966d8ed,low,0.894,recovered,sms,1225.05,2026-07-06T09:44:51.175565+00:00,2026-07-06T18:44:51.175565+00:00
9bbee0aa-0129-44f9-9b73-9ea648b259f1,5b4577f2-980f-47c6-8227-52c8efbe38f9,34a97c25-c374-4eb6-9f78-bd25e1949cfb,medium,0.507,lost,email,2968.5,2026-08-15T13:15:51.175565+00:00,
c1248f26-de83-415c-b7f5-b2babfcb1aa8,4a3dcc54-9597-40c8-b091-26766d5f873f,e5648598-aedf-4094-b1ca-df67fa50c6de,low,0.781,recovered,email,784.86,2026-08-15T23:45:51.175565+00:00,2026-08-18T18:45:51.175565+00:00
1e11b40b-4283-4241-be54-abe32447154e,71a69a96-aa1c-40bc-b242-82ab4b183ab4,1ad64d59-043b-4504-a946-0f5ba466e2ef,medium,0.579,recovered,whatsapp,3131.15,2026-06-18T09:08:51.175565+00:00,2026-06-20T11:08:51.175565+00:00
ceee64d4-e0ff-440b-8d54-690b55bc5981,8c9805cc-f953-419c-9747-163b2b5e1a6d,0ac6d911-eb63-48ee-bd57-d99fa3558517,medium,0.52,recovered,whatsapp,2121.82,2026-08-14T09:47:51.175565+00:00,2026-08-16T11:47:51.175565+00:00
bf77c83c-749e-4267-b08f-50de55eca442,dd959b36-b6ea-4427-8f4a-e8e0575750b7,d429d63c-3f00-4fe0-b061-a3d60efb79ac,low,0.832,recovered,email,1295.45,2026-07-05T03:01:51.175565+00:00,2026-07-05T11:01:51.175565+00:00
caeefcf5-f3c5-4246-9b3e-9a2457b580ec,25e08928-1854-4df3-aee2-3b54be38c694,25dbec9e-e67e-4610-9a68-ba7107554b72,medium,0.443,recovered,email,2644.58,2026-07-21T08:42:51.175565+00:00,2026-07-23T07:42:51.175565+00:00
379c271d-449f-4039-896e-8a6f9f01a626,5d9bb777-fc80-4da4-afa8-01af78c93378,d84d6d31-1932-404b-a3ae-985722a383a8,low,0.847,lost,whatsapp,791.76,2026-08-10T13:24:51.175565+00:00,
ed45e5fa-053f-4c6c-8505-0dc8a8cda187,18773769-a173-46f7-88be-21b63bc2ac1d,ee67c477-08aa-4bfc-9b2d-d3e8abb67ce2,low,0.689,recovered,sms,2173.97,2026-07-20T02:49:51.175565+00:00,2026-07-22T17:49:51.175565+00:00
14038199-565c-4714-95ae-408f4029a4f4,0d02ad11-a09c-4f61-8d39-dc348db10db2,cd934363-fd39-4a91-ae2f-39d599bd8a73,low,0.655,recovered,email,1615.72,2026-07-23T10:50:51.175565+00:00,2026-07-25T10:50:51.175565+00:00
00a9c503-6cd8-4ba6-a4d2-3d1505504c88,bc2d16d4-683d-44f7-89cf-364a410b564f,669f44bd-0ccd-4ac0-8b0d-e0850daef30b,low,0.793,recovered,sms,4203.68,2026-07-05T17:24:51.175565+00:00,2026-07-06T03:24:51.175565+00:00
a2c88ff3-bbc7-4121-8595-195c7fb6eb4a,7971a5ea-1425-47df-b7fe-26c8b74d216d,549a2412-b668-4047-8863-ca7074caff97,low,0.77,lost,email,834.02,2026-06-05T10:16:51.175565+00:00,
236e731e-f0af-4268-a147-1d31fd994d19,3d6ec8cb-9e6a-418a-8d02-97939b01e4aa,d3345870-da26-4985-8eb5-225c76812b65,low,0.849,recovered,email,1935.53,2026-06-18T14:30:51.175565+00:00,2026-06-20T04:30:51.175565+00:00
a10f2dc9-737e-48f1-9dcc-6df4a80690dc,055ac8aa-684f-4a2c-ba37-0e5e521ca561,ddb5449e-5067-4d37-b87f-b8c86b01b298,low,0.752,recovered,sms,5286.99,2026-05-28T16:23:51.175565+00:00,2026-05-30T21:23:51.175565+00:00
0b3bcc88-84e8-42a1-bc5b-b74fb14e046b,055ac8aa-684f-4a2c-ba37-0e5e521ca561,bd645e28-5b31-464b-9bd1-27ff4ab6cca7,high,0.309,lost,whatsapp,13923.86,2026-08-10T07:11:51.175565+00:00,
017ba90c-346b-48e2-bcba-a0efd0864d4d,2278afad-be0c-46a3-ad18-84fc735135f9,0e37211e-0405-45b3-a743-fedd06a87e56,medium,0.557,recovered,sms,2864.93,2026-05-25T18:14:51.175565+00:00,2026-05-27T23:14:51.175565+00:00
4d279728-9b08-4689-84fc-cfce6118eaef,644f2bf6-3458-4b87-94fd-af43051808cc,5a8dbe26-a680-4428-96a8-c1b741866ea8,low,0.81,contacted,whatsapp,499.0,2026-08-20T22:15:51.175565+00:00,
6778d877-fc26-405f-9b5f-e2eae0f2ee5d,083a9276-c5c7-4e28-8e17-2a54ef99f4b0,d8f702b9-e6f5-4ae0-b4ca-4d52cfb481bb,low,0.881,lost,whatsapp,4660.01,2026-08-12T01:22:51.175565+00:00,
ddb35ce6-d9f7-4111-9f61-dc0245315525,236a9f54-4f67-4a36-ad3b-852a8467ce7c,34d21108-66fa-4367-9ad7-1f76fc65960d,low,0.953,recovered,sms,1660.92,2026-08-11T07:15:51.175565+00:00,2026-08-13T14:15:51.175565+00:00
282b29df-bd42-49c6-b535-61d6b2a9a848,2957cde2-d8bb-42ca-98e6-3973f06da7ff,1f261bf7-6a62-4d1c-b336-09c408460579,medium,0.439,recovered,sms,1074.87,2026-06-16T12:42:51.175565+00:00,2026-06-17T23:42:51.175565+00:00
a1234fda-0a5c-485d-8e85-e1c61285244b,34006dc3-4c3c-4f22-9212-f8a032ac8f43,55443cd4-e902-4a31-8a36-d0351d877c47,medium,0.634,recovered,sms,3337.26,2026-07-19T12:20:51.175565+00:00,2026-07-21T12:20:51.175565+00:00
26e56eb3-1635-4fa6-a41c-baa5b36846bb,bde82d45-0402-487e-91c5-576eaa4ac7b0,d408b752-165f-4b83-bf6c-6d19999a29c1,low,0.858,lost,sms,1292.01,2026-07-31T03:35:51.175565+00:00,
bd6d3aeb-3ce6-46d0-af53-248c7f7bfee9,8ab9ac05-fdd1-432c-ad10-e51e2db3c2bb,cc5249b6-6d4b-4f84-9919-0e080d0ca22d,low,0.713,recovered,whatsapp,4497.72,2026-08-01T17:31:51.175565+00:00,2026-08-04T05:31:51.175565+00:00
5bb046da-4fda-4f87-9345-0b77cffe8b28,26acbd8f-cb32-4308-88e3-8d4d7ee5036a,a868c417-d479-44c0-9e67-9ecc894b833e,low,0.833,lost,whatsapp,863.86,2026-08-01T19:21:51.175565+00:00,
c0da58ae-8459-4aec-b3d9-08f612162096,2a80a399-be94-412c-8f0f-19c545ac1c28,17a39693-1885-4f34-8ed9-a35c0b4d0c1c,low,0.885,recovered,whatsapp,2141.76,2026-08-10T16:55:51.175565+00:00,2026-08-12T17:55:51.175565+00:00
b6e1b978-9648-48e5-98d0-fdf2139c5637,6b38d941-de12-4aef-b750-dd46e2b01e08,abe2af8e-e991-43c2-b9b6-4c5d76e401f8,medium,0.474,lost,email,18559.2,2026-06-26T02:20:51.175565+00:00,
8a3bb74a-d12d-45aa-bb8c-256f848de264,a957a8d2-ad6e-42a2-b82d-13393a7e0a47,6d976ac6-d378-4f0c-8a21-fa1a7784272d,medium,0.434,recovered,email,3060.59,2026-06-05T11:34:51.175565+00:00,2026-06-06T13:34:51.175565+00:00
8709a361-640d-447b-b600-290b40afaae6,ece2e2a0-c26d-400a-80ab-b5f3d94fc71c,34fafe8e-8e55-46d9-9e57-12890b3ab573,high,0.306,recovered,whatsapp,2648.4,2026-07-18T19:58:51.175565+00:00,2026-07-19T01:58:51.175565+00:00
22e88e4a-2eb5-4140-8189-8fe0b3749f57,34f4c90f-4090-43e6-9e9d-9e4312f97d5a,3bfb77f6-c111-40ab-a1c0-ac0f2461dd24,medium,0.531,lost,email,1526.71,2026-06-30T08:51:51.175565+00:00,
c7e0a713-41bd-4200-9ca1-34de65aa39e5,54838d8a-df25-4366-a436-812c39a31e50,2096da1d-bc49-4a9f-999b-895f56a5182a,high,0.246,lost,email,6143.18,2026-07-18T11:37:51.175565+00:00,
5b77cb4e-9a7b-4853-9b8f-9cc077e22d51,921f0535-c0f9-4a0d-a410-99da1f9e46b2,efc46e10-feb8-4e3d-ae6c-ead7b4ce2832,medium,0.451,lost,sms,6550.73,2026-07-27T04:10:51.175565+00:00,
b81cd6be-331f-40de-9c8f-8eb1d59cc6dd,6d5999e8-6788-4913-a8a9-9e023a1be305,02e26471-0ed8-445b-8850-13148be13018,low,0.685,recovered,email,499.0,2026-06-26T14:49:51.175565+00:00,2026-06-26T23:49:51.175565+00:00
4f096a73-de3e-4086-923c-c59a8d898b5e,f5c407a4-eaa7-46f9-8f16-47b0730e2a16,07e2e727-9b5e-43fd-a2e5-cc4ca473371d,medium,0.35,lost,voice_call,4932.35,2026-07-28T01:24:51.175565+00:00,
2c01cfa2-9ef5-460c-a632-c36bbc55586d,1efc17e2-ab12-420c-b4f3-59aeb3d10829,771ff8f5-d7fe-4ba1-bda0-113346872476,low,0.731,lost,whatsapp,1369.01,2026-07-15T22:45:51.175565+00:00,
cc4d4fa3-5a08-4085-a85d-6ee30753d7cc,324c0c6b-8ae5-439f-8767-ed1d080cb62b,741a649e-fe06-443d-a122-e378647f50cf,low,0.693,recovered,email,499.0,2026-08-09T23:14:51.175565+00:00,2026-08-11T14:14:51.175565+00:00
c20a3c17-b3fe-4500-b193-d88ca3c8ebd1,11b2ed6b-f4a0-4bd4-9651-1999fe0b1c84,1604f845-7fde-4445-9942-fc827772e19a,low,0.745,recovered,whatsapp,6255.81,2026-08-19T02:42:51.175565+00:00,2026-08-21T03:42:51.175565+00:00
f4171e62-d16b-4eaf-a273-a64fa3c84e96,35ccd5b1-3ef8-48d1-8985-06948bdb6c38,9b417ec1-4ed9-4cb8-accb-5d8327488d77,low,0.77,recovered,email,1148.59,2026-07-25T13:58:51.175565+00:00,2026-07-26T23:58:51.175565+00:00
1910268a-6018-4a70-a084-9e1e5a3655fb,96700535-2d11-4093-b91d-ce5287a1cdf1,45146174-51c4-4d2b-a15a-c8fdd2ecba8b,high,0.265,recovered,voice_call,3061.09,2026-06-16T07:53:51.175565+00:00,2026-06-16T13:53:51.175565+00:00
15c86dfa-df4c-4472-a66e-ecbe9f52878b,bddf49e1-5801-4b59-b3d8-ce45906beb6a,a75a39d8-ae29-41e3-8fdb-ea4c3371252e,high,0.189,recovered,whatsapp,1281.22,2026-06-12T20:18:51.175565+00:00,2026-06-14T14:18:51.175565+00:00
c708f942-83a4-4f2a-b681-7432c5a274bc,78d86a23-f9be-4be3-8eb3-948a7deff6d1,10b80f67-aad6-4576-926a-b95588387e89,low,0.881,recovered,whatsapp,1429.26,2026-05-27T20:20:51.175565+00:00,2026-05-29T19:20:51.175565+00:00
27c34343-d853-4ebe-80ff-a00d56f8a43d,dcf30443-bcf3-46b0-829a-735dcabb9335,ab1e658e-3937-4e74-992a-0baf983ad8ff,high,0.247,lost,whatsapp,9716.28,2026-06-03T01:28:51.175565+00:00,
371dd0aa-8fed-43e5-a88d-6091fb825063,bc3dd3e9-d524-4cca-97ef-08a5d99e0fa4,995b65d6-0fca-4e41-ace5-10609ad4f3a9,low,0.74,lost,email,2728.78,2026-08-03T02:11:51.175565+00:00,
e815d626-14a2-4348-b170-3b9b0437bcc6,6fccc99b-072e-4f42-bdd5-dc1d04e0e42f,39706529-0bb3-41c2-9d8f-ae4d477aa49c,medium,0.58,lost,voice_call,1316.2,2026-06-29T05:58:51.175565+00:00,
1529c0e7-7ae1-40eb-9f4a-b397ff6b5b3e,57b27110-1229-43ca-976e-de9c3da0c76c,99809769-f2ab-4079-b7f6-e075e9dc21bd,low,0.839,recovered,whatsapp,2582.58,2026-06-16T00:44:51.175565+00:00,2026-06-17T08:44:51.175565+00:00
fa3a756e-cc77-4ac9-a6c2-3161c2589350,1aa05d0c-17c1-4da0-b684-f55fef5ebd1b,48014c46-1fe0-46e8-b62d-fb0e75c0ed9a,low,0.857,recovered,whatsapp,1230.14,2026-07-11T21:02:51.175565+00:00,2026-07-12T09:02:51.175565+00:00
f2065089-58cb-45e8-9dd2-bf9de0afff3b,4cce222b-617a-40c3-8229-9f7f56459fe6,6066c58d-4e0f-4b86-ae42-3c14ab5a2520,low,0.914,recovered,email,600.67,2026-06-07T14:12:51.175565+00:00,2026-06-10T11:12:51.175565+00:00
4a64c84e-8435-4113-b9b4-83c1d50ea42b,bb137388-9748-4ee3-9b96-3a25833561d4,9a6906fc-7fc1-44bf-8911-b172a7d90055,medium,0.483,lost,sms,1523.32,2026-08-09T12:45:51.175565+00:00,
221d54cb-01c8-40b5-947e-09b26870b3c5,71ea5f05-f382-4b15-a0a4-c39a00d24062,64f4dbfa-702a-4c46-8be8-7301348e642d,low,0.827,recovered,whatsapp,3376.78,2026-07-06T20:19:51.175565+00:00,2026-07-07T15:19:51.175565+00:00
49526d36-a763-4ecf-b713-df52cd2ae9ec,7ec00d71-bf58-4650-8838-58dc38575a7f,457327ed-45a7-44c7-b27b-6f0db8ed778b,medium,0.615,lost,whatsapp,864.41,2026-07-12T16:12:51.175565+00:00,
d4c5d9d9-ac78-4827-a463-6e3bf511916f,dea497d5-73e6-464a-8a0f-21ba5f24c6ea,2bdb64b9-3dad-47d8-ab46-f89d3cadf3c9,medium,0.379,recovered,email,9502.7,2026-08-16T11:35:51.175565+00:00,2026-08-18T00:35:51.175565+00:00
fd4c282c-9fb3-4a22-8405-58c63e0ca0f9,9d6ce540-2b0e-4a86-bbfb-d3d049d4132c,8634a844-5149-40a3-b591-2ecf225a1838,medium,0.526,lost,email,561.04,2026-07-30T22:44:51.175565+00:00,
0fc08071-e8f9-44a3-b411-a04c78bda02b,c279ee34-4f77-48af-a414-709c8fbc4baa,21150a74-179a-4212-852c-7eba69bab899,high,0.308,recovered,email,6830.7,2026-07-14T00:05:51.175565+00:00,2026-07-15T00:05:51.175565+00:00
e69d8e14-0cb4-48f0-accf-dc83a2746c09,df6faa66-98d7-4170-93b5-ba6da5c864f6,52904b79-dfed-4cc5-9b79-02ecd13b4697,medium,0.622,recovered,whatsapp,2648.81,2026-07-26T08:18:51.175565+00:00,2026-07-28T20:18:51.175565+00:00
6ceaa7f3-0bbc-4ce1-be4c-5c53e6e8af92,e6c363ed-77da-47ef-ab1c-53eb7b8453db,a61de2f3-3c15-40d1-82f2-90a9e1b66e35,medium,0.635,lost,whatsapp,9317.0,2026-06-22T09:40:51.175565+00:00,
d088d9f9-0791-4672-ae0d-21d809ebdce1,ad858acf-3eef-42d1-b58b-7535bfbf7b7b,f46292f3-60d4-4afb-b3ab-363f18869eaa,medium,0.569,recovered,email,1898.8,2026-06-03T12:57:51.175565+00:00,2026-06-06T12:57:51.175565+00:00
f50d9382-2b4e-44de-9d61-1c5963a63602,ab8a396a-4a63-4f4e-ab7a-bdb89fe69a9c,7b3bed02-6271-47d8-b303-eafeee8e466d,low,0.915,recovered,sms,7128.71,2026-07-24T09:22:51.175565+00:00,2026-07-25T04:22:51.175565+00:00
55730391-a533-4754-9162-a526115d3cd1,4a953eac-9c65-4aa7-b3d3-3a3041e04d1d,7a107b2d-702e-494c-905c-8bdc858c1302,low,0.763,recovered,voice_call,6847.4,2026-06-06T12:19:51.175565+00:00,2026-06-07T21:19:51.175565+00:00
ddd61f61-d6ed-403c-aaae-984f4fa7fbb1,e077dd4c-2281-4fc3-8fea-3112142a4ba2,f1ccfa40-931e-4331-8f30-7fc43d4db61b,medium,0.555,lost,sms,2664.88,2026-06-17T01:49:51.175565+00:00,
4cf2695b-e7fc-4ad7-ac8d-aa39d9b514f4,44bbc075-e79d-4cd1-abe0-c82edbd8041b,51c64b29-3291-4a12-8cd7-4ffd969304dc,medium,0.445,lost,email,3592.91,2026-06-16T17:58:51.175565+00:00,
e890b54c-9cfd-483e-8286-aad5a2ab628d,cd2c1bd3-b5bf-4406-972f-bee2aec3fbf1,593ecfe4-1a2e-44f1-a7ab-4613520cfd4e,medium,0.549,lost,voice_call,12112.56,2026-07-11T19:44:51.175565+00:00,
6d57a1c9-6bf0-4375-b52f-5f7883a0562f,420eee25-09b8-4f9e-bf55-fa5b5ce73f4a,1d97fbbb-9e78-418f-bc7b-01059f06b872,low,0.696,recovered,whatsapp,4958.59,2026-05-26T14:17:51.175565+00:00,2026-05-27T05:17:51.175565+00:00
4fe394b0-e74a-4d49-ad63-c8dd024193bb,9f714ff4-2251-4cec-8792-df451b766665,56cf80a6-3fcb-494c-a7a0-b9a80b2dbc15,medium,0.444,lost,email,2157.58,2026-08-14T03:06:51.175565+00:00,
7bbf16d9-f95e-4634-b99a-0b2635886b9d,21de6eed-c293-4556-b98f-d4ec6668143a,d82b796f-fd5d-4437-8a96-ee15e845c274,low,0.789,lost,whatsapp,3039.46,2026-08-09T07:15:51.175565+00:00,
e72dada0-bef0-48cd-8b7d-0dbc6d933de1,9927257f-8d60-46c0-9e36-4f6d27dbcb37,77e0868c-66af-4d5f-ab14-769158538573,low,0.692,recovered,sms,1626.04,2026-06-02T18:19:51.175565+00:00,2026-06-04T01:19:51.175565+00:00
f58052ea-71f2-4801-b593-a8274792d8ed,09c29980-e88f-44e9-a98e-fcaede740dd9,d837968c-37b5-4057-83ff-229df998a7d0,medium,0.528,link_opened,whatsapp,5259.91,2026-08-22T12:33:51.175565+00:00,
93ea5e99-c99a-4a24-af26-79dbb4dc91ff,3cd2dc28-3272-4965-aa2e-5a1415b283d9,81fc6096-8e50-4b74-9d20-a4a247702209,medium,0.527,recovered,whatsapp,1653.97,2026-07-20T12:04:51.175565+00:00,2026-07-21T22:04:51.175565+00:00
172ab603-cebd-4847-8d40-5f06fd170161,11d0ad14-6439-4cb8-b8b7-cf96ef50461c,398608b4-a647-4bf6-9417-5c29d4ded83f,low,0.899,recovered,email,1443.95,2026-06-07T06:17:51.175565+00:00,2026-06-09T06:17:51.175565+00:00
8a51dbd3-7084-4fcc-aef2-8febe58656f4,7d4ff2ed-5c04-4fb0-acbe-0ab4bd93e997,7ea1b802-f172-4913-b321-db5e4c193e23,low,0.787,lost,whatsapp,963.13,2026-08-17T20:49:51.175565+00:00,
c15d8249-c490-44ff-9db8-360ed712a0a4,a0acd2e3-4dfc-4031-9e18-962ee6708adc,f15fb2da-7345-4df3-a3da-175ffc75c3f1,high,0.183,lost,email,20296.69,2026-06-21T20:28:51.175565+00:00,
d09df135-53a6-497c-bcf4-ebb3958d093c,6e4eba7f-e0b7-45ba-984d-efc891f20b6f,2a54a709-6865-4c8f-8eba-1b17c5f5ef14,low,0.682,recovered,whatsapp,4781.11,2026-06-03T20:37:51.175565+00:00,2026-06-06T05:37:51.175565+00:00
fb4a9e76-40d2-43aa-885a-19be0034999b,9157298d-5b25-4608-8253-fd7d7c3a8c9c,903179cd-9958-43c2-acb2-9d6a695eb172,low,0.848,recovered,whatsapp,4492.52,2026-06-07T07:59:51.175565+00:00,2026-06-09T23:59:51.175565+00:00
796c789e-a8cd-44c9-89b8-f67940fe9091,ac43d59f-a518-459f-80be-073635ac5aa3,7d786c40-34e8-4235-99f4-ae088e643e9b,low,0.698,recovered,whatsapp,575.49,2026-06-06T23:41:51.175565+00:00,2026-06-08T16:41:51.175565+00:00
2979b258-1d9e-494e-9656-7b2caab692b6,4ffb6dc7-53f2-402d-8dd4-4ee243d3b2d2,e4ad7142-b4b2-4bba-ba0d-b7a6fe9f2a03,low,0.858,recovered,whatsapp,1518.56,2026-06-29T09:34:51.175565+00:00,2026-06-29T18:34:51.175565+00:00
ab4f7d08-1957-4c3c-bf12-381149793fa0,01e48ae4-8ddd-4e48-b762-2c0491ec8e38,ba6d25e1-9e67-41ca-a9ef-740fe22a6ea3,medium,0.482,lost,sms,4672.47,2026-07-30T21:57:51.175565+00:00,
ae073bf8-3365-43a5-9a57-4e7da2c9d387,33be6739-faee-4393-a306-2c6b17b5fefb,d611654f-1a53-4d46-9c1a-33b816c06646,low,0.661,lost,whatsapp,11219.84,2026-07-11T04:11:51.175565+00:00,
d905aa0a-981b-4181-bb6f-72d4c9a81783,7b0c2e52-6e29-47c5-af77-eb7d6244a79a,a4b12f93-3689-48bc-a213-ae692bbfee0b,low,0.892,lost,email,920.36,2026-08-07T04:23:51.175565+00:00,
6af17d10-165c-4b95-8e51-082a46bc0b32,be89568a-7de4-4341-b096-70a3ce384698,7cbf0bdc-9dc4-4c16-b0f6-078150ea8146,low,0.789,lost,whatsapp,499.0,2026-05-30T13:59:51.175565+00:00,
339abe94-794e-44ee-9215-796bf7d9448c,9465f1c8-80b7-4fef-8eb1-d9f04ee73c02,7552b16b-410a-4178-a887-ccbf5c9cc74b,low,0.851,recovered,whatsapp,499.0,2026-06-29T09:02:51.175565+00:00,2026-06-29T21:02:51.175565+00:00
846a81aa-78ad-4356-a382-80db16b348dd,26daf1a3-04e3-47c6-ac82-c9a65813386f,f81d268b-395d-467a-ad18-4133e72ca298,low,0.719,lost,whatsapp,3209.67,2026-07-25T15:46:51.175565+00:00,
6c914f50-075a-423f-a5c9-feaf2f3e1ee6,e4f35a90-c37d-4303-882f-b6bf7e84c035,9451be39-82bf-4dd6-98c6-2dbae489d81f,low,0.928,recovered,whatsapp,499.0,2026-07-28T21:32:51.175565+00:00,2026-07-31T03:32:51.175565+00:00
ed38f502-b827-4682-9cb8-f1f7b6781264,151f5780-d8d6-4991-af67-4a40b2441c98,f694fa7e-9689-481f-9b85-232110225d85,medium,0.383,lost,whatsapp,12017.67,2026-06-01T21:20:51.175565+00:00,
d8f7a3dc-20a3-4bf9-93cf-71255b3f925b,39b1fa25-5b3f-4b77-9262-10f1e8e3c88b,c04ab20e-b4c0-465a-a1aa-332a815ae049,medium,0.465,recovered,email,3294.5,2026-06-25T10:12:51.175565+00:00,2026-06-27T10:12:51.175565+00:00
714a81d4-55c5-4447-9946-52e5c76591d0,40495596-942c-46b0-977f-5fefbdcde838,84c4104d-6694-4d4f-b0c3-ff335d7be203,medium,0.458,recovered,email,1732.47,2026-06-20T21:03:51.175565+00:00,2026-06-21T01:03:51.175565+00:00
df014973-5463-4127-bdad-8d1d3c3e0139,1a489dfb-9c0f-4820-a2f3-69d1c3dcb857,6f58bd6d-0c8c-4d78-bb29-b0243305635d,low,0.856,recovered,whatsapp,1674.56,2026-07-21T00:12:51.175565+00:00,2026-07-23T05:12:51.175565+00:00
abc35957-0be1-439a-b8de-75445c39b918,f1a28376-362b-446b-9525-7f67c6c84f5f,fd3f6f6a-0c03-4466-8573-4e19c1a88d61,medium,0.554,recovered,whatsapp,5007.97,2026-05-31T11:26:51.175565+00:00,2026-06-02T21:26:51.175565+00:00
494e70b0-e016-4fa8-947a-7fda10161960,1e681352-cd22-4645-b87a-af01339b66f6,51e7342f-5ba0-4b79-9ffb-da760f310274,medium,0.352,recovered,whatsapp,4003.57,2026-07-21T17:29:51.175565+00:00,2026-07-22T21:29:51.175565+00:00
8e0c4e67-7cb5-4b37-bab4-b45a81ce51d2,f3658cd3-a6ca-418c-a018-97702bd7896e,b83acf42-5949-41c9-a220-7ad8be99afbe,low,0.822,recovered,email,499.0,2026-08-19T12:56:51.175565+00:00,2026-08-22T11:56:51.175565+00:00
3cc56cd3-0fde-414c-9db9-195a9ee1fb27,c5be75e7-1bca-4b81-a948-7031a3103eaf,e659cebb-dc90-4ff7-a720-47dc01cdb491,low,0.856,lost,sms,8639.88,2026-07-02T09:15:51.175565+00:00,
eac4bcbe-6a21-4987-a247-254879cb2877,102e88d8-5f85-4228-8af8-029cb31228c5,8b06ede4-1ace-4516-a683-da3d68d9e907,medium,0.495,contacted,sms,1321.64,2026-08-22T17:33:51.175565+00:00,
bfc6c50d-fc22-4652-b6a0-54af776ff8e5,21e8d89d-a7f3-43c4-a917-3d984a1d965b,65d9834f-91f2-424c-8387-659cc40e7816,low,0.742,recovered,whatsapp,3195.98,2026-06-30T03:01:51.175565+00:00,2026-07-02T04:01:51.175565+00:00
34e37a2c-e73e-469e-a4b2-3f71b4572bc5,7710573f-68c0-4e38-8305-1de21968ce96,6ec45fa0-74d5-4c74-a57e-a76a1cf3a1f1,medium,0.412,lost,email,6304.44,2026-07-14T21:56:51.175565+00:00,
51577422-a5fc-4f1e-8819-a571f6ad7362,5e5530df-78e7-4840-8ed9-215635ed3ecd,eeab1f95-b4de-4a77-b222-3dc1e6e34721,medium,0.598,lost,email,4410.47,2026-05-28T10:33:51.175565+00:00,
43246cc0-06be-445c-86ab-5e1abe63c609,6d66ec2a-9732-4eda-a6a4-dd67add1fef3,4d94c355-5dc8-47ee-beb4-99c029a48c4c,low,0.724,lost,whatsapp,625.41,2026-07-22T04:58:51.175565+00:00,
a6e1f46c-e1e5-4547-b32c-bb921e3f11b7,cd6835d0-bae1-421e-a2b6-cd7cf75d6221,fc482971-f928-49a2-ae1e-1168fb495b1a,low,0.77,recovered,sms,2106.66,2026-08-18T09:53:51.175565+00:00,2026-08-19T19:53:51.175565+00:00
abeac427-e6ce-4c72-8a8c-f335973772ba,a6a4a548-c887-4da8-90be-f1cf9db49eb4,c1566f2c-01b2-4a25-a95f-d08bfbccfd21,medium,0.606,lost,sms,3158.61,2026-06-20T01:32:51.175565+00:00,
fa09d5e9-8e57-4f2f-a5de-3fde1b8f72cf,57a88d7a-d0f5-4382-8825-98c36bd50d7b,b992b5ae-8da5-41c7-8fb3-044308150892,low,0.752,lost,sms,4702.34,2026-07-17T13:14:51.175565+00:00,
f1a98a83-aa0a-491b-88ab-d78848e2f89e,5473724c-0c74-4d4f-9b6b-ee40d91ae222,9e46f2d7-58cb-44ec-ad90-3551ced1de0a,medium,0.525,recovered,whatsapp,1474.02,2026-06-23T08:30:51.175565+00:00,2026-06-26T04:30:51.175565+00:00
396f40f8-14c1-4bdd-91ab-4eb1164891ed,e8791a95-6c1e-4c07-ba8f-44a1fc4f9c96,d86783bc-43e7-4dc3-8036-351a9ce83849,medium,0.597,recovered,sms,1222.35,2026-08-09T23:02:51.175565+00:00,2026-08-11T14:02:51.175565+00:00
b8ad5033-db2a-4f1c-9d1e-bc764d30abcd,7e6b170a-757e-4eb9-9eb6-1a52fd92c17c,26ddeb0f-57ff-4827-84b9-731da317f035,low,0.912,recovered,email,1005.45,2026-07-29T23:46:51.175565+00:00,2026-07-30T04:46:51.175565+00:00
998996e8-b1a0-4a33-bff4-465cdaec3670,99b2a61c-536c-4b59-8d5c-e8bedb152795,7028612a-6dc4-4f9a-826d-1ba7c5c94d44,medium,0.606,lost,email,499.0,2026-07-24T18:54:51.175565+00:00,
201c7b75-edce-4e7b-9981-9596905a5ef5,efbff522-9823-48c7-9d4c-dbc3e1513756,3f479459-b052-4a59-a984-ece1a4af41b8,low,0.744,recovered,whatsapp,499.0,2026-07-14T07:10:51.175565+00:00,2026-07-16T10:10:51.175565+00:00
44b940b3-eee0-4c9f-81f4-0d3c92b99c0a,33d73d05-f259-4590-ad59-f7f55ad7b988,d154893f-675f-4cb3-947f-d609a364bf65,medium,0.6,recovered,email,5711.43,2026-07-20T03:18:51.175565+00:00,2026-07-21T02:18:51.175565+00:00
3d76bb24-fabf-4107-806f-cf5912315e91,d15aa259-f15d-4f33-94a4-d64e570e51fb,3afd0752-d646-4091-a180-f9e729692be1,medium,0.516,recovered,email,4066.78,2026-06-23T16:00:51.175565+00:00,2026-06-26T09:00:51.175565+00:00
d3d280ae-6bf4-4a2b-a160-99c650aee493,023813d2-e64c-4e57-a4aa-8cdbd0d4448e,6f3dac40-25d8-42c6-9c84-23c8ae8ddafe,high,0.302,lost,whatsapp,5620.2,2026-08-11T10:29:51.175565+00:00,
45e0f4b0-1f6f-49c6-b5a7-06dc36719485,b70f0380-d4fa-44c4-8cac-83bec63472f9,e610bf5a-2bbc-4477-8631-3c35ee135cba,low,0.736,recovered,whatsapp,3856.53,2026-07-14T11:14:51.175565+00:00,2026-07-15T08:14:51.175565+00:00
09e3e285-b89d-4be0-b57d-744c4f0cccda,a5eca3e9-eb8a-4c54-91c9-5267a4e9d546,76d1f554-e9e5-4f8a-9058-5dade8c2a0cc,low,0.771,recovered,email,3163.2,2026-06-21T22:06:51.175565+00:00,2026-06-22T22:06:51.175565+00:00
50a2ef6c-8895-472c-a4f2-c2d0297bd5df,b17996a0-9674-4d7d-8ed2-357ea6906549,b9193436-2f75-409b-8459-fe2af58740cc,high,0.343,lost,whatsapp,1603.28,2026-08-11T13:40:51.175565+00:00,
77891125-0d2c-4c38-920d-095662bd218b,1494233c-a5b5-44d9-84e8-5599ef685005,aea8562a-8f03-4fd1-b419-669d3c4c653d,low,0.663,lost,email,2317.28,2026-08-17T23:25:51.175565+00:00,
841e7c4e-98c0-46e2-b2c7-a2bb01cf3b97,4715a654-9c4c-4e00-b145-ac77bc724fdc,91e24efc-7528-47ef-9033-c2eb9601bdef,low,0.722,recovered,email,2460.8,2026-07-01T13:24:51.175565+00:00,2026-07-02T14:24:51.175565+00:00
07386165-64e5-4d9e-a220-d35fe0ea76b7,1c4fd8ba-f0c5-4792-8919-59ce3d65fa9b,f9a269a3-09bf-4b90-80bf-a48e1edf2f42,low,0.744,recovered,whatsapp,2677.86,2026-08-13T20:43:51.175565+00:00,2026-08-15T07:43:51.175565+00:00
f558c117-348c-489e-bf47-29e915171c49,e66683d1-bbcc-468c-8c5a-28b0a2d1d11d,217b3792-df00-4617-8b63-6ba01cf40aee,medium,0.607,lost,whatsapp,1139.94,2026-08-18T20:19:51.175565+00:00,
f10acdcd-a33a-4c76-a239-891a1b226f3a,54ed1847-6f2e-4c08-8a5d-bd02c1b3ce3c,bd765422-893d-4446-bcf4-8530bea65eec,high,0.323,lost,whatsapp,2152.37,2026-07-05T04:12:51.175565+00:00,
e99604da-18d4-42e0-a960-c5b5d984a1e4,2da84114-ad2b-4aea-b926-96ca3fe92dab,d55d5ca6-4c13-43b8-a937-a8ecd8822bb4,high,0.307,lost,whatsapp,1561.51,2026-07-23T17:48:51.175565+00:00,
46b10d4e-9d0a-4e9c-841a-70463d6d12fe,fde32b49-262d-48f1-9330-796dbf1e3f53,4c560619-5ff8-4bd0-a79f-e23620fb6e36,high,0.16,recovered,voice_call,27137.03,2026-08-10T20:11:51.175565+00:00,2026-08-11T10:11:51.175565+00:00
13c721dd-b72c-43d5-9b85-bba6da00444a,773f2a17-bca5-4dce-9bad-6fc371e68955,24532f99-2f97-44cc-8f27-4e6c3a3d5965,medium,0.559,lost,email,7610.83,2026-06-07T12:14:51.175565+00:00,
b0ea6fba-449e-4700-8ce1-f548035e7e35,54ddf4db-9716-4e1a-b7e9-7103f206edc2,734971d8-0574-4bb9-adcc-29d49699a368,medium,0.631,recovered,email,1240.54,2026-07-05T06:53:51.175565+00:00,2026-07-06T12:53:51.175565+00:00
559b4a49-1ca5-4d5b-a32d-bdec5dd6b285,f55a7557-663c-40b2-8e47-71de8791120e,c2644a22-d24d-415f-948e-a9b8bce599ad,low,0.727,recovered,whatsapp,5540.36,2026-07-02T12:01:51.175565+00:00,2026-07-05T02:01:51.175565+00:00
c5d635ba-a2b8-4d53-b718-81533be32163,cbb9bf87-377c-49a8-8e2a-dd03828ecbf4,36a9ab42-8b23-47f4-8fc3-f1d657903c73,medium,0.507,recovered,whatsapp,2494.71,2026-06-10T16:49:51.175565+00:00,2026-06-12T22:49:51.175565+00:00
3958ac26-3186-42c7-be87-eadbcca19cdd,3a39d07a-1cc8-475c-915c-7cc17755a72d,935b047f-6000-4f4c-a61c-281fed76a6f4,low,0.817,recovered,email,499.0,2026-05-30T05:41:51.175565+00:00,2026-05-31T09:41:51.175565+00:00
4dfa4718-f116-422c-a1a8-7e7f8e16e0d6,5b27243b-0e53-43a9-9779-0d405144b190,470f022e-cb9f-463d-9900-b288a97b66bd,low,0.798,recovered,email,3162.03,2026-07-07T08:30:51.175565+00:00,2026-07-09T05:30:51.175565+00:00
244c3bd8-9d91-4316-b37f-d67c3e46f6a4,610b5657-e5ee-4b5d-b665-1f35b6c2764e,99806106-aefe-4ead-bac1-31549f1354d0,medium,0.624,recovered,email,6766.78,2026-07-04T01:28:51.175565+00:00,2026-07-06T08:28:51.175565+00:00
e2303630-abde-42ac-a4c5-c3947e93cd78,6e286837-88b3-4c56-94f1-bd609e732984,08947eae-8a41-492f-a7b1-1d8071e51efd,medium,0.589,recovered,whatsapp,918.0,2026-06-01T07:42:51.175565+00:00,2026-06-02T09:42:51.175565+00:00
8d6f79f2-e4b3-40ce-a607-3b72af3b7f98,d082fcd5-bcf5-4e7b-bb17-0a2b03166a53,4efc727a-d0d9-4873-b3ab-49a0856ba04b,low,0.872,recovered,email,1602.67,2026-06-09T18:37:51.175565+00:00,2026-06-10T02:37:51.175565+00:00
c426e2f5-5ff1-4997-99e4-4ad2b1b427d5,20005508-1a6f-43c8-b3f8-c396a74c97fc,0e5868d8-94a9-4427-9f59-8500ae2b6edc,medium,0.435,recovered,sms,839.07,2026-08-04T06:52:51.175565+00:00,2026-08-06T21:52:51.175565+00:00
f2833b80-624f-4331-aaad-19bd0d1ba611,e07fa019-be2e-452e-bf00-8ed4a34b75d9,ab37b858-d53b-414e-8253-4ab216b55ea7,medium,0.648,lost,sms,3640.32,2026-07-19T00:01:51.175565+00:00,
ae5bd1fe-9c7c-428f-9852-59cb02f6b648,cfbad6cd-6e5d-4562-a1d9-18fd8806c85f,267aa6c6-6b70-4566-a600-1548682ef039,low,0.688,recovered,whatsapp,2634.74,2026-07-08T11:40:51.175565+00:00,2026-07-08T16:40:51.175565+00:00
820dda2c-6fb4-48d0-a165-f537c3d3a926,039dbd07-4178-407c-9b66-8e03633efc04,9869c73c-403f-4afc-af97-efe40fab6703,low,0.852,recovered,whatsapp,3165.64,2026-05-26T21:48:51.175565+00:00,2026-05-27T23:48:51.175565+00:00
c71dafba-fed8-4ee7-8f7d-1de629a84a11,cdb98903-5aff-4bf6-8e52-50a5a7789a7c,cc8674af-86aa-4183-bf58-f0488c88fe07,low,0.858,lost,email,499.0,2026-08-19T18:57:51.175565+00:00,
4460945f-17cf-4cbf-a5a8-3d778da51212,4bf7bcb9-1dbb-4abc-8de2-7238348b7844,46a8b6c2-2b7d-4064-aa53-e007649d3a50,medium,0.616,recovered,whatsapp,2618.69,2026-06-06T07:45:51.175565+00:00,2026-06-07T16:45:51.175565+00:00
16ccb42d-1e03-4f78-9792-930e814c7d95,41f4e86d-ea1f-41a1-add1-c7e7b7dd2ff4,4901e80c-759c-4964-8d5f-c6b0a6bfce7c,low,0.752,recovered,email,6235.52,2026-06-05T00:50:51.175565+00:00,2026-06-05T23:50:51.175565+00:00
9c6cf546-f977-41b6-a41f-1c292361209e,03a6d1a2-6b3e-40f3-9b9f-4a5ebd0b6477,43f5458c-2031-4242-8bf0-11143a815219,low,0.654,lost,sms,574.25,2026-05-28T02:13:51.175565+00:00,
d3241137-adcc-4068-bf0b-7ce0ec122552,bcee7564-d21f-4f88-884d-6f05ac89f6f5,cb088e3b-3c3e-43df-871c-fc7919818ad7,medium,0.468,recovered,voice_call,16359.53,2026-07-07T07:00:51.175565+00:00,2026-07-09T16:00:51.175565+00:00
3042faa2-f56e-4d99-a661-e708bd9e45a3,a7a96cb9-ef08-44b6-82d9-559eff5c35a4,aca9e622-af16-4fc9-aa09-69284e57ba9a,medium,0.569,recovered,whatsapp,7034.26,2026-07-07T02:05:51.175565+00:00,2026-07-10T00:05:51.175565+00:00
47bf06db-dad8-4200-a91d-1956f184a1b9,6f52e345-33c1-4de6-8992-b93f032bdc39,0689f4cb-f112-4b67-a94b-c410a6001a65,medium,0.562,recovered,email,6509.59,2026-07-31T12:19:51.175565+00:00,2026-08-01T22:19:51.175565+00:00
9b4be777-4cab-4b54-b728-51d1858dce4f,eebb2d26-c5ca-4cbb-b758-45e60aba4835,91306394-9865-42f1-bc8c-f019fcb2feaf,low,0.871,recovered,email,973.71,2026-08-15T07:49:51.175565+00:00,2026-08-17T23:49:51.175565+00:00
0be9100d-2b58-4833-904c-f791319bb8b4,0de43d1d-a66b-4ce3-99f6-dca0419486b3,373db7e3-780b-4558-b8f4-7e421485a3a9,medium,0.397,recovered,email,2280.27,2026-08-01T22:49:51.175565+00:00,2026-08-04T10:49:51.175565+00:00
eca4adf4-a6c4-4a0c-8eb2-fa9b1210c195,cbecce42-4b08-4112-842c-c9c8a5e1ed93,efa20abb-08fc-4183-a241-cb236ed70c95,medium,0.38,recovered,whatsapp,7066.21,2026-06-11T07:44:51.175565+00:00,2026-06-12T23:44:51.175565+00:00
e1760f2c-f19c-4641-a71c-ab4deafb6f67,4a633a8f-0814-484d-9b8e-86173b40939a,c81ae52c-2878-4fd0-8d02-a224182c2104,high,0.201,lost,whatsapp,3250.26,2026-06-05T05:50:51.175565+00:00,
896f6a2a-9f0b-4bcf-9152-fa521a1cb243,d6dd434a-aa91-4d7c-925a-6ca99b8744df,0a1cc2f4-ef9e-4a2f-8662-8a3d555b1b23,medium,0.585,recovered,whatsapp,687.2,2026-07-09T09:54:51.175565+00:00,2026-07-10T06:54:51.175565+00:00
02d4ef4d-469f-490a-93eb-c98e0dc62acd,eed814bc-dcbc-4405-8eb2-e5907ebbf9b5,8023f113-5963-4b4c-b047-44e7c8c7762f,low,0.817,lost,voice_call,4685.58,2026-06-06T17:51:51.175565+00:00,
7b1e06ec-010a-4246-8e23-626da9d57aa6,ff63e819-4c05-40b2-828e-675f69cb56b9,dd2dac73-3221-4473-a58c-3374b3e1eed4,medium,0.505,recovered,sms,3437.49,2026-05-29T13:52:51.175565+00:00,2026-05-30T03:52:51.175565+00:00
ea8b06e2-6fc1-4873-98fa-4c29aa535ec6,2044a2b1-1770-47ae-9eaf-361909054999,b4c823ed-d4c9-410d-9437-00f1a30e1216,low,0.892,lost,email,725.72,2026-06-05T23:39:51.175565+00:00,
9531d46b-ccce-46ce-8598-473347d76f86,5c896c67-ffc6-4dc8-8516-b020cb08c527,8ae76536-41c1-4044-b0c1-1886804ce0df,medium,0.505,recovered,voice_call,962.27,2026-05-30T13:35:51.175565+00:00,2026-06-01T00:35:51.175565+00:00
d22f308d-3eb8-44b8-a88c-1fe08ea2bb97,aa70c0c8-3bc7-4a82-a9a7-f77e3fdc8a30,e5ca6d64-f1d3-46a1-9a76-4d6b7141d693,low,0.684,recovered,email,4222.12,2026-08-17T02:47:51.175565+00:00,2026-08-19T21:47:51.175565+00:00
dfb5ed5b-2a09-4af7-afd8-0475b29afcb8,16a56533-1e70-43f5-b40d-4b0bbe7cf17f,5d189858-955d-4ff6-bcc1-03acdf1af8df,medium,0.367,lost,voice_call,17385.09,2026-06-22T01:53:51.175565+00:00,
b4a1ce05-fa38-47d9-9da7-4e27ea097d91,370685a7-a0af-4201-a63d-f73b6d592c21,33a669a8-56bc-4def-a5cd-04f167fe22a6,low,0.815,lost,whatsapp,2865.04,2026-08-08T04:01:51.175565+00:00,
0c14a59e-903f-4645-b437-6510acee9342,c00990c0-5fff-4bfe-8144-a38e3d382aa3,4ef00c90-fd18-435a-806e-70cf9deffc0a,low,0.695,recovered,sms,892.14,2026-08-15T18:17:51.175565+00:00,2026-08-16T17:17:51.175565+00:00
e17ff870-a477-4996-ad41-b7de6d85056e,6c114231-46d7-4236-bcf0-6a8d237ea756,9eafbad4-69b4-47c3-943a-75d547527ab8,low,0.805,recovered,sms,1036.54,2026-07-14T20:31:51.175565+00:00,2026-07-15T05:31:51.175565+00:00
9e0069d0-1cf5-4b96-97e0-bdfda6fcae31,63d58213-2869-432f-ab77-1cc1331508e5,92754b66-1203-4e64-aa40-b238f7b243b2,medium,0.436,recovered,whatsapp,12294.9,2026-08-07T14:56:51.175565+00:00,2026-08-08T22:56:51.175565+00:00
0c9bcae7-bd4b-4d95-997e-d5b92d88196a,21a6245d-74b6-48d5-9125-2fcbce4316a1,d0191708-f727-4039-9a19-3d0edbc99b8a,medium,0.463,lost,email,1619.35,2026-07-07T20:44:51.175565+00:00,
2ef6ef0a-a6d8-4b1f-b414-fee3a33d3c3d,f9a4a3ad-f87f-4dfd-ad2e-90e111a36c76,91c35fd5-d3ba-41b4-84e8-a4ae9da6eafc,medium,0.58,lost,sms,1681.73,2026-06-11T10:50:51.175565+00:00,
23fd5a1e-0dc3-412d-9a3c-1e6b5c473d5c,379a5c82-bbaa-4ad7-844b-bc5ba2d8dcfd,1e9c2994-9a8b-41d4-a7e5-4182f35b18ff,medium,0.55,lost,email,4186.38,2026-07-12T14:38:51.175565+00:00,
da9bd870-fabd-4655-9c94-08b0eb47b14e,2fa3618f-8221-449f-a5cd-e1aee3cf95bf,334bfbe8-c16c-4ae0-9eda-a7937cc7bcfc,medium,0.422,lost,whatsapp,2607.83,2026-07-06T15:19:51.175565+00:00,
956a23c8-9b60-4021-b840-a21683c58a3d,327a7336-bc63-4aa9-af5a-56e27aee88d9,85d3de4a-4e1f-43ad-9ad4-a9f75095a5a1,medium,0.527,recovered,whatsapp,9835.22,2026-06-10T16:29:51.175565+00:00,2026-06-12T12:29:51.175565+00:00
8a029073-96ac-440e-a3c6-4f0139900575,1d36b668-ecb8-4be3-8190-4217b5265c08,f98228fb-a9ac-4508-a5b0-70555a0bd82e,high,0.32,lost,whatsapp,2035.63,2026-08-06T10:01:51.175565+00:00,
c811f141-0150-4f0e-803f-f574b5bf17f2,0a3dbf2c-7a5b-4271-928f-8c7be0581678,208cf080-4904-431b-a3f0-d9fe51389fd9,high,0.157,lost,voice_call,14115.34,2026-06-30T09:44:51.175565+00:00,
4324ecbb-3d75-4ca6-9620-fd859fdc8602,49deaaf9-21f4-439f-94d9-968dc7e44eb2,4f9f5e05-f531-4b2a-84c3-cb48ef07b857,low,0.738,recovered,whatsapp,783.06,2026-07-19T06:03:51.175565+00:00,2026-07-22T04:03:51.175565+00:00
3350ce92-5725-44ef-bd5a-a58ea9642b82,a998a575-e20a-4726-86fe-779c1e1bbac2,004cb5a5-5f0f-4adf-becf-dc42a0ab2adf,medium,0.508,lost,email,2788.18,2026-07-18T17:08:51.175565+00:00,
0fc16985-6765-4062-b335-9078a7cde70e,148ae22a-70cf-464a-b607-c3f842513c34,85e4ed2e-5706-4309-b7ab-6d4993621b57,high,0.27,lost,whatsapp,8717.97,2026-07-30T17:17:51.175565+00:00,
50a111f2-826f-4870-b8e4-245c8c226b6e,6e76a748-56ac-44f5-bded-006216d56b68,878cf067-1d69-42d4-af45-e0bee2d6af0f,low,0.882,recovered,email,1536.42,2026-06-04T09:23:51.175565+00:00,2026-06-06T07:23:51.175565+00:00
fc3fd3f4-cbb8-48a7-ae54-dfbd6740e11c,c229fd09-a799-4395-a3e4-a66bd712d867,43164ed8-b4a7-430a-b8d8-b2e0dc728785,low,0.815,recovered,email,1020.9,2026-07-12T13:02:51.175565+00:00,2026-07-14T06:02:51.175565+00:00
3e2c9427-4a8d-42fe-a82a-1af4df6998c3,40747a24-d842-4df5-994a-e0308dfb4bc4,6a271224-b990-45f8-a59e-a255fc970253,low,0.801,recovered,whatsapp,4425.32,2026-05-26T03:51:51.175565+00:00,2026-05-27T22:51:51.175565+00:00
54942553-04cc-4135-9fe7-081935fd890f,0053d337-8473-44e9-ab1f-1090b4459cd3,3f642565-758d-44ef-8835-f514c0c0e969,low,0.862,recovered,email,1640.24,2026-08-12T13:06:51.175565+00:00,2026-08-14T20:06:51.175565+00:00
033d0a23-395d-4552-b9ea-552d79d95b8e,115dd468-1597-4793-b311-9d35fc9c8024,6bf69011-7ffb-4b8c-a267-860f95440131,low,0.733,recovered,whatsapp,1158.06,2026-06-02T08:12:51.175565+00:00,2026-06-04T15:12:51.175565+00:00
93365667-d158-4ad7-825d-c02fdb18598c,e20d0070-adae-4736-938f-1452058fb612,59d84da7-8e53-42a3-aa3b-7f51afd0a383,low,0.86,recovered,whatsapp,3499.6,2026-06-01T20:22:51.175565+00:00,2026-06-02T02:22:51.175565+00:00
6e5b689e-8ab2-4675-accb-9d8c91c21df5,f35f9f0a-fb77-4b7e-80ba-0951a5fd05f6,3103dfe7-2b66-4668-b9a4-9a65807f580c,medium,0.555,recovered,sms,1170.37,2026-08-19T03:12:51.175565+00:00,2026-08-21T01:12:51.175565+00:00
015a9476-4116-44d3-9eb0-4c434be4530a,d8098b70-8aee-4fe6-bb35-9bdbb190f265,39c5392b-e8e6-43f2-81d0-f7cdba3580c6,medium,0.513,recovered,whatsapp,3216.94,2026-07-25T01:31:51.175565+00:00,2026-07-27T04:31:51.175565+00:00
6bbe59c4-5f06-4e5a-8649-fdcfd1679668,5f9aa8e1-8dd4-4692-b86e-4b8b75cce0e7,db9e7d73-5ab4-4dc1-b7d3-5920b14f0d91,low,0.674,recovered,email,1251.94,2026-06-25T23:25:51.175565+00:00,2026-06-28T09:25:51.175565+00:00
60807f72-7647-45bc-90a6-6a3b86983a47,17f8bfd6-86db-4a3d-b04e-d90b498b960e,5e3f06da-5b00-4b2a-b4dd-86621c17ebb3,low,0.863,recovered,whatsapp,1378.33,2026-07-05T21:28:51.175565+00:00,2026-07-08T11:28:51.175565+00:00
8471e699-4950-497d-bd81-1b2527cc2b22,4d585783-7398-4d58-9754-6a1c3495b5bf,74d95bf2-055b-42b9-a0b4-5b3198e9a02a,low,0.938,recovered,email,2624.89,2026-07-04T17:03:51.175565+00:00,2026-07-05T16:03:51.175565+00:00
35954832-a996-499c-81b3-2b17792028ca,fb6469cc-6361-4ef6-9cb1-2ef04b30bdc5,fbbfbe7a-ba8a-403c-b197-33450ad157bc,medium,0.413,recovered,email,2128.71,2026-06-29T04:35:51.175565+00:00,2026-07-01T05:35:51.175565+00:00
652238e3-8097-4cad-adbd-8d137cebc1d3,8cbe2f4c-b7b3-4cd2-9105-cd502f407440,eea66a68-defe-4f03-a23e-adc852fdcdff,medium,0.625,recovered,whatsapp,1903.53,2026-07-28T14:03:51.175565+00:00,2026-07-29T04:03:51.175565+00:00
dc871341-9ca0-4378-bb71-7ef11ff73c45,49bbe274-519e-4f67-b1b8-3c8b370132da,b6cb128d-8351-490c-afdf-9ede56cb007c,medium,0.599,recovered,whatsapp,2769.18,2026-06-05T11:21:51.175565+00:00,2026-06-06T06:21:51.175565+00:00
e8589975-166e-4b23-baed-134038befcdd,312689ec-332d-4d7c-981c-2083aab930d1,9c59f44d-85fb-4e69-b719-78a7f90809ac,medium,0.507,recovered,email,1765.2,2026-06-05T06:45:51.175565+00:00,2026-06-07T12:45:51.175565+00:00
390be209-6f02-491f-b862-09630e213d68,ccd732b5-6379-41e3-8a29-b85bca800892,cab42628-c61a-4289-bb06-e8651ac14959,medium,0.401,recovered,email,5815.95,2026-07-02T05:00:51.175565+00:00,2026-07-03T14:00:51.175565+00:00
84b361c6-9319-450f-9e22-6c89a7ea61dc,68fbbb8a-de35-4054-8bf2-be5ebdacb78c,038c9924-9272-4538-bbff-766636ed34ef,low,0.858,recovered,voice_call,633.51,2026-07-28T16:01:51.175565+00:00,2026-07-30T09:01:51.175565+00:00
da964c5e-8309-4f23-9eca-896a97477505,c810fd1a-ebb1-4dd1-a428-326f0a29e60c,50cfece4-fb77-49cc-8382-4a0a97a65e13,low,0.811,lost,email,1657.87,2026-05-26T06:52:51.175565+00:00,
eeee7475-3ae4-4d71-b854-c0e1100a284c,3331086b-a222-4c6c-b3a5-a2b648c75f70,89ffb71f-8e51-4b72-b74f-77ad2bb233f3,low,0.793,recovered,email,1701.34,2026-08-11T16:33:51.175565+00:00,2026-08-14T01:33:51.175565+00:00
147d0052-23f1-4954-a829-b5e39a441683,a64d4a89-37d2-43db-9bd2-d8a1054d1bf7,9b3bb68c-8d64-4fdd-b20f-7404663a05fc,high,0.214,recovered,whatsapp,2333.42,2026-07-06T15:23:51.175565+00:00,2026-07-08T13:23:51.175565+00:00
c8793911-98a1-4a94-85b3-c122d3216466,49c52072-924a-4267-b4df-11395ab8866a,d9ec3592-daa0-4925-a757-533681fce662,medium,0.489,recovered,voice_call,11072.87,2026-06-28T12:54:51.175565+00:00,2026-06-29T18:54:51.175565+00:00
558ba760-a6ea-441c-b5eb-0919e82d3c24,29e4b316-2baf-4f19-b144-02d1b3231ec9,9284068c-c966-458c-9d6d-cb41c47c7272,low,0.957,recovered,sms,1554.31,2026-08-01T02:06:51.175565+00:00,2026-08-03T15:06:51.175565+00:00
c74967d2-118a-4733-b0b6-2cbe679ec628,0297c709-112f-43dd-9e7a-5ac5085c02a9,a8eeb16d-4f3b-4047-bd23-7b2043b8a090,low,0.673,recovered,whatsapp,1646.89,2026-07-06T17:40:51.175565+00:00,2026-07-09T12:40:51.175565+00:00
db95d092-0eaa-4928-967e-37b52bd48778,372c4715-3b8b-4662-8b87-b884e1a61ce6,45ec1b52-5c6c-4245-b9a6-613aa897b6b3,low,0.865,recovered,whatsapp,3139.28,2026-06-08T11:36:51.175565+00:00,2026-06-10T14:36:51.175565+00:00
7d30d022-0049-41bd-83f8-819a17326391,646cb9dc-7300-4082-9d7b-957ecf99bb99,698cf7b1-7647-4d9b-911b-6294c347a9cd,low,0.877,recovered,email,1348.72,2026-07-19T20:35:51.175565+00:00,2026-07-20T00:35:51.175565+00:00
0ef08b51-9930-4cff-92e3-75aef2b5ab0c,1c6e921e-97d6-49b0-95d1-2e6e17990814,eae2aaa7-428a-4abd-9d7a-aa5736b82f6e,medium,0.542,lost,email,7286.98,2026-07-15T21:40:51.175565+00:00,
a618fb0b-8fdf-457f-bc13-4b0b8830f9d4,e3390787-9f0c-4292-a04a-3a62f766e207,663b12b3-4d81-4f56-aff8-468834fa077f,low,0.849,lost,email,1920.66,2026-06-17T07:59:51.175565+00:00,
9c965234-9ed5-49e4-b21a-3ba91ca0daec,04739f90-4120-4172-a6da-2767736af40c,ea6735d6-5480-4360-a4bd-0395154afdb9,medium,0.557,lost,email,1526.22,2026-06-13T18:23:51.175565+00:00,
8981428c-7a7a-4fbb-9ec1-b037e75d004a,8df6873c-143c-40b8-a700-043821800f7a,cdbd63e7-43a3-4c74-a316-8b9f8e87ca6d,medium,0.587,recovered,email,499.0,2026-06-07T05:40:51.175565+00:00,2026-06-08T01:40:51.175565+00:00
b3614a6f-db68-4da4-95c5-411c498da1c6,bb46803c-171d-4572-a3b4-943f0fd26c48,916a8990-0175-4511-9097-73853ce0bd70,low,0.843,recovered,whatsapp,2177.39,2026-07-16T11:50:51.175565+00:00,2026-07-17T16:50:51.175565+00:00
7764dd4e-a0a9-40ed-863d-a0b7b4636c3d,51ee06c3-2c51-4164-a3ca-e65be47a2ba8,7505e5bf-28f2-465a-9d87-b54acd0c036f,medium,0.394,lost,whatsapp,3125.09,2026-07-03T21:45:51.175565+00:00,
8c4f0837-92cb-494d-8399-dbb3e82a52fc,220f3b77-a610-49f1-b0b2-592c064cd09a,5190edd5-4a3c-4422-8fe5-24a37b19ca51,low,0.794,recovered,voice_call,1062.2,2026-07-23T01:15:51.175565+00:00,2026-07-26T01:15:51.175565+00:00
b72a74c6-138a-4f3b-bc48-1ae99abf76ae,d1efb318-0ddf-4fcf-b7e8-3fa02372c029,47dba397-93e1-4ef4-8956-71b34c316082,low,0.725,recovered,sms,1506.97,2026-06-14T08:34:51.175565+00:00,2026-06-16T02:34:51.175565+00:00
11bdb699-68e5-4e1e-87f9-42bc1c1fb158,477aa457-6064-4a7d-9457-4fc12a9ba071,9b3d385b-cb8e-48a2-827c-54f28a2b1be0,low,0.852,lost,email,1640.82,2026-07-06T19:31:51.175565+00:00,
470e42bb-d8b0-4072-a352-29325f101c85,eecdf93e-5e95-4a2f-b39e-8d2d8c8183cd,d31145a3-0d67-451d-a104-2bc826047b5d,low,0.784,recovered,whatsapp,4474.0,2026-06-11T04:33:51.175565+00:00,2026-06-12T17:33:51.175565+00:00
ef1b0fd1-3c5c-4b0a-8d70-46bf98719baa,a04fa48c-858c-4973-9acc-04a4641d315c,33b8c8f8-d1d6-4317-8d27-cfd7707b03f8,low,0.709,recovered,sms,1177.72,2026-06-06T11:27:51.175565+00:00,2026-06-08T02:27:51.175565+00:00
569474a9-bc0c-4a27-bc37-f47014a833e7,17f8bfd6-86db-4a3d-b04e-d90b498b960e,cb9c5e4f-d570-4922-9fb1-f3abb5bdd583,low,0.83,recovered,sms,1992.78,2026-07-16T17:26:51.175565+00:00,2026-07-19T07:26:51.175565+00:00
5b8f63e2-66f1-4c71-ac1c-a7e79f4138a6,96895628-4583-4d40-a998-4bd0bf59224d,d3f71a73-7a23-4c1c-be10-a7fe76432a96,low,0.841,lost,email,2177.34,2026-05-25T17:29:51.175565+00:00,
e6aacc5a-ef2e-4887-9bc6-415d6ba94c32,44ee1b21-43eb-4a49-8cf0-b32e0b7b7e02,a816fb3a-06de-4a48-a407-e57e444b4c34,low,0.812,recovered,email,2287.11,2026-06-03T19:19:51.175565+00:00,2026-06-06T04:19:51.175565+00:00
f9d9eff8-d048-46af-9fab-835b8a778a20,bc1b9926-4143-4387-990b-c032a25e12af,cfbaef0f-d607-4f77-acd9-5cf3b4f9c9f6,low,0.83,recovered,email,1729.71,2026-07-05T09:38:51.175565+00:00,2026-07-08T00:38:51.175565+00:00
897e15d9-c745-4d72-a5f5-140c28de0b33,3b1fb785-d0b3-473c-8bde-c5b25a29e62f,bb0f0e94-9f32-45d3-8570-d9e504aac95f,low,0.741,recovered,whatsapp,499.0,2026-05-31T23:11:51.175565+00:00,2026-06-01T21:11:51.175565+00:00
97aeabd7-4eba-4ac0-aa0a-ff8778b6b266,f6ebafbb-ad5d-4a12-bb97-6d3e1dd3005a,72c40a1a-0624-413e-bba1-f20a234d3368,low,0.917,recovered,sms,2010.6,2026-07-13T18:06:51.175565+00:00,2026-07-16T04:06:51.175565+00:00
e2ce9519-d965-43a8-aa6d-9c8528135f1f,0c0f82d7-9de8-4ff1-910c-5788737c52c2,17e9c101-ae96-4902-8a03-3bb81ee3b30c,low,0.798,recovered,email,1269.54,2026-07-09T23:02:51.175565+00:00,2026-07-12T07:02:51.175565+00:00
1d8e5448-9ada-4a90-b9f2-252a5905a71e,9418d719-a481-4a8b-8e95-d0759d111866,21a7a63b-7a14-44fe-beb0-b509086da058,medium,0.489,recovered,sms,4139.69,2026-06-19T16:43:51.175565+00:00,2026-06-20T09:43:51.175565+00:00
713742a6-4df8-426f-bcac-1ca391764ec0,6ea89175-0d2c-4702-a5c2-d41acca51943,01376b10-5182-4558-b277-7e7c33918644,medium,0.511,recovered,email,4504.45,2026-07-03T20:40:51.175565+00:00,2026-07-06T18:40:51.175565+00:00
c2ee5808-09fa-4ae2-a67d-f7f8a6cf7695,bed78dbf-8d21-427e-81b3-6d8d450040f3,808636d0-52ef-4496-9448-a10ad0388832,low,0.655,recovered,whatsapp,1733.99,2026-07-23T21:00:51.175565+00:00,2026-07-24T01:00:51.175565+00:00
489ca544-e916-4545-a0c1-0bfb0ffd7f80,30d1805b-8ff0-4715-afb7-9521221e5038,046ca6b7-68a5-4ffe-994c-a93d989bd029,medium,0.611,lost,sms,5750.62,2026-07-08T08:21:51.175565+00:00,
902e95bb-b8cf-4a1c-a2ce-cc76dbe2b6f5,8deaf17d-f652-41a0-b866-c4109716dc6d,d769e5d3-e6cf-45e2-bd27-2ceb48c8077c,low,0.779,lost,sms,1729.54,2026-06-10T03:41:51.175565+00:00,
82370bab-d348-49b2-8ed0-084cce940d62,3996b3b6-05a4-418c-82b1-6cc6193cbad6,94007325-e045-4f23-8eaf-194b1ec6cb44,low,0.863,recovered,whatsapp,4999.05,2026-07-05T18:46:51.175565+00:00,2026-07-08T00:46:51.175565+00:00
f29eecde-a69d-4315-aa64-91c0028f6c59,370fb844-f6c3-40f9-8d2b-7f8865531b9c,8f3c3f8e-71fc-4eea-868b-8113ba7ea5a4,low,0.675,recovered,email,916.07,2026-06-04T20:36:51.175565+00:00,2026-06-07T12:36:51.175565+00:00
062fcf97-6cff-44a2-844f-62241ff78193,2ec5bb9d-3214-4008-ad04-88a5b78f246f,24226838-fe4b-496c-a7ce-3c413f663cc3,low,0.741,recovered,email,701.55,2026-08-19T11:38:51.175565+00:00,2026-08-20T09:38:51.175565+00:00
6fa064fb-e316-419d-bd0a-0244b78ae21a,eb0da9d7-a7ec-4a7d-9660-4c25e074feac,f26ec04b-30d2-404d-a466-8db1ea103e76,low,0.711,recovered,whatsapp,2221.44,2026-08-07T10:52:51.175565+00:00,2026-08-09T06:52:51.175565+00:00
b99b3916-6cc8-4e78-860e-adac2224693f,dec93e92-58de-43aa-8080-2cc2c557d269,f89cc6da-ad6b-473d-a354-b68214db6ea6,low,0.679,lost,email,1618.3,2026-06-19T00:30:51.175565+00:00,
f86a76fc-5620-4c4b-9ba1-0fdff116f6f8,1f6ea243-c818-4bf7-b475-40f07fa34cb8,f41d72f2-e0cf-49af-a334-a3df1d064653,high,0.236,lost,whatsapp,2164.35,2026-05-29T06:14:51.175565+00:00,
3c760123-4cad-48d5-a886-7998ff89466d,72685161-18fb-4e2e-afde-5968487fa29a,e1b43cbd-fe5a-4a0f-b811-f63077903331,low,0.802,recovered,email,2019.17,2026-07-17T07:45:51.175565+00:00,2026-07-19T00:45:51.175565+00:00
c225ad18-bfa4-4127-bbab-b922ad0e1531,d892ce85-45bd-4307-bcde-cc363a60cec5,8d1ede59-7ca9-47e0-801b-e567ee6c13ee,medium,0.592,recovered,whatsapp,1137.32,2026-07-03T20:03:51.175565+00:00,2026-07-05T09:03:51.175565+00:00
0ef12cf4-7f60-4b77-9a93-f833bd66f13b,2d6d1160-2c8e-4f30-ad4b-33e0f0fc520a,af0a4d77-043f-458c-ac15-8584459022aa,low,0.88,recovered,sms,1956.96,2026-06-16T15:59:51.175565+00:00,2026-06-17T10:59:51.175565+00:00
e3cc76f2-9062-4bcb-a61c-01c75278db77,57ed73ad-cf90-4831-9e24-89e097c27c19,037a8a7e-851a-4f40-aa0d-a7d402b582db,low,0.814,recovered,email,1402.74,2026-08-03T22:14:51.175565+00:00,2026-08-04T14:14:51.175565+00:00
18e629b7-40f5-448d-99df-145a2a27453f,5a8141d2-c4a6-4e86-aa65-ccb38ae965b6,06293298-d609-4d7c-af6b-43ba3afb1eb9,medium,0.552,lost,email,1658.75,2026-08-03T13:03:51.175565+00:00,
b0ec7afb-93d5-44ba-89c1-c9b56eb3129f,2779b73f-fff0-478c-8198-afcf1eb8ef80,63f59693-7f69-431b-927d-c559d221360e,medium,0.413,lost,voice_call,6537.89,2026-08-11T22:56:51.175565+00:00,
1461c428-0152-4fc0-8f13-9118219f319f,aa513264-db75-4214-a5af-e8ee48d47d69,b8c00611-6cd9-4abc-b7a2-3125aefc18fb,low,0.75,recovered,sms,1884.32,2026-08-16T11:48:51.175565+00:00,2026-08-17T20:48:51.175565+00:00
dde7f89b-5e84-4343-875e-0a999db4f752,cbc59a3d-95ad-4689-9fca-3ff61287ab11,e994ec17-1dcd-4cb9-9066-6daa53390376,medium,0.478,recovered,email,1566.4,2026-06-19T20:18:51.175565+00:00,2026-06-20T08:18:51.175565+00:00
2fcd3c65-eacb-4ef3-895b-ef2d27ccf065,b12149dc-8636-443c-885d-6b1b2a8eb9f4,a61e31f0-fcef-40ef-b9f0-4bec6ea6b83e,low,0.734,recovered,whatsapp,3517.77,2026-07-20T11:49:51.175565+00:00,2026-07-22T03:49:51.175565+00:00
4bbbe790-6cb1-4076-ae1c-b0b2d37496ba,6ae31755-1b80-4f7b-ba67-7e3e4d5cef2f,789c89e6-86aa-473d-afae-7778001a3a9a,low,0.779,recovered,whatsapp,1194.67,2026-06-03T18:00:51.175565+00:00,2026-06-05T16:00:51.175565+00:00
49d7fe7e-32a9-47bd-bdfd-94816e9e10db,81058b82-a6d5-4050-b953-d65a684a63b2,8148b98c-75d8-4c83-a8d2-5ae25be8bd6f,low,0.788,lost,email,1932.72,2026-07-03T11:20:51.175565+00:00,
b43242cc-ef0f-401e-ace3-cdab8ca2e70f,3ab1f5e2-8b50-46a6-9c5e-c089e26a9e19,4aa5aee2-802f-4874-bb8b-353c47c246c1,low,0.721,recovered,sms,4681.68,2026-08-05T09:09:51.175565+00:00,2026-08-06T18:09:51.175565+00:00
c0a50717-e074-4a26-ba0d-c8dc1d69263a,039dbd07-4178-407c-9b66-8e03633efc04,c8828d52-bbfe-4e30-a96e-b7fade7df3ae,low,0.866,recovered,email,8188.32,2026-06-16T03:25:51.175565+00:00,2026-06-18T10:25:51.175565+00:00
4034f3a6-5b45-44e2-bcea-6aa3934d89bd,b8cd04a1-2ba9-4964-a9b6-29e53b0a00f2,3be4f51e-25b3-4d74-9a6b-b313667214c4,medium,0.427,recovered,email,2133.66,2026-08-06T01:26:51.175565+00:00,2026-08-06T21:26:51.175565+00:00
1c5f0612-905d-4512-9e73-68166da5809e,f50d9eb6-d23e-4562-8608-3ae021eaab35,ac910cd8-45d3-4430-87c5-e38e0987c5aa,low,0.667,lost,email,653.65,2026-06-10T20:27:51.175565+00:00,
62620890-2f78-42e1-9ae5-144738943281,f51ca28e-bf7c-4480-97c8-2da896cb4e2d,a13212e4-bee7-4abe-9a18-9865dea878d9,low,0.689,recovered,whatsapp,1372.41,2026-08-04T19:56:51.175565+00:00,2026-08-05T18:56:51.175565+00:00
bb728b8a-3a27-479f-ae2e-79d37c846c21,9faf1a69-ee97-4b6a-a9a1-db6dcdd5be3d,b5d3383b-2ce3-41c4-ac28-b11c39213d5c,low,0.947,recovered,sms,4034.49,2026-08-08T06:11:51.175565+00:00,2026-08-09T04:11:51.175565+00:00
d79ad6fd-b1c2-45d5-891f-175388c2a0ae,9dac9565-9b54-468d-af00-78890c22ce4f,777b9f23-2215-4e49-bf4a-ec1afe3ae836,low,0.692,recovered,email,833.04,2026-07-14T13:51:51.175565+00:00,2026-07-15T14:51:51.175565+00:00
07a783ec-95a6-459b-bf04-adcd2953a908,fe278721-91dc-4f13-a427-2a95e181f480,b8f2e1e1-57d9-4480-88ec-571f911ead44,medium,0.451,recovered,whatsapp,798.32,2026-08-08T01:41:51.175565+00:00,2026-08-08T15:41:51.175565+00:00
991b83b5-137e-4c3b-9c6a-20f6ab600fe3,adc94d64-c79c-4c26-a26f-6125783be398,fe0e7c77-85c9-4bf5-94bb-f846fdd2b9b5,medium,0.587,lost,sms,2367.13,2026-07-16T10:39:51.175565+00:00,
f5a44ff0-4080-4612-ab52-308e8e97b662,f6e2bc46-5141-4966-855a-5a1bdb53797c,23d5f581-ea74-4e80-8146-fc1529e49e58,medium,0.418,lost,whatsapp,2085.19,2026-07-12T10:26:51.175565+00:00,
00ad7a65-d71b-4116-bcbf-5f429bd80cf4,12006b25-4927-4ef7-88d4-b6370ee7f6b9,da989632-1f80-4626-86e2-d6dc1ce5322b,low,0.913,recovered,sms,1000.17,2026-06-02T17:28:51.175565+00:00,2026-06-05T01:28:51.175565+00:00
732a24da-4adb-4d0f-9d68-5108195544d4,32fae178-5c04-4775-aa63-dd0e8169fcda,ea728241-2e62-43e2-af0a-2d7ad7b9a167,medium,0.581,recovered,sms,1489.45,2026-07-25T10:41:51.175565+00:00,2026-07-27T09:41:51.175565+00:00
4561f239-8df9-4ee1-b6bf-c6f249668c7d,f79f63ac-5d6c-4aea-9fa6-4a28e46713e9,63db2de5-d3a0-4deb-bc74-be853d703d1b,medium,0.403,lost,voice_call,11492.39,2026-07-13T09:05:51.175565+00:00,
49e361e1-73c6-4aff-b788-d6a269f613fe,80f74d34-23c8-478d-b06b-574ebc966a68,219514c1-85af-48ec-8260-354cb39deb2b,low,0.686,contacted,email,909.15,2026-08-21T15:23:51.175565+00:00,
505d4983-5ccf-4ad6-a1ca-0ef8cf297d70,ff750727-5fcf-49a0-9b74-591f9b5142fd,07d5f4cb-6499-48db-ba37-ee94b0eeda70,low,0.802,lost,email,1630.15,2026-08-10T03:36:51.175565+00:00,
7b1167d4-3962-4ef1-a848-c4eaff5fae51,cd9fb37f-2e42-4d56-a97a-889c2cc34f7f,2fd048f7-af4d-42ee-8633-c8a899f613d9,low,0.697,lost,whatsapp,2519.38,2026-07-07T13:33:51.175565+00:00,
613dcebd-c009-402f-9b0c-5d8443126b83,d72d3675-5c6a-445e-98af-658165ab1c3a,7a7587ce-5e20-4569-8830-ec024d79e464,low,0.722,recovered,whatsapp,1114.41,2026-07-04T18:55:51.175565+00:00,2026-07-07T11:55:51.175565+00:00
1c55c7f1-658c-40b6-8e0a-3868de64b42a,30d1805b-8ff0-4715-afb7-9521221e5038,7371ecd5-3cb7-4c76-8eb4-0426f9331fe3,high,0.233,lost,voice_call,12462.35,2026-06-17T01:50:51.175565+00:00,
a0997b98-7a8b-43e3-b34c-f7fdbcd74059,c4b424d8-f785-4c98-ac7b-d1f19df9a968,060c5211-a47b-431a-98ab-11cd22f6dd75,low,0.71,recovered,voice_call,499.0,2026-06-24T22:40:51.175565+00:00,2026-06-25T17:40:51.175565+00:00
eb8a7766-24b4-4ddc-b0ef-1d34c64213cc,7d06f3a8-70ea-4914-84be-8129973cf652,d5db39bf-fc3d-4d05-b316-abc52b5778de,medium,0.377,lost,sms,3311.81,2026-07-24T12:01:51.175565+00:00,
d3a9ed69-9222-4f12-9a1f-a146e9cda902,b44a1866-6538-413b-b295-55c5759cefaa,f22839e2-4a98-4f0b-b7a7-53cbc010d578,low,0.817,recovered,email,1498.98,2026-08-13T05:56:51.175565+00:00,2026-08-13T14:56:51.175565+00:00
d107df8b-5b8c-4632-b3a6-293e698d8516,3da3daed-4391-4a97-92f5-2c24ec8868d8,f4af9e44-802f-40b8-9199-db49ae67dd2c,medium,0.621,recovered,email,4359.2,2026-07-03T21:30:51.175565+00:00,2026-07-06T03:30:51.175565+00:00
fc28bfb1-0c5b-494e-a045-355b0fa5ac84,fb47fdb6-b7e7-4852-ac28-d2a15a876624,2c8c1c6c-0928-41fc-b4f6-1ad0eb5c0126,medium,0.642,recovered,sms,688.78,2026-06-03T03:15:51.175565+00:00,2026-06-05T10:15:51.175565+00:00
b4f1c665-cc9a-44e7-889f-af9ec058807d,19837aef-5e52-42ba-a76b-a34bce7acb5b,aed401fd-d1ff-4d6b-b75d-8df3f67eac35,medium,0.547,recovered,whatsapp,2534.38,2026-06-19T11:40:51.175565+00:00,2026-06-22T05:40:51.175565+00:00
5fefb303-ee39-4660-a5a2-d6035cf63b2a,00d039d1-a893-4722-9667-27e1155f133a,26402509-e416-4594-ba24-2a765edfae72,low,0.855,contacted,sms,829.99,2026-08-22T07:06:51.175565+00:00,
1f093355-275e-4251-a440-83d072c6034f,2071c64b-6781-4d52-8173-3387b8af4054,4bcf308f-c14e-42e6-a3b2-d7b6e8d06d21,high,0.233,lost,email,15751.27,2026-08-05T14:53:51.175565+00:00,
693d856a-37e9-47ce-9d7c-52cf57dcbc4b,5a64ef80-2c48-4afd-86a7-2269dc21860a,c74e7a4a-ee8d-4a86-8ff8-bce06cf248b2,medium,0.411,recovered,whatsapp,4076.85,2026-07-04T04:50:51.175565+00:00,2026-07-05T02:50:51.175565+00:00
ba7412d3-5f77-4aca-90a9-5fe78ce27f5d,a9ee9ce6-eb20-46cc-8a3c-b544b7bc8133,84810dc7-3ac1-43c7-8940-abe8e3e89190,low,0.882,recovered,email,4446.42,2026-06-05T17:08:51.175565+00:00,2026-06-06T05:08:51.175565+00:00
3b0d3cea-bafa-4556-9d4e-ee42d4fdfb7d,8a11b1eb-f201-4f1d-8b46-4ac60bc582a3,d050a3e0-6db4-4779-9538-6ce2fd3b59cc,low,0.723,recovered,sms,1150.04,2026-07-14T16:01:51.175565+00:00,2026-07-17T10:01:51.175565+00:00
87db9881-1bc5-402f-a5a0-724d3dc82102,953d4340-704f-4f99-a1d3-16214342d94e,6dbe25a8-c345-4f81-b521-217f556279dc,medium,0.624,lost,whatsapp,861.7,2026-06-15T16:42:51.175565+00:00,
1948507d-31c7-4e68-a2f5-40eeb44c4219,4bae17a5-b7d5-4656-8559-452e87f7ec87,a9ee4f97-42d3-4854-8567-88a2a3dae407,low,0.823,recovered,email,1628.36,2026-06-17T23:23:51.175565+00:00,2026-06-20T16:23:51.175565+00:00
7a1fa7af-f93d-4bd0-b9d5-d62fe8f3a0b9,f5b5d0db-187e-40f4-9e26-d18bb0a509ec,3b58e985-f7df-4f9c-8946-669cf6faad8e,medium,0.627,lost,sms,4331.14,2026-06-22T23:11:51.175565+00:00,
9eec6bf7-86c4-49bf-98e2-fe1d7488c005,53677e96-d81f-4e33-b69a-7bf07fff7168,26a9d9b8-5b78-4c88-bd53-149cd2ca05cd,low,0.655,recovered,sms,1251.0,2026-07-30T05:19:51.175565+00:00,2026-08-01T20:19:51.175565+00:00
d22c3a1c-dede-478f-82e7-9e862ad3ab88,3d0571ab-3558-4cae-8695-29d906dd8fd2,c4d099e5-146e-43a9-af1a-5a5e441df0bd,medium,0.505,lost,sms,6221.0,2026-05-30T15:11:51.175565+00:00,
0d451810-6493-41a1-8284-c50faf5cb164,33b7bb60-76c1-4080-92c3-498be059b0a8,b7d3c951-0f0e-4302-ad54-1ca8b79ca52e,low,0.853,recovered,sms,1206.67,2026-07-12T05:55:51.175565+00:00,2026-07-13T18:55:51.175565+00:00
4836f505-d6f3-4d20-af36-7f65868a2c96,19c98f69-8c9b-474f-a965-7ead991ede84,66b0ab37-198e-4f30-b9ab-da690396418e,medium,0.633,lost,whatsapp,11407.78,2026-05-28T11:34:51.175565+00:00,
74afcc35-5179-4db1-84e0-098b27458907,8a14be82-10ad-402e-bbad-88b3775406f3,98730f31-997d-4076-a5b6-e56bb08f5c22,high,0.228,lost,whatsapp,869.29,2026-07-07T22:06:51.175565+00:00,
b0d6031e-5572-4d7b-9296-3049c632092b,df2f389f-5ed4-434c-a03c-e65d3d160656,9f4f88b5-82ef-4265-bac8-065b49a525ae,low,0.766,recovered,email,2680.33,2026-07-12T16:24:51.175565+00:00,2026-07-14T03:24:51.175565+00:00
a1204985-06e8-4d22-8410-74db6655d047,60a8fe1e-e7da-45a7-a9b0-0e4ef4a1a66f,7caecee8-1c44-40d7-b297-268a86278173,medium,0.433,recovered,whatsapp,3522.25,2026-06-20T16:53:51.175565+00:00,2026-06-21T10:53:51.175565+00:00
084e0c42-663f-468c-b418-43ff00f0e26c,a4bbe993-2ddb-4a64-ad1a-3693a50782eb,7079f8f6-bb51-4d0b-99ec-6bb309689235,medium,0.617,lost,whatsapp,499.0,2026-07-18T16:50:51.175565+00:00,
01f86013-f502-4139-9cf7-f1dfa56bddf4,9720b696-b8e5-496b-a0ee-09f71f6f48a4,6b273f1c-9f0f-4deb-a6ba-226ac61e9386,low,0.734,recovered,whatsapp,1503.95,2026-08-02T03:29:51.175565+00:00,2026-08-03T23:29:51.175565+00:00
afcfd9d4-0fd6-432f-8b80-e4f3de2e2db4,3e56449e-f9fe-4723-9bf4-b90f0e6f4007,7798ca8a-7d52-4519-aabb-9b67f96ac2e7,low,0.878,link_opened,whatsapp,1001.14,2026-08-20T17:19:51.175565+00:00,
0d571f4e-552a-4e43-989b-431360ee6dff,4a055089-6d6a-4fa6-935b-bd9a97618fca,8cf6784b-3cd6-4339-a9fd-20d321552f65,medium,0.504,lost,whatsapp,8278.26,2026-07-08T14:44:51.175565+00:00,
e0ff88ec-5d74-4bff-b608-8e4029036d5a,90f36cae-43e0-47c5-845a-068bb03db967,f3215d35-492c-4cf8-97a0-fef859c8dd96,high,0.145,lost,voice_call,3020.82,2026-08-13T14:53:51.175565+00:00,
84f8b8d6-20b7-4381-943b-a49e93d2bc96,76b5fe57-ad96-4bc8-9704-b8edf60d680d,d3380629-0a86-4c94-ba88-37c526816bf3,high,0.326,lost,whatsapp,1753.64,2026-07-24T03:11:51.175565+00:00,
3a3fc803-5a72-443c-80fa-d0a623fea6f4,089f99d9-2608-48c8-83bf-d73ff27df593,784f5d10-d348-42bf-a5ce-70d1ec5cecfe,low,0.659,recovered,email,2552.86,2026-06-25T06:54:51.175565+00:00,2026-06-26T17:54:51.175565+00:00
fd769296-39a8-4242-9e3c-83108cfe3f46,606e8398-3875-46e0-ad77-4add8adce566,21edd5fe-0e15-4a34-a0b4-51201e6ab569,high,0.18,lost,email,5023.66,2026-07-23T14:47:51.175565+00:00,
de204c72-b0c0-489c-8881-7f86cff1cb8e,6757da5a-57b8-4aa4-9929-b70a967fa0a7,b4dbac4c-4050-49f1-bdff-efe5e3a5145f,low,0.782,recovered,whatsapp,11764.59,2026-08-07T16:50:51.175565+00:00,2026-08-08T17:50:51.175565+00:00
6cb3fa7a-c177-4fec-ba35-5bad8f1844de,0aa205a3-e7f7-4165-bbcb-d986f5b0524c,c19d2c85-40b9-4392-9029-547ba5f402c8,low,0.827,lost,email,1567.55,2026-05-30T12:34:51.175565+00:00,
563f82b2-f140-40e9-adcd-577d5a3727b6,a68c3e7b-b6c8-4b6d-86ba-15f7f0ebb092,4ca7b57d-cb65-4191-889f-23cb50a1ae9c,medium,0.446,lost,sms,8566.99,2026-07-03T22:12:51.175565+00:00,
c257d830-6e61-48f9-ac4f-5417a4bccbdc,cde6212b-e174-4005-87a1-8fb52288972d,f8cd98f5-beee-4354-8d35-35a7023b5ee8,low,0.808,recovered,email,3567.38,2026-08-04T04:26:51.175565+00:00,2026-08-05T15:26:51.175565+00:00
fddf918c-902b-4e18-8fd0-e45be756affa,b0c1c5b8-9508-4aee-bbf6-63acb57aea81,de412011-1d7c-4451-852c-2f2100d1ba93,low,0.81,recovered,email,4266.39,2026-07-25T05:55:51.175565+00:00,2026-07-25T18:55:51.175565+00:00
588e990f-a144-47b2-b61a-9ad65fda9b31,363419cb-608c-4d6d-840d-48818d4fc910,c7d247c0-3a09-4f25-9f39-fd4c9542762b,medium,0.631,recovered,email,2308.8,2026-07-22T22:39:51.175565+00:00,2026-07-25T04:39:51.175565+00:00
cfeb3348-c117-4de8-9393-25e019c5373d,60d9dcd8-7bdd-4325-bbb0-a6a29b418c88,aa7c6214-43b5-40cf-b136-c1566daf0925,low,0.78,recovered,sms,2656.99,2026-06-27T22:37:51.175565+00:00,2026-06-28T17:37:51.175565+00:00
217e24d3-9d6a-4461-870a-a68b58afbc13,a7d16c72-53c6-4f4f-96a7-aae9d831f9cb,02ff526e-2097-4e82-82db-ab1e9d853bb5,medium,0.532,lost,sms,4972.33,2026-06-19T12:33:51.175565+00:00,
88228efe-8c31-4306-9882-52a3f83f7680,7f131c39-3cf2-4f7c-9345-8b59a09d0343,41e20144-5f51-4c31-b289-39be41ed42ce,low,0.931,recovered,email,511.92,2026-08-18T10:00:51.175565+00:00,2026-08-20T03:00:51.175565+00:00
3f68d1d5-0905-4a0b-a00b-d6b34c071c30,70f727ff-9e92-4d9b-a573-9e5457ed36f5,94136730-ec68-40b8-b50a-856b9bb31d83,low,0.78,recovered,whatsapp,1962.37,2026-07-16T10:08:51.175565+00:00,2026-07-16T22:08:51.175565+00:00
479356b4-6816-405e-b369-d9445ee5d04b,9bbb7f35-4982-4999-8a19-24680ad0a824,147e28ca-9703-4c92-a89b-18c6ac606497,medium,0.538,recovered,email,2332.59,2026-08-13T13:02:51.175565+00:00,2026-08-16T11:02:51.175565+00:00
494b7bb0-7c5a-4e49-b64e-77ca5fddbf95,75e1079c-0da3-4930-b2ee-0056e8f5971e,d61c1f71-5fac-48fa-9676-898e23557157,medium,0.52,recovered,email,601.15,2026-08-11T20:56:51.175565+00:00,2026-08-14T10:56:51.175565+00:00
074f7dd1-dcff-41e1-b604-2eabe329c08b,13fde53f-e2f6-4c58-afcf-e710f173d84f,56ca7fc6-a94f-410c-a998-5bc337613944,low,0.723,recovered,email,3697.25,2026-06-12T03:01:51.175565+00:00,2026-06-14T12:01:51.175565+00:00
fa8bc112-4f03-44bb-b5c4-b98b2efc2561,4b092d01-1796-4db0-98de-424633b0fd1d,56bf1ef5-cb17-4d33-ab58-afb9e4ae7537,medium,0.633,lost,whatsapp,499.0,2026-08-12T07:49:51.175565+00:00,
ad14d629-2239-422f-9a8b-bf0fae5a7a20,33da13b5-d128-4584-8ea0-b4a6e554e07f,a334bb4d-83c9-4427-9350-fb651b280d7f,medium,0.612,lost,sms,4374.33,2026-06-21T13:21:51.175565+00:00,
46424405-fd10-4bac-a4b5-ccee9c8e65e2,6d65b6ea-c746-441a-b406-5b746a6bee68,71c0ebc2-1a95-41f3-acb3-e897ec0a6b3d,medium,0.595,recovered,email,5368.54,2026-06-06T21:27:51.175565+00:00,2026-06-08T12:27:51.175565+00:00
5d22fd05-8500-4f81-8191-3ca9209cfa99,899419b0-dd3a-4e6e-8552-3e21a430bdd1,df884a11-17a9-4e5e-9310-5f4398f3354b,high,0.108,lost,whatsapp,12260.45,2026-05-29T06:30:51.175565+00:00,
27215c3b-8ef7-4bf0-809d-a757b5bfa68c,fb24e8c3-a6be-4255-9e07-b6b2cb5e10eb,474cc5f0-6a5b-4087-b005-cbddd4f23b78,low,0.683,lost,whatsapp,2250.4,2026-07-24T08:02:51.175565+00:00,
4463bd26-3042-4ba6-b24d-30b66b7fe707,9f68e7d7-d7d0-42de-934e-43767615ac76,9ee3f890-7328-48ae-b2ab-61dc9748ff6b,medium,0.62,lost,email,5603.24,2026-08-18T16:53:51.175565+00:00,
a48b97ba-b62a-4156-8f14-5971027782f4,11dc4f60-71b7-4dcb-ad88-909f68a50657,d9f02c1e-1966-4f75-8293-1501977e7320,low,0.783,recovered,whatsapp,737.86,2026-07-18T11:34:51.175565+00:00,2026-07-19T00:34:51.175565+00:00
bde5740f-0be0-48e4-9235-4e2fb8c3406c,36389056-e08d-4c05-a065-00c2ded888d9,6029d714-fa6d-4df4-a4e0-d95b9f58f690,medium,0.642,recovered,sms,1645.38,2026-06-17T22:01:51.175565+00:00,2026-06-18T10:01:51.175565+00:00
eed941b0-9d20-4238-a5fe-e6eb091f900f,6b4d8f7e-69fe-4e60-a05a-5625ab9a1451,06202853-8116-4645-bd84-6cc8f9d8b969,medium,0.504,lost,email,3494.38,2026-07-08T16:08:51.175565+00:00,
3c91ca11-aca5-4e15-b267-1ee054d58fce,6b1617b0-5b1d-4e40-80fa-abb52703184c,a208dbc6-16b1-4829-897c-b3d6bd2869e4,medium,0.551,recovered,whatsapp,499.0,2026-06-12T23:12:51.175565+00:00,2026-06-14T19:12:51.175565+00:00
2db24a0a-13d9-408a-83a7-a440f7b3482c,c11b1859-d95a-45a8-aed0-467a1df1daee,46a56229-1167-48d4-85c1-ec075a279a13,low,0.943,lost,whatsapp,2648.12,2026-08-19T13:45:51.175565+00:00,
4db83483-9173-42f4-a1b6-689baa4dc0e9,a9032913-9c62-4d06-a70b-bdb416c9e1d3,dc7fe2a0-4158-4b97-bd5e-92f3a9b10b7a,medium,0.641,lost,voice_call,4760.64,2026-07-21T04:26:51.175565+00:00,
0a3b5d2c-bfc8-4246-aa06-4b1365b17ed0,52dbd776-89f6-4872-bc49-215fef8d9a63,0e6659bb-cece-40db-9f51-8fadd8d677e6,low,0.767,lost,email,2579.99,2026-05-26T16:21:51.175565+00:00,
c9d14f51-7e98-4950-b608-467fa588258f,4caef4ab-7ac6-4b1d-b501-17738971d585,e060e576-58f4-4657-9ba1-1a13798d0364,low,0.873,recovered,voice_call,784.52,2026-08-18T12:08:51.175565+00:00,2026-08-21T07:08:51.175565+00:00
b8e5ea7f-491b-43a2-8df7-ab39e3859f88,346bf162-7947-431b-b5f7-e84ce049387a,05bcea84-08f7-48c5-a33a-f6addfa4f019,medium,0.47,lost,sms,2100.98,2026-08-07T23:25:51.175565+00:00,
7ffcaaa2-fa22-4ace-9a0d-b30a39de3171,e108da96-99f3-4c9d-8815-6790b57c45fa,8c4d1036-e597-49f9-82fd-5738fd7ecd16,low,0.775,recovered,whatsapp,2467.83,2026-06-21T10:36:51.175565+00:00,2026-06-24T04:36:51.175565+00:00
f4a01879-2938-4b45-bddb-277b61e6304e,3efdb311-5eb5-4b76-b0bc-b79afae2c15e,2be8e6ff-69ef-40b2-92af-a82e5f2b4412,low,0.69,recovered,whatsapp,526.69,2026-08-11T13:51:51.175565+00:00,2026-08-13T16:51:51.175565+00:00
953052e9-a0ec-4b9e-99b3-5c53a172eec3,ccaebd8e-be7e-47de-b536-aeb722f31389,c81e3360-4c29-4401-a097-bda1e6ece963,low,0.81,recovered,email,675.74,2026-07-20T08:52:51.175565+00:00,2026-07-23T04:52:51.175565+00:00
b8e4c852-2303-4f63-bfc9-374dcb5b0485,57f43e96-1242-42e5-9f02-1456ae8ff346,28ca2f86-363e-44a5-ab59-b626092e9ac6,medium,0.609,recovered,whatsapp,1148.79,2026-06-11T02:18:51.175565+00:00,2026-06-12T12:18:51.175565+00:00
5b3a5e95-5016-4340-8f9f-02193efcdb65,4cf0f749-46f5-431b-be8d-46ffe7122d59,9d55fc25-e80b-49a3-9f87-24c446ec83d2,low,0.794,recovered,whatsapp,3109.88,2026-08-12T11:05:51.175565+00:00,2026-08-13T11:05:51.175565+00:00
9cc71ea9-384b-4897-a42d-95e5c13efc68,0695485e-bcbc-4fda-8ad9-0cd7a98d14e6,948b4712-5eb4-411c-baa8-2c0183bc63b4,low,0.776,recovered,whatsapp,778.8,2026-06-03T06:18:51.175565+00:00,2026-06-05T21:18:51.175565+00:00
3e199cc8-809a-4d5b-9168-4061617548ac,6fccc99b-072e-4f42-bdd5-dc1d04e0e42f,9e263898-694e-4a1b-abf2-ed8720e18da4,low,0.694,recovered,email,936.25,2026-07-13T22:06:51.175565+00:00,2026-07-16T01:06:51.175565+00:00
c636e354-8d2f-4c8a-b854-89cef92f0c33,33430f9b-2919-4a45-8f31-5247356cc089,08cbbdf9-42cf-453b-ad34-e5556f49144c,low,0.837,recovered,email,872.09,2026-07-02T06:55:51.175565+00:00,2026-07-04T19:55:51.175565+00:00
b895ab16-6453-4e4b-8965-31437a59460e,4a88f535-2941-4b8b-8c17-6d81b2fb9370,ec71a6f1-d8c6-431e-adb9-a960e5dac8e8,medium,0.615,recovered,email,11068.96,2026-07-21T11:55:51.175565+00:00,2026-07-22T07:55:51.175565+00:00
9cfd7c20-db50-4732-abee-f1e82c8c33fc,606e8398-3875-46e0-ad77-4add8adce566,190bbab7-868c-4d2c-acd5-c20a5fb18228,high,0.335,lost,voice_call,7697.36,2026-06-18T07:03:51.175565+00:00,
cdc96d6e-1d21-4f63-a2b3-f84803fbfe0f,bbfe81a5-7d4c-4298-a1b4-81a7fb738809,3d7aa6bb-aa82-4c96-a7b7-df0f83616be2,high,0.313,lost,voice_call,14373.31,2026-06-07T14:44:51.175565+00:00,
a43845da-cdee-435a-8d1e-169c047cf1bb,5a1e563e-3ec0-40e5-b9aa-7747f254cac2,0592f4eb-f80d-43d7-a4e1-bbe307a3cdd0,low,0.674,recovered,sms,658.1,2026-08-10T13:09:51.175565+00:00,2026-08-11T00:09:51.175565+00:00
2630ab07-a550-482f-b6a6-2dd289b8ebeb,b3c9ded9-53b9-4145-ba71-2ea0eb888d68,f09848d4-7459-471a-afea-90b79426b3d0,low,0.865,recovered,whatsapp,10949.27,2026-08-01T07:41:51.175565+00:00,2026-08-03T23:41:51.175565+00:00
91a03bdb-2a1f-4b41-8cc8-fed3a0cf0209,cc7c0b5f-21dc-43b1-b353-0a28320be454,067d8701-402a-4f7d-a06d-6bf5f4251506,low,0.726,lost,sms,1744.33,2026-05-29T09:19:51.175565+00:00,
c221de10-f7ac-4b1c-af65-ffc24a39582b,b38379d8-7ffd-4544-b9de-e91ca4190bf1,5cf8fa49-928b-424c-a8cf-d2174a3c169e,low,0.652,recovered,whatsapp,2374.76,2026-08-10T05:02:51.175565+00:00,2026-08-12T05:02:51.175565+00:00
42a1b3f4-9f85-4911-b6ef-970993f25d5b,f530e95b-a3a1-403b-abd5-3b8da97443a6,c0e5aa97-6d72-4422-9ed7-8e607c23b1f0,medium,0.586,lost,whatsapp,12831.27,2026-06-12T21:31:51.175565+00:00,
12bf69f8-be3a-45d7-a9bc-7250964bb5f0,8a9bf7e1-811f-41b0-b954-4147c5653f37,a2883f5a-92d3-452f-b71c-6c2ab66ec0a9,low,0.682,recovered,email,808.56,2026-06-14T19:31:51.175565+00:00,2026-06-16T22:31:51.175565+00:00
3a226ae6-d7dc-453f-a7a5-2347e828fca0,ae556d6a-91a2-474e-a297-7e14f8b3cd3a,eef891ca-5c10-4cc9-8b12-c8ebe62b9fea,low,0.899,recovered,email,2054.65,2026-06-24T13:06:51.175565+00:00,2026-06-24T18:06:51.175565+00:00
8b299413-3e46-4e09-bce1-4208ec3963fa,43c5594e-7273-4208-a166-c8e65c5f6c94,1264faaf-60f1-45c1-bb7e-e350890c74c5,high,0.258,lost,whatsapp,4856.63,2026-06-21T23:21:51.175565+00:00,
59487f8b-4f13-4879-85ff-a4890a6afc90,d90ad003-7481-4c34-bc82-2a643f065387,af94798a-4293-4a46-be41-1835458c3aa2,medium,0.523,recovered,whatsapp,2748.82,2026-07-16T07:59:51.175565+00:00,2026-07-18T19:59:51.175565+00:00
e43b64ea-4a1f-4cad-882f-8b4b4e7ec1b1,0d4be7b0-ac82-4b09-8e5c-1be67e130469,4c3fcda8-e7da-4a28-8305-069a349bcdec,low,0.704,lost,whatsapp,1258.25,2026-07-17T07:19:51.175565+00:00,
1093c556-ae88-4adf-a639-44c363cad581,80188ae5-451d-407a-8d51-807d0bcd261e,323c3e64-595b-4f3f-9563-d922d3dd8576,medium,0.533,recovered,whatsapp,4550.29,2026-08-02T02:50:51.175565+00:00,2026-08-04T00:50:51.175565+00:00
c2900961-4aca-44fc-8b87-39052b1b8012,6e6dfb07-f26e-4fbb-b98e-d2fd80387ced,0991fb39-5bda-4c50-bc1e-d752fb602d3d,high,0.335,lost,email,1326.04,2026-06-20T10:17:51.175565+00:00,
7597d367-e52a-4932-a55a-92b21a905cce,e945708d-b459-4ff1-9d60-3d3e3b876be3,d47c7733-d45f-4c21-a31e-ed6f1fa7d79f,low,0.769,contacted,sms,597.25,2026-08-20T04:21:51.175565+00:00,
78a21325-a9e6-46ef-9b56-ddef8a92ffb2,dabb5bf9-134b-43c9-a47c-8da5a1d6ab03,326355bf-fa2c-4551-8ada-736339ea96c3,low,0.778,recovered,whatsapp,1671.15,2026-08-05T11:35:51.175565+00:00,2026-08-06T12:35:51.175565+00:00
e31daf79-8194-438e-ae8c-91b06a667db2,b30c1671-c492-4bda-a613-d560e0b9b25d,54e89bed-c829-4597-9b4b-a0388f9b0c42,medium,0.508,recovered,sms,5191.21,2026-08-19T11:22:51.175565+00:00,2026-08-20T01:22:51.175565+00:00
c9745e8c-2857-4c36-b4a1-94ca3f81a0f3,b4fa3b22-6de3-4263-85fd-a94245261873,b379aada-db95-456e-b5de-2a6435643cb8,low,0.89,contacted,whatsapp,2770.44,2026-08-21T01:07:51.175565+00:00,
c4aef2a2-531b-4119-bd18-b625a2c26a9d,d890c69e-e085-43d4-ba24-5962e894b0b8,add2c26f-00a2-40e3-a705-0433448eeda9,low,0.661,lost,email,1006.34,2026-06-07T06:51:51.175565+00:00,
74bd366a-138d-46d4-b84b-b970c6f689b9,6cca3e2d-5f41-4144-9c00-4e3ebc1ca586,87965d4c-0a4b-4f48-b04f-a3dd7c634424,low,0.795,recovered,whatsapp,912.85,2026-07-04T16:17:51.175565+00:00,2026-07-07T13:17:51.175565+00:00
87c94e5b-cc84-4c4f-a86c-8ee5bd6b9cab,e74bf9c7-5e20-43f7-98c6-c3be9545ae0d,b6758ccd-bff7-4ee9-80a6-1e95e3fdb660,low,0.719,recovered,whatsapp,2528.74,2026-08-03T23:39:51.175565+00:00,2026-08-05T11:39:51.175565+00:00
93b7dc79-d0b6-40f9-95f5-513af4ec400a,b7554a4a-17be-4afc-a248-5afceb424c29,b22b7196-0672-4851-a430-a1460d8fe9e3,medium,0.586,lost,email,2576.15,2026-07-16T04:37:51.175565+00:00,
14a92276-e6eb-4e81-966d-c626c26019ca,f400c001-c8b2-4c00-85d2-ddd1a9ffaec3,ba49d043-def5-4942-8d97-719ec216b869,medium,0.466,lost,sms,2178.82,2026-06-19T08:01:51.175565+00:00,
78bd59a6-f92d-43e5-9d11-3714042917c8,fb70055f-836e-4623-9155-46d845ab2185,58561890-a2ed-457e-8a75-b7df465b505c,low,0.66,lost,email,2648.7,2026-05-26T12:35:51.175565+00:00,
744101e2-ddd6-4327-bd43-23b60ff14978,e5631bc3-7695-440c-b984-173cb397a5f1,fc9afb20-c8fd-44bd-9843-bcc4a340fa6f,high,0.27,lost,whatsapp,4344.72,2026-07-05T01:23:51.175565+00:00,
86cb0821-114d-4dea-afbe-7c90d2f329f3,fcd8f3c5-c855-4657-8b41-431dc895aff7,1cd1aabd-7b1e-4533-8b48-43cf7b8aec5c,low,0.716,pending,whatsapp,1602.26,2026-08-19T22:49:51.175565+00:00,
933e1133-3429-43a4-b67f-d7c16036009b,929f57e6-fad6-4876-84ce-6e3c73f27d75,02e50c48-f0ef-480f-b694-007b001a1797,low,0.745,recovered,sms,1891.7,2026-06-30T13:48:51.175565+00:00,2026-07-01T05:48:51.175565+00:00
91b6c114-bef8-4e9b-a50e-7a081999f7a4,370b11a8-4477-4c57-ab2d-92d7ae8a0390,9f4cbb67-c1b1-4c58-b8b2-771d73dec0a7,medium,0.643,recovered,whatsapp,1533.28,2026-06-11T13:35:51.175565+00:00,2026-06-12T00:35:51.175565+00:00
37c5dbde-97fd-464b-971a-f9ab2c0e1bb1,febefb62-5f80-4982-8392-b22d15eee51a,52c82296-03fe-47ef-94c3-461c1fef2787,low,0.661,recovered,voice_call,5566.07,2026-07-15T22:28:51.175565+00:00,2026-07-17T00:28:51.175565+00:00
56f516a6-8863-4d32-b8ec-06cb17b602d0,91b2259a-37dd-4699-9d74-50f053225258,e951b8a2-dbfd-49da-ba08-908794a3a617,high,0.311,lost,email,8865.7,2026-06-21T00:21:51.175565+00:00,
ee3dcb58-7ad9-4417-85c0-e8690a025ab5,4c4c4b89-409b-4130-8668-d1c603b83a0e,44b8dc5f-a9ce-40b2-a9e4-be050331e248,medium,0.595,recovered,email,757.09,2026-06-16T02:43:51.175565+00:00,2026-06-17T19:43:51.175565+00:00
85bc2e6b-2173-4088-ac1c-a8d4b72d7f4c,381a7426-6cba-456f-ba17-fa1e629ee14c,c15c220b-2d22-407b-af21-832a2a5c668d,medium,0.493,recovered,whatsapp,5447.41,2026-06-21T14:48:51.175565+00:00,2026-06-22T23:48:51.175565+00:00
0de50201-b6fb-451a-b25f-db9c43e2d45c,ec23109c-c671-4c7b-ae53-d8818452f1c6,49717e5c-dda6-4e42-8cb9-399f6d2a8a1b,low,0.796,recovered,email,1035.34,2026-07-24T13:48:51.175565+00:00,2026-07-26T11:48:51.175565+00:00
6f066ce5-a27f-472e-99ea-4a00b64fcc90,2f3913b3-020a-4c4c-85a3-07b7896518c2,f5aaf9c2-60f7-49da-9f66-065463faeaa0,medium,0.629,lost,whatsapp,5271.26,2026-06-03T13:13:51.175565+00:00,
fe9c39df-3e5b-4450-95fe-c74c0317feee,525f348d-2aa5-4e29-8632-386cf1a67a00,fe3efdec-4ca7-48e1-8fff-7128d01253b8,medium,0.62,recovered,sms,1257.19,2026-08-02T22:31:51.175565+00:00,2026-08-03T04:31:51.175565+00:00
a4bc1b74-1ff4-46cf-af53-564589f0da33,6a6d0358-5e9f-4906-9cee-4f1e25c68044,f13841dc-fac4-4f3c-a36c-cb1bec90b1a7,low,0.67,lost,sms,3909.87,2026-06-17T08:07:51.175565+00:00,
c363ed92-4093-4302-9199-cc607658b7bc,1bdeee5e-7f10-4043-b848-ad637165f3ea,1ed38dcd-266d-4271-ae0c-e60329ee908b,medium,0.415,lost,voice_call,10569.5,2026-07-04T03:32:51.175565+00:00,
e3dc29e0-a428-48ca-bd90-4fd0f573b408,5aa52765-9d07-4cf8-8b62-4cd7b9e327fe,bdf2a1f0-f015-4fe2-acf2-9707f53ffafe,medium,0.392,lost,email,2875.07,2026-06-27T00:44:51.175565+00:00,
71d392b0-57f5-4871-88f4-d666c6b491d7,f0996913-51dd-4b5b-bc9a-b41e45a9c041,b1135442-adeb-4f50-9794-1c76f3af69a4,low,0.725,recovered,email,1138.9,2026-05-26T01:21:51.175565+00:00,2026-05-27T19:21:51.175565+00:00
4f2e0b6b-f63b-4e90-bc6d-d4bafca638a0,36e88205-f4f2-408e-ab8b-179645fb9e84,f2e3695f-a795-4a42-9ddf-d0792847b562,low,0.904,recovered,sms,2964.12,2026-06-09T14:39:51.175565+00:00,2026-06-11T19:39:51.175565+00:00
afe1b462-f6cb-4a02-baa9-1c6c8448c3c9,2af85cdb-86da-4d69-9c6a-62c2712f5ccf,c31925e0-c0b5-4fc9-8e54-a1bc324ccc42,low,0.726,recovered,email,2610.69,2026-07-26T22:54:51.175565+00:00,2026-07-28T22:54:51.175565+00:00
12b8576f-2fe9-4df5-bbd1-70596c4c070d,13a22874-3cc0-45ef-bfa1-0b42ad62d05a,0ad5986c-dd15-4624-998d-a13e71a10207,medium,0.53,lost,voice_call,5385.09,2026-07-25T13:45:51.175565+00:00,
2e9fc930-89ab-46e2-b08f-c6e6399e8fc8,14f740f7-7c87-462c-b725-3300161272bf,2e69e5fa-ef02-4a64-bbd6-bdc7da4f6351,low,0.811,recovered,sms,7148.24,2026-08-14T15:28:51.175565+00:00,2026-08-15T05:28:51.175565+00:00
7adabf35-eac9-49b1-aec1-f0ce3ba22376,a394332b-3301-4db1-9702-7c67645c47cd,a177bc7c-65f7-4077-af3b-deb03ff78c86,low,0.833,recovered,whatsapp,4855.67,2026-08-05T16:11:51.175565+00:00,2026-08-07T02:11:51.175565+00:00
a0a06fab-0fe7-45f0-9df2-5aded6e65599,50511280-d191-4547-b10d-f536b802a826,acfaca4c-d723-4736-8422-bf54dffb9432,low,0.714,lost,whatsapp,1934.51,2026-08-02T17:00:51.175565+00:00,
ae29ef45-a6f0-4843-a0f8-941b58553005,acdd384a-4a04-464f-8a6f-3715a32dcd5d,5c8db17c-7041-4d39-af63-a363f2308823,medium,0.559,recovered,email,7312.05,2026-07-02T11:04:51.175565+00:00,2026-07-02T16:04:51.175565+00:00
22a8a2c0-36e4-44b9-b195-a0df57384b36,be5f97ed-6e86-47b3-b909-a73bdc85795b,aba5656c-ecbe-4888-876a-344976309e9c,low,0.858,recovered,whatsapp,1420.24,2026-08-14T14:07:51.175565+00:00,2026-08-16T08:07:51.175565+00:00
1614af97-d039-4cf8-9eaf-51e7462f5fa4,b0cacbc5-e4d5-4d4a-9900-00dde561717d,1dc29395-ee83-4d6a-9284-ff63f5edf085,medium,0.455,recovered,voice_call,17735.86,2026-07-20T23:04:51.175565+00:00,2026-07-21T17:04:51.175565+00:00
ace52bd0-53af-4bbd-9302-3250bdfc333d,b39119dc-37e0-4bd9-a3de-6422839b54f2,600aa69b-2f04-4b6f-8af4-89b14c06ee27,low,0.868,recovered,email,1713.4,2026-08-02T22:47:51.175565+00:00,2026-08-04T04:47:51.175565+00:00
c875c870-ad60-455e-a501-bfbd7d5b6418,34a4f32d-ace6-49b7-9702-fc42f84b5706,65c26912-6723-4f3d-982f-780fa64ddb5d,low,0.799,lost,email,1288.6,2026-08-03T15:39:51.175565+00:00,
74a9a867-82b5-46fa-b09a-2a7e3a68fa20,060f9495-765c-4455-bba6-ea2547d01e01,8e17845d-9d73-4051-9a0d-0f2e46b1350a,high,0.111,lost,voice_call,2425.84,2026-06-20T14:16:51.175565+00:00,
4e26ac51-cd2b-4b7d-8670-6f18bca815f4,85081c15-5f27-49a3-bff3-a010059c8896,f3ccc325-3579-4f58-af46-247387e9dbf8,low,0.793,lost,email,1493.81,2026-06-17T08:00:51.175565+00:00,
70740803-b67e-45f1-a90a-13c555a8a1a8,89d9e751-9c23-4a0b-97e7-1da8b2a0e137,74fa05a9-20ca-486b-b7c0-2e77b664b771,low,0.848,recovered,whatsapp,1505.32,2026-06-01T09:57:51.175565+00:00,2026-06-03T01:57:51.175565+00:00
20808336-df7a-4dff-8dcf-a36720d5e8e8,1befb4a5-66b5-4565-9e64-83b12b6c89e7,f0a60c1c-86f6-46ba-80b5-4f1d42c70913,low,0.788,lost,sms,4120.41,2026-05-26T21:39:51.175565+00:00,
9d28b89e-740d-4cdc-93de-e2b2ca3c828e,f467735f-d518-4cc1-9827-9a9ee1f87210,831c7e2c-3d96-49f6-b04f-c419539e60cc,low,0.86,recovered,whatsapp,2585.97,2026-08-06T10:44:51.175565+00:00,2026-08-09T01:44:51.175565+00:00
70721f07-ee01-4035-9f7c-18edf36c3876,ddb32617-2c9f-4876-9783-dc0628fae4e8,e356d6c6-333b-402c-b468-6962436fa0dc,low,0.662,recovered,email,520.17,2026-06-05T14:42:51.175565+00:00,2026-06-08T09:42:51.175565+00:00
e3180654-6adb-4187-9057-b7622fb9e81e,f6ec2e80-c07b-4130-b725-ee95ced061f3,8c494268-0357-4a9e-a951-62ea7ed0ef35,high,0.246,recovered,whatsapp,8856.88,2026-08-11T08:44:51.175565+00:00,2026-08-13T17:44:51.175565+00:00
539bc1cb-5bc8-430c-ad98-de3f082fd087,ba4d5526-6f42-4d8d-8f47-16764cc010da,a4fd7103-5948-4bc4-ae8c-fb4a5c80263a,medium,0.608,recovered,whatsapp,1241.04,2026-06-27T22:17:51.175565+00:00,2026-06-29T03:17:51.175565+00:00
42913de7-7e6e-48fb-8a14-090784618a21,3e9f8cda-9907-4ee0-82b8-9d04679d177b,23c52847-778d-4abe-ac93-b18f914d03ff,low,0.751,lost,whatsapp,3481.9,2026-07-25T05:12:51.175565+00:00,
d0830ee0-c84e-4689-a905-343ae3bd12a8,d57d24db-98e5-445a-a94c-74318c758a8e,c3df0a7c-3fa3-406f-a17f-9c703d509354,medium,0.639,lost,email,2638.99,2026-06-30T07:48:51.175565+00:00,
5d095e4b-8b4a-425d-9059-bf8df3fe690f,e77ceffb-adcd-4d24-a03c-0a02e4735103,8d1ce3cd-d557-45b0-b0e1-d39c624b0811,high,0.219,lost,whatsapp,4872.83,2026-08-15T12:38:51.175565+00:00,
2cd3ade3-9af8-48c7-86d9-389b31211d1c,8177f7da-da85-41c4-9156-3aaa94a05d99,743851d8-8acd-4a64-8ab5-dfc9d22fe17e,low,0.688,recovered,whatsapp,1865.73,2026-06-30T07:43:51.175565+00:00,2026-07-02T06:43:51.175565+00:00
76bfc316-4095-4a05-8bc1-bf7572cf282b,10283e93-e511-4629-8ceb-f0aaead4c124,e757a100-6a1e-41cb-8338-3462ad5ca2ae,low,0.794,recovered,sms,7508.96,2026-07-24T05:01:51.175565+00:00,2026-07-26T06:01:51.175565+00:00
6d74c3ab-a750-4279-8e5e-e00ea25ecaaf,77889b98-224b-4670-8205-cbdd666b9edc,65fef2c8-8385-49f6-86c1-eed6e68b96bc,medium,0.608,recovered,voice_call,595.39,2026-06-15T00:52:51.175565+00:00,2026-06-16T03:52:51.175565+00:00
d8a33540-fee2-4334-93cb-e6398a136b37,ab438e15-403c-4308-9c96-e8432bc167dd,a6e07942-9478-4081-85cd-c155d72a35e4,low,0.945,recovered,email,728.73,2026-07-31T19:01:51.175565+00:00,2026-08-01T20:01:51.175565+00:00
1dc11eb7-44d1-4958-a88a-f52b0d950e32,40d12098-8b64-43f5-804e-95639301a2e2,aff14e9d-108e-46ad-b643-7348de13952f,medium,0.524,lost,whatsapp,3025.46,2026-07-22T04:30:51.175565+00:00,
d75d720b-3b44-4fc3-8938-712946dcd14c,22eb5a76-9ebc-4edd-bfe0-4ce7d9199579,77c0c29f-62e7-470a-9895-fe8a391329b6,medium,0.478,lost,whatsapp,7174.69,2026-07-20T14:08:51.175565+00:00,
afeffb12-7a56-4f51-b931-bebdf9192f03,f1cd29c4-f8ea-48af-970d-907ec9d0e3bd,ffb1405e-491a-48e5-8e37-e2635b2bc46f,medium,0.416,recovered,sms,3556.18,2026-08-07T08:40:51.175565+00:00,2026-08-07T18:40:51.175565+00:00
98a20525-d1df-41cf-8908-999f94c5e4eb,4a2544d5-3a28-43da-9e14-06820188e6e3,7ecb862b-7b9b-4683-aa40-b90417ea1a54,medium,0.476,recovered,email,1123.21,2026-07-15T23:08:51.175565+00:00,2026-07-18T08:08:51.175565+00:00
32a512bc-277f-425b-b6f0-f9c56d88848d,6cd178bb-3872-43f7-a4b8-3afb3d2cbba7,719133e1-3615-417a-afcd-89789c79f249,low,0.795,recovered,sms,876.46,2026-07-19T06:18:51.175565+00:00,2026-07-21T00:18:51.175565+00:00
b6dd5b2d-26c2-4d91-a5fb-d83b13db0ddc,b30c1671-c492-4bda-a613-d560e0b9b25d,6d16c33a-50cd-4660-abbf-25822e4f286b,low,0.68,recovered,email,1065.47,2026-06-16T23:40:51.175565+00:00,2026-06-19T14:40:51.175565+00:00
4d9a9acb-80ea-43e0-bfd1-86bf5637bdd9,d4de4425-f693-42b9-bace-81c6bb410a00,6e5a61cc-9675-4df1-b0b1-dc40c25b2793,low,0.713,recovered,email,7727.1,2026-07-10T17:11:51.175565+00:00,2026-07-13T11:11:51.175565+00:00
9242927a-da3b-475c-a6eb-7212135d6687,659c7cad-dd93-4d2c-97f2-a75331461f92,89671a14-467a-4df2-8491-dc67e45fa24d,low,0.69,recovered,whatsapp,1458.45,2026-07-12T18:51:51.175565+00:00,2026-07-13T08:51:51.175565+00:00
a502695c-5123-43e0-9697-c6791586a723,4d3d3ce6-4d0a-4942-a082-7f09eae3ccde,2b776afa-1442-43df-90d6-d5fac5b7f0fc,low,0.894,recovered,whatsapp,711.32,2026-06-16T22:59:51.175565+00:00,2026-06-17T15:59:51.175565+00:00
8ab55ac4-d88e-4327-84b6-5ea1466e3633,c986675f-abeb-47d5-9a78-f15c7aa77234,0bb6ed86-8d4f-4bfd-8769-ff47f9c84651,low,0.738,recovered,email,1683.76,2026-07-30T00:55:51.175565+00:00,2026-07-30T07:55:51.175565+00:00
0850007c-270b-4512-ba49-da155e9afa66,11e4042b-b24a-475b-8b12-efe85775a9dd,b41ad3a3-a3f2-4b49-85a0-d388854c02ba,medium,0.628,recovered,email,5480.06,2026-06-21T00:41:51.175565+00:00,2026-06-23T20:41:51.175565+00:00
31cea271-4b1b-4eea-b21b-3eac0741f020,94ab74ba-67a3-482e-b597-65877b3102b6,15458f81-3e24-4d39-960e-af323828ec10,high,0.214,lost,voice_call,13725.93,2026-06-15T08:14:51.175565+00:00,
69c503f7-cc3e-4d6e-81a5-13d6f4593a00,89d8a38e-2730-4e17-a605-819e78af131e,21b448b5-fe97-41a0-83c4-53009a4e5e81,medium,0.626,lost,whatsapp,1391.92,2026-08-17T11:35:51.175565+00:00,
bedc1319-5618-4376-869a-9182032adbb6,9d559b34-17b3-4022-a5da-68be48cc0eca,d45e55e6-45d4-4b5c-8473-e31518484c8c,medium,0.454,recovered,sms,3846.62,2026-08-15T04:49:51.175565+00:00,2026-08-15T20:49:51.175565+00:00
178d56e2-cde3-4660-93fe-a6c62c370c07,5d1ca369-dd7b-4c47-878c-42793ec6fd4a,bc7caf00-1023-4dde-bd79-088d62271273,low,0.704,recovered,sms,4279.92,2026-06-15T14:53:51.175565+00:00,2026-06-16T06:53:51.175565+00:00
a16592ea-30ba-4a6a-8738-5fbe4f38edd6,04d3a0b9-aad6-41f1-b4f8-576a6859f951,a2c82bf3-2458-44ab-bdc8-5bc93bb10e2e,low,0.932,recovered,whatsapp,3270.5,2026-07-10T18:31:51.175565+00:00,2026-07-11T17:31:51.175565+00:00
2a6a016d-ad08-459e-9ae9-304efca4fbe3,aa7d9171-1cea-4d5c-b333-c031d1eadb20,c3e6f131-3ede-46f2-b3c1-80147ce72d2f,medium,0.517,recovered,email,4846.18,2026-07-19T17:22:51.175565+00:00,2026-07-22T13:22:51.175565+00:00
23a4fa89-9a5c-494c-b9e5-3aca3f8ec712,9627d6e6-5784-4aa3-999f-95c34f7d589a,0d1e25d1-1507-40f2-b41d-24e1719996d4,low,0.662,lost,email,3024.85,2026-07-28T20:48:51.175565+00:00,
f0394fd4-f531-463c-a4bd-56d00816a7da,4e093fee-632d-4db4-904d-36c2e9176f2b,fee7f96b-3229-46d4-b96d-3cdcd02860e7,medium,0.584,lost,whatsapp,5244.3,2026-06-06T15:26:51.175565+00:00,
c8622108-e286-46e1-a94b-9ae9420ba124,82ba6867-45bf-4715-b597-4b7934087c81,165e93c7-5bd5-4eed-bdcb-a838adbd693f,medium,0.626,lost,whatsapp,4762.92,2026-06-12T17:47:51.175565+00:00,
6ead9531-cd39-459d-bd14-f3ea07b56d1c,3c0098db-cb96-4fb6-98b1-88c321054e68,0c5b914b-b48d-4a1f-b6f7-0b734a1679cf,low,0.818,recovered,sms,3602.64,2026-07-02T01:36:51.175565+00:00,2026-07-03T00:36:51.175565+00:00
c717ee09-48fa-4f10-a659-ff8252da9dbe,ba7bd960-2613-450c-9c37-9b69228cb0f1,9ed465b2-c835-4d37-b26e-422f72c5d8b5,high,0.14,lost,email,998.37,2026-08-08T13:03:51.175565+00:00,
7566e5c7-b339-42af-9309-9922125be111,6755e1bc-bb4a-412a-86f1-21a3d23eea9e,291a433e-c95e-48a8-a685-dd5e9f64f627,medium,0.515,lost,email,6956.44,2026-06-10T11:50:51.175565+00:00,
559ef6e1-2aee-4da8-9bf7-07a8bab714df,ba4d2452-3954-4b40-be6c-bef0e215a35e,f18745d5-8380-4a66-9568-379ced0fa4bc,high,0.3,lost,whatsapp,3421.58,2026-06-29T03:13:51.175565+00:00,
dd3ad5ef-faad-4460-8cbf-8c5607426445,1776124d-a1ff-440d-be15-fda1424a33d1,284243f4-cc06-4992-81c8-8644a0294be7,low,0.797,recovered,voice_call,8029.16,2026-08-12T02:21:51.175565+00:00,2026-08-13T22:21:51.175565+00:00
a04f734e-89e4-4059-96fa-4a3373cef836,c5cc826c-46ea-4dca-b6a5-85a8c38a6b2f,f41a6f7d-5b7c-494b-a3ec-a6c1db04dedc,low,0.696,recovered,email,499.0,2026-05-29T14:42:51.175565+00:00,2026-05-30T21:42:51.175565+00:00
510801bb-7e50-4b7c-b94c-c9ce662b529b,b7b73d69-66ef-4676-a42b-90a30010a3ff,143962f0-6216-4b65-9ee5-74c8a9baff8f,medium,0.528,lost,whatsapp,2458.04,2026-06-26T05:55:51.175565+00:00,
c18f5876-fdbc-4cab-be89-8e51c03f4781,55cc7e51-7d37-42be-b4fc-b33285208508,ba8736e4-6fab-48e3-b172-f8b32ea42087,low,0.658,recovered,sms,825.79,2026-05-25T19:23:51.175565+00:00,2026-05-28T07:23:51.175565+00:00
09063abe-06be-443b-a045-48035c5b1000,86dfca1d-9bc4-42d3-954b-630dad5449aa,23106f3e-9bff-4627-b7c2-eb4e983ae7f1,low,0.895,recovered,email,4032.41,2026-08-17T12:05:51.175565+00:00,2026-08-19T23:05:51.175565+00:00
8880840d-985e-44b8-a502-c96e9d805cb5,f7061b65-31e0-41b3-8e6b-1597a91f26cd,7b16261e-0969-404c-8f8a-44281ee79d14,high,0.316,recovered,voice_call,3529.86,2026-06-19T18:42:51.175565+00:00,2026-06-20T21:42:51.175565+00:00
a2f3a5dc-20ba-4083-86be-26d9fe19146c,73492b6a-2a25-42d5-b880-cc9ff2afe49c,ca008636-4090-41d8-a759-225868043114,low,0.65,recovered,email,1622.99,2026-07-23T15:00:51.175565+00:00,2026-07-25T19:00:51.175565+00:00
ca76d1c7-4460-4aae-8a46-df09c39d2d9e,e223acb6-99c7-4f9f-9640-9d867567da80,2bb925d3-b785-4fbf-89d8-c67b41af1af9,low,0.884,contacted,whatsapp,1319.83,2026-08-22T13:39:51.175565+00:00,
9b9a573b-8101-4dd1-9fd8-d07047e4f0d4,9fd7c1f5-b616-4f45-8a67-eeb15cf2eb85,5fc05bf3-5944-401f-87a5-34dc3748c39b,medium,0.521,recovered,email,11862.58,2026-06-02T02:13:51.175565+00:00,2026-06-02T12:13:51.175565+00:00
651a277b-df29-4f46-930e-e684e3c14059,3993625d-ea74-4074-a3ea-bc7c5b53e06c,731af809-3fc9-4c7b-a269-19b55de7ac5a,medium,0.449,lost,email,1492.86,2026-08-03T19:05:51.175565+00:00,
9b192d58-b248-4034-a7a0-8d4d7149ea90,f2eb5281-b532-4ed5-9dff-5baaab49373d,f9500b8e-b9e5-4d1d-8cee-f1feaec511fc,low,0.729,recovered,email,2696.7,2026-06-30T01:02:51.175565+00:00,2026-07-02T22:02:51.175565+00:00
06f8dfb5-3eed-4e33-960d-904b3539fec8,833737ea-7a8f-4916-85c3-020e2f3eb5ae,c71779ec-7660-47fb-911b-eaa40713eb12,low,0.853,recovered,whatsapp,499.0,2026-07-16T14:27:51.175565+00:00,2026-07-16T19:27:51.175565+00:00
402dbd02-76f1-4d20-9b11-a0bb91d0f9a6,9bc7d75c-77b2-40cd-af4e-28040fa7df10,6774566b-1c04-449c-96c0-43e9e372d405,high,0.243,lost,whatsapp,17120.06,2026-06-25T10:49:51.175565+00:00,
bb1bdb47-53ee-49ce-8ad6-b3cc89d49e08,d4e4999c-7185-4501-81b0-21a607e847a5,a194bf4e-b809-420a-8aad-4869ccacff59,medium,0.47,recovered,voice_call,1610.66,2026-06-06T13:57:51.175565+00:00,2026-06-08T22:57:51.175565+00:00
c95cb831-2c94-4af9-b8c8-9ea1789e282f,84cff118-607e-434d-bd26-724774e05f2b,163a796c-b68d-4941-8eae-9a45a4dd01ff,medium,0.604,recovered,sms,2825.27,2026-07-17T09:42:51.175565+00:00,2026-07-18T08:42:51.175565+00:00
6611f60d-f4f3-40dd-8873-07bfc3550bd7,3e68f9fb-3a9b-4bae-b3fd-f0cb29e1ab2a,5d5e198e-8584-4e85-b7f3-5a9629bfa4a9,medium,0.386,lost,email,3262.41,2026-07-13T04:13:51.175565+00:00,
2f3f61ee-6190-4bf9-898d-638269fc0acb,be3a17f9-823b-4ea1-81b9-a7256b993ab0,a6ff5af1-f0ea-409c-9ab7-6400c6876448,high,0.333,lost,voice_call,2361.49,2026-07-19T10:20:51.175565+00:00,
71d3049b-ec5e-46a3-804b-795aede0f2ff,d7cf6218-9c70-44c9-80a9-4a21128fbc67,964a0043-8bd0-4d09-b60a-d066a47920cb,low,0.784,recovered,whatsapp,3669.9,2026-06-14T16:27:51.175565+00:00,2026-06-16T01:27:51.175565+00:00
5d1b587a-583c-4ab8-bc85-64ce4f1523bb,6261f476-57fe-46a9-b194-1d1d2887d1d9,2cb031f4-0cf2-4082-b5e1-0329f000f389,low,0.685,lost,email,7721.74,2026-08-09T02:14:51.175565+00:00,
8a8fa429-4e4e-4b0d-bb35-55754576507f,a4e0d15b-40c4-4def-86e3-1b8c7d7a30e6,0343ca15-0cda-46b4-af2d-2476e11c8d32,low,0.683,recovered,whatsapp,6035.69,2026-08-05T23:30:51.175565+00:00,2026-08-07T17:30:51.175565+00:00
ced3cadc-c9cd-463f-9340-18432f81b92f,8168492b-c27a-4925-a5c0-50858b9956d9,f76ed38c-c26b-4477-8eed-791ebda0407d,low,0.669,lost,sms,2546.61,2026-05-25T00:30:51.175565+00:00,
150968c6-9edb-4046-8a4d-0fe71c8f6537,c7355be6-b989-45e3-97a4-69be2f288165,d35cc2e9-608c-4c6f-be9c-42d0b79d4aef,low,0.677,recovered,email,1360.93,2026-06-17T07:59:51.175565+00:00,2026-06-19T13:59:51.175565+00:00
322ad0cf-2aed-4c17-a754-995b961076f4,7d98ddd2-f335-48b6-9000-eccd7efd8d2a,c3bdb76d-5687-434c-afcb-c2ededf9ad1f,low,0.723,recovered,email,915.17,2026-06-08T17:07:51.175565+00:00,2026-06-09T19:07:51.175565+00:00
52f4b2d8-fd4a-4674-9935-796c8f936382,2e7e794d-4e4b-4f15-961a-cfd3c73e91eb,fcb83f96-33b0-418d-8589-c559ab5f834c,high,0.314,lost,voice_call,2757.1,2026-07-19T13:56:51.175565+00:00,
432148fd-2be0-491e-88f3-8c916bde1847,d106539d-dc65-4995-883e-2bdfd6a35412,bd2e79d4-e1fa-4f29-b399-fd2685f5dda0,high,0.184,lost,whatsapp,14400.69,2026-05-31T21:06:51.175565+00:00,
075397b9-1d0d-4901-8564-a9a8bf9c6a35,8080c027-f571-40d7-8d22-ec2254a1b4b0,74953f40-be70-47f4-babb-4dc51ac59d11,medium,0.46,recovered,email,4995.93,2026-06-13T11:22:51.175565+00:00,2026-06-14T05:22:51.175565+00:00
2564be09-0a14-41c3-8058-8166b9b7888e,eab51707-bbc1-4a6b-9861-fef7106be43e,2a434f61-3aea-4eb1-a176-e1eaa69f46ee,medium,0.567,lost,sms,1684.53,2026-07-19T16:06:51.175565+00:00,
dd7e0d35-6129-4f20-aeb8-56facd7e0498,a4c41574-a164-41fc-b979-d3feca7210b5,68a7f245-12a5-47fb-b57f-9524a30ff583,high,0.293,lost,voice_call,8586.11,2026-06-07T11:58:51.175565+00:00,
bbca0d09-1475-4a64-8518-ed51a6d356b7,81baa5f2-6683-409c-8200-73221b83b8cf,e3f5655e-7642-4140-8b01-bc75ca185c03,medium,0.545,recovered,whatsapp,5079.91,2026-07-23T14:16:51.175565+00:00,2026-07-26T13:16:51.175565+00:00
21e9e70c-2a87-410a-b535-2a330d68ec94,434cd013-b4f4-4281-bb6d-d451d06259f5,ed16ae8f-d0f5-4f5c-a7a3-d760bbb3c9bc,medium,0.386,lost,whatsapp,1618.19,2026-06-17T18:16:51.175565+00:00,
b5659abe-31b0-40de-8290-ce412e27af32,bec525ed-9b8c-437b-a887-f2fbc9f1bb32,45d1a590-061c-43bd-bee7-852b53cb8dca,high,0.324,lost,whatsapp,8863.76,2026-06-14T02:55:51.175565+00:00,
55567289-cf81-43bc-ac36-ca94d7456681,d5a9097f-deee-44a1-a7c8-6c7cbf9733d8,1160d1f4-4345-4676-8626-5b3a10f178a2,low,0.718,recovered,whatsapp,2382.66,2026-07-25T13:06:51.175565+00:00,2026-07-26T09:06:51.175565+00:00
f0ed6122-917c-41be-8830-4c109963336d,82846ed1-5b34-41ea-a5dc-f537bec67d4d,9e38a5de-29fe-433e-aa76-bea8ffeff5a8,medium,0.564,recovered,whatsapp,7019.16,2026-07-26T13:52:51.175565+00:00,2026-07-28T21:52:51.175565+00:00
1644de81-1343-461f-a2f7-92cf5da41010,6757eb8c-bc8f-4d79-aec6-6be3835f913e,9248cf16-4c4c-4b92-b956-a2fcdd52ae93,low,0.87,recovered,email,1593.86,2026-08-08T04:18:51.175565+00:00,2026-08-09T17:18:51.175565+00:00
4c925b1f-e307-4187-a01b-9b4773c2e22d,51ef0d0e-fcc6-4f1d-8c4d-5ab08b7c374f,aa2e3649-47f6-495a-a861-d69e769897f6,medium,0.424,recovered,whatsapp,3269.95,2026-06-22T22:22:51.175565+00:00,2026-06-25T11:22:51.175565+00:00
13a61310-5300-4330-9a07-75bfa0d1732e,553f3e49-5dd9-4629-8b81-17074aa93d2e,8b419558-d4d6-4ef6-92b4-5cafdbc2c0aa,medium,0.63,lost,email,6101.79,2026-07-25T10:53:51.175565+00:00,
43bc74bc-7e6e-49a4-ac72-5e2e2dd7deb6,a104faab-63ab-4349-b115-5d001596cc07,1f554a1a-648f-4c73-96c8-4ac8379ff8fd,medium,0.431,lost,whatsapp,6062.24,2026-06-24T08:08:51.175565+00:00,
ec678595-1ea2-45c0-8079-85a752d9eae6,919def54-0ac8-4449-b9f6-10acd664e94e,a09a3210-5585-42b7-bc7c-26bc4bd8aae7,low,0.81,recovered,sms,3471.93,2026-07-31T15:37:51.175565+00:00,2026-08-01T01:37:51.175565+00:00
4a9f6011-d074-4dd4-aab8-a00e91607043,639f5d39-e9bf-4b60-bf69-080f9005d6e8,3b9be457-4303-49da-9aaa-806f46f34302,medium,0.45,recovered,sms,3046.46,2026-08-09T22:32:51.175565+00:00,2026-08-12T09:32:51.175565+00:00
84e186c0-064d-4aad-8d32-597186a4ce8b,7e3400e4-15ac-4865-b002-aeb95a4f837a,419db693-a2ed-4951-aa57-558b6a87c61b,low,0.763,recovered,sms,766.69,2026-06-03T17:02:51.175565+00:00,2026-06-04T02:02:51.175565+00:00
f560a39e-848e-4c50-ad33-8a0572d43070,cd9b0972-085f-4e19-a4f1-7f2881641b51,d45389cf-42a9-40e6-9d76-9933f96e2ff2,low,0.844,recovered,sms,1991.99,2026-07-02T15:17:51.175565+00:00,2026-07-03T18:17:51.175565+00:00
01059189-563f-41bc-ab31-048543535c46,9623d2e6-89e9-4dfd-b39c-4993985f1747,db88d1fa-bab2-450f-84fd-d2b60b193241,medium,0.599,recovered,whatsapp,950.19,2026-08-10T07:13:51.175565+00:00,2026-08-13T02:13:51.175565+00:00
75ffbbb8-2768-4e86-9a4d-2cff2e08be92,c402754e-5a34-4003-a29c-19eca30c5b8b,99db3a6a-0570-4d0e-bafd-a02c8dc7897b,low,0.714,lost,sms,1019.08,2026-06-11T03:57:51.175565+00:00,
4e7f8658-7f64-4f1f-aef8-cbdd423cdb36,7c43f147-c520-4b93-9c6c-a48b9d832500,272b7eaa-b4cd-45c3-80f8-467727eab8e0,high,0.345,lost,whatsapp,4651.99,2026-06-22T05:42:51.175565+00:00,
fffcc58f-5cab-4792-ab3c-85a1fec6ad94,5e0bd231-ce0d-4cc3-a42b-0acfc5b4ac12,a365cb2f-4f4d-41ae-916a-cc645fe5ad63,medium,0.548,lost,sms,4370.58,2026-07-13T06:25:51.175565+00:00,
a8682523-4724-45e1-899b-65d5c91fb2ff,13bbabf5-da1b-4133-b70f-6c902ba7ec58,5826db20-8459-4d97-a458-8987c668a353,medium,0.539,recovered,sms,1118.04,2026-08-13T12:32:51.175565+00:00,2026-08-14T10:32:51.175565+00:00
9e014c0e-c30c-40f2-a875-bedf2296b898,763b3be9-5733-4408-9de1-c040c1c559bf,a47a88ed-3570-4edc-a5d2-b47b5ec21e98,medium,0.599,lost,whatsapp,11099.53,2026-06-25T03:47:51.175565+00:00,
67cde563-8eba-46a1-b4dc-1ccb715c8ae6,6a3048ce-aa3a-46d4-9423-c1a0e98ce1a7,38432495-1005-4b2b-ae12-4f984c0c067d,low,0.685,recovered,whatsapp,6726.92,2026-06-14T21:21:51.175565+00:00,2026-06-16T13:21:51.175565+00:00
f192eb6d-bd9f-4770-aab2-4a55ad6bd1e9,fd48c749-6978-4c6a-8271-8d2bc0f9c3bd,f21a6741-2065-410a-a3c9-dd1e3275c9ea,medium,0.432,lost,sms,3156.37,2026-07-22T21:36:51.175565+00:00,
6096b2b9-c3d8-466b-9ccd-e4d688713975,0890a05a-4d52-46a3-b022-09049b885737,cf16f5c2-1e19-4bc4-a90a-959ecdd5da39,low,0.771,recovered,sms,974.18,2026-07-03T23:31:51.175565+00:00,2026-07-05T23:31:51.175565+00:00
7eb356a6-bd00-4b33-9937-f2a61ed21f59,4199c767-7e48-45a6-aaa9-0e34f8c07646,4da0f29f-7abe-4bb1-b5b6-df2ae9cf0d65,high,0.258,recovered,whatsapp,10110.86,2026-06-18T17:28:51.175565+00:00,2026-06-20T15:28:51.175565+00:00
34fd468f-a57a-44e8-aa3e-e1f28530bd45,51852585-bddf-440d-a1ac-5b1193713c76,43480d76-0e1a-4b0e-8412-1eb70d8cb9de,medium,0.471,lost,sms,499.0,2026-08-17T20:27:51.175565+00:00,
ebc53992-268f-4a04-a47c-0760ed88ea55,1332beac-5d5b-4c1f-b658-8401fe028e5c,2529651d-d543-4b24-b7b1-160ce2cca9d3,low,0.712,recovered,email,846.36,2026-06-13T09:41:51.175565+00:00,2026-06-14T15:41:51.175565+00:00
2ff571fc-6e70-413f-b7a4-3a0d608eec86,988290c1-5211-457c-99f6-af3244178ecd,55bc5687-608d-4564-9bb7-7e03f61fbc60,medium,0.626,recovered,whatsapp,4926.97,2026-08-03T03:12:51.175565+00:00,2026-08-04T10:12:51.175565+00:00
52673423-1105-4134-b7cf-223edb2542ee,2f2cc853-4bd1-4d45-bf2a-d11315f3768f,06d5804a-747a-4247-95c7-3e234be13523,medium,0.606,lost,sms,2414.72,2026-06-07T02:20:51.175565+00:00,
829e97e5-2327-4a5e-919a-73bd4e5adbe6,0bc4c5b3-186e-4831-8207-c0a7e7f4ce43,0d196797-b994-4410-98f6-0e75f47fd308,medium,0.581,recovered,whatsapp,8836.06,2026-07-17T01:32:51.175565+00:00,2026-07-17T19:32:51.175565+00:00
6b77121b-49d2-4146-af94-acc63608ad31,1c868f4f-fb87-4945-853a-7296fa20e032,75f16e1f-9951-4359-9f92-bd503aada4a0,high,0.303,lost,whatsapp,499.0,2026-07-09T17:35:51.175565+00:00,
8ab92670-79a0-405b-872e-091b41bcd714,3a3d8572-bd99-4c56-b255-788a30dc851e,9866e87c-f13f-41c8-a14a-c876c5bfefdf,low,0.683,recovered,voice_call,6881.5,2026-07-20T09:25:51.175565+00:00,2026-07-22T09:25:51.175565+00:00
e63b699d-779b-401a-9091-8005a6ea9075,83b79ce6-73b2-4121-a61f-d57e8ef957ae,00f89a40-7eda-43cf-9e5a-e4113fc55891,low,0.729,recovered,email,5811.8,2026-08-03T18:00:51.175565+00:00,2026-08-06T04:00:51.175565+00:00
cfdbbefe-ee58-4d06-8b0c-0b00133fe8db,e4f5c94c-0ddd-48ad-9c70-323ea41fdf3d,5a58b933-24f8-4d74-aaff-54fa2c346242,medium,0.619,contacted,email,4199.61,2026-08-21T11:10:51.175565+00:00,
a98cf263-fa2f-4794-a6b8-a2d064108d1d,707dc36f-4446-4314-abe2-ce1bd4018058,7cf03ce9-ada2-4e3a-bab9-2d261997d66b,medium,0.553,link_opened,email,1156.72,2026-08-22T02:35:51.175565+00:00,
95134cbe-2b87-4ba3-8c6e-d3695728de93,cb0f4192-582d-46ac-9f5d-3e90ff71fc56,51bb7c9b-2008-4c6b-9e7a-066685ebea78,low,0.749,recovered,whatsapp,775.74,2026-06-04T13:20:51.175565+00:00,2026-06-05T19:20:51.175565+00:00
41623e85-9898-40c7-9f0a-46030d062564,f60377d9-f69d-4f01-b538-ed07424ff52c,9d30606e-8a35-40ee-b860-24a50f5351cc,low,0.703,recovered,whatsapp,3882.69,2026-08-13T04:29:51.175565+00:00,2026-08-14T13:29:51.175565+00:00
4c2f8568-c781-43c3-925d-24e949e8103d,749aaded-46e0-4fa3-9f73-cf1176fe9c54,6525eaf7-f281-422f-95a4-93fb9156e4cd,low,0.913,recovered,whatsapp,1696.84,2026-06-19T03:38:51.175565+00:00,2026-06-22T00:38:51.175565+00:00
2e593f06-3b5a-4a28-a436-eb13329e6b92,b34c0531-4d9f-4c9f-bca8-308162519935,697151d0-4b7c-4025-b10a-81477c3977a8,low,0.711,recovered,whatsapp,2718.74,2026-08-19T19:31:51.175565+00:00,2026-08-21T15:31:51.175565+00:00
8e855572-a4f4-49d3-965d-afa81d09dbca,ae0e1398-4f49-4833-bb3d-f7eb46ee87ff,adc10277-1640-43e4-ba0c-fe0a27167423,low,0.863,recovered,whatsapp,499.0,2026-06-25T23:14:51.175565+00:00,2026-06-28T00:14:51.175565+00:00
c2f79f91-8087-4813-948e-06a1ba93cc32,bb11ad63-47ba-4e99-8abd-db902618ae5c,41b4dde4-be38-4652-be1b-dfebc4f809f5,medium,0.485,recovered,whatsapp,5336.59,2026-06-28T01:55:51.175565+00:00,2026-06-28T10:55:51.175565+00:00
f8429724-545b-42c0-b482-8abd84ce8b92,a34d6834-731c-40ff-8605-3851b43fff91,2685f01e-1fe3-4e77-90ed-44226e53e048,low,0.742,lost,sms,1987.47,2026-06-26T21:26:51.175565+00:00,
594179ac-70e2-4340-930c-0a76351f59a7,26736c4e-d52f-4b5b-bb62-c37067d6e7c4,901eb89f-7b35-4d04-8986-1c5e3eada96b,low,0.667,recovered,email,1012.3,2026-08-08T10:01:51.175565+00:00,2026-08-09T17:01:51.175565+00:00
138f98db-a5c6-4270-8448-10230be0b1c3,78e75144-3fd6-4667-97cd-0e10186d7b64,4007867d-1e35-44be-ad72-28186f1ebbc2,low,0.872,recovered,voice_call,3147.0,2026-05-27T23:02:51.175565+00:00,2026-05-29T19:02:51.175565+00:00
a8e00919-5195-4fc8-9bec-5f6d593cc942,2dc25c2f-af22-4709-8507-e47075928bb7,543a3cbe-a609-49fe-92ef-c9fc64ebc1f1,medium,0.417,recovered,email,3283.95,2026-06-15T14:55:51.175565+00:00,2026-06-16T12:55:51.175565+00:00
e02bc698-05a7-41dc-a890-7cddd692bf32,0c00d3a5-d85f-49e7-baee-ab457a00121b,f8f0d68d-f0f3-4bf6-9bf5-02b4b08239db,medium,0.638,recovered,whatsapp,5869.28,2026-06-04T12:10:51.175565+00:00,2026-06-05T10:10:51.175565+00:00
b6a809e8-db43-4a2b-bb3e-d8475eda4792,2de57044-c9d1-4c2b-a99e-30dcccac11de,f2664749-e463-4982-b0da-4be6f9f1635d,low,0.886,recovered,email,2599.32,2026-06-25T23:51:51.175565+00:00,2026-06-26T21:51:51.175565+00:00
2fb7df70-b6d0-4380-8465-5a66fce847aa,1809fc9e-a242-44b5-a1d0-1eb0af1455ac,e478e3b6-2cbc-419a-86f2-270c9ebd826b,low,0.937,recovered,email,1826.16,2026-08-19T14:32:51.175565+00:00,2026-08-22T09:32:51.175565+00:00
4353964a-7570-4769-b599-a60e368258f0,846628cd-52f7-4172-bc59-5004ed933730,722381b2-6cb1-4cde-a6a2-e2287a99b8d0,medium,0.546,recovered,email,1958.2,2026-06-22T14:23:51.175565+00:00,2026-06-24T11:23:51.175565+00:00
0d58f7ba-00d1-4520-b0c4-72706075959e,1555cdaf-d4de-48b9-a9d4-8d11fd711f9a,c9d22cf4-5f9a-4260-9b49-fcc3f7b339ad,medium,0.481,lost,email,3460.84,2026-08-17T13:14:51.175565+00:00,
0685e9d0-fb58-41ee-8d93-0fa9e0a85d33,538f9564-4664-4967-a15f-446283eb56d6,1f2f01b1-9d9c-4f2d-bff5-6fbe68b65453,medium,0.634,recovered,whatsapp,2889.43,2026-07-16T06:18:51.175565+00:00,2026-07-16T23:18:51.175565+00:00
cf1ec0da-9253-4637-ac52-91a50d00bf7c,c8b94961-11f2-487e-8903-759549543962,a5258fa1-8a92-4928-a604-b444c9947535,low,0.813,lost,whatsapp,1429.78,2026-06-20T09:24:51.175565+00:00,
acaf1ae2-c01d-49b6-9c7c-7ad09242b717,1bc06f0b-9eda-42d6-b53a-07c6d485e9ed,05446a33-c788-4b6e-a53b-da5feab1c35e,medium,0.566,recovered,voice_call,1086.62,2026-06-15T23:25:51.175565+00:00,2026-06-18T17:25:51.175565+00:00
eee5bfc5-be0c-44bf-af47-d95567ac3067,5a02fc90-19d6-48ca-9705-437ffd645f21,d9ff6050-93b9-45e2-af15-b216dda5155a,low,0.893,recovered,email,3619.53,2026-06-24T13:51:51.175565+00:00,2026-06-27T00:51:51.175565+00:00
0676a4e0-3739-4c9d-8c50-e089a4174142,ee0f1441-6b34-4b02-a355-659ab2199d48,ec2b8cc1-8a0d-474f-80b6-6c6431f39847,medium,0.589,recovered,email,676.65,2026-08-07T21:00:51.175565+00:00,2026-08-08T07:00:51.175565+00:00
f15858ea-cfdf-459b-a4bc-2d78a2d246ac,4f0cf368-bf4b-45b4-bcdc-dee7ed614e57,abb47a89-9d2d-4447-aa41-1a2d555fc714,low,0.753,lost,whatsapp,4112.66,2026-08-14T07:51:51.175565+00:00,
c25a0533-dc54-4d2d-8004-4fa2fcbd7908,766c8876-5f80-4a46-9aba-80a180af4ef6,509fc53c-01a4-4f38-9264-2326e9dcb9e3,low,0.824,recovered,email,3235.29,2026-08-15T17:51:51.175565+00:00,2026-08-18T13:51:51.175565+00:00
8a13fc55-8d8e-4822-a23c-1e532bf5de71,99f145ea-78cf-4df3-86cf-2a6c7e00aaf2,141237b2-b337-4fb6-bc83-5f2827ab537a,medium,0.426,lost,voice_call,4056.76,2026-06-05T17:00:51.175565+00:00,
cda17f45-1eb3-4a60-b4ea-85fab422ab12,e83787ad-9b73-47ae-b737-0662126cfcd3,261314c2-4377-45fe-bff3-afc6ba7c2cec,medium,0.581,lost,whatsapp,6102.88,2026-05-25T09:33:51.175565+00:00,
e211cc71-6adf-4878-abf0-2dc8cdcca59e,8b23b500-bd7b-4b34-bd7f-ad4cf5482a89,26447012-0b3c-468e-9488-0503b988e7f7,low,0.678,payment_attempted,email,2340.48,2026-08-21T22:27:51.175565+00:00,
80f14938-e2a9-413e-9a7f-2951b2575263,7fbe30a7-a61c-4438-8093-823d18769545,9c352b18-a807-4105-bb91-acccc20bfe82,medium,0.491,recovered,whatsapp,6608.3,2026-07-17T13:03:51.175565+00:00,2026-07-20T06:03:51.175565+00:00
64eaec42-3ebd-4eb9-8f15-e6e59b6372d3,69a1ae0e-7273-4732-8ec6-7b811a613455,935a4109-a192-468f-8062-1080435ba14d,low,0.854,recovered,whatsapp,4109.57,2026-08-17T07:30:51.175565+00:00,2026-08-18T19:30:51.175565+00:00
a834ac46-1830-4b2a-82e1-b05c411cf6c5,b18ec37a-1b3b-4305-aad1-668b0c8d652a,65e66819-e2a5-4057-8737-5f1f64ec4bd1,low,0.841,recovered,sms,499.0,2026-08-15T09:00:51.175565+00:00,2026-08-16T13:00:51.175565+00:00
f00aae8a-067d-45ee-9087-fe956414116f,a8d8ca93-5b12-4598-b991-2649bbf476b8,607351e6-8a69-47c8-8ef6-4de9b54be323,medium,0.603,recovered,sms,1670.46,2026-08-02T19:19:51.175565+00:00,2026-08-04T01:19:51.175565+00:00
bd150a4d-41c3-4f86-aeb4-dc0f5dfdaec1,831d11a7-7017-471c-80fc-84a0f6f3988b,8238d249-aea3-4a44-b255-6a4c91ce9c52,medium,0.358,lost,whatsapp,4344.93,2026-07-31T00:22:51.175565+00:00,
eaf12fa0-fd85-4d97-a3d7-bd6de4eb7482,0ebebafa-ce00-4dba-8168-be2b03f2ec91,5c55f0de-e68f-48fa-9556-d479e1816151,low,0.682,recovered,voice_call,499.0,2026-07-27T14:27:51.175565+00:00,2026-07-30T11:27:51.175565+00:00
33582cb8-85a6-4f90-b50f-1d77ff5ee473,b232ea75-608e-4368-a4d1-8372d203890a,665ac4b4-69fd-4b31-9f7c-bb0a01e5f6a8,medium,0.606,recovered,whatsapp,3272.48,2026-06-11T10:44:51.175565+00:00,2026-06-14T01:44:51.175565+00:00
2e3aa3e1-75fd-41ea-9808-0ba3176ead23,1e0aee64-1ab7-417f-a551-12da7326a52d,1ab486cb-3c05-43d7-ad37-503277dd780a,low,0.691,recovered,email,2804.06,2026-08-13T06:05:51.175565+00:00,2026-08-14T20:05:51.175565+00:00
8f52c0b0-70ff-4a7c-be31-94f7e3628ff6,1fd473dc-14c1-4eae-97df-bea04831d962,92b90ccc-0bc9-4082-9360-fbf2c7da14db,low,0.856,recovered,email,2160.22,2026-07-25T15:15:51.175565+00:00,2026-07-28T02:15:51.175565+00:00
e8dae44f-6277-4b2f-a5fe-6651ccbef421,a6c116e8-dfb9-480d-9328-2b137af3c4a2,07f62da2-bbf4-4c8f-af09-6b95cc51aa2c,low,0.731,recovered,whatsapp,1636.54,2026-06-13T06:17:51.175565+00:00,2026-06-13T23:17:51.175565+00:00
1a85ad55-5d90-48ea-a92d-dd92e4c70562,34844d16-7a4e-401b-8ed7-8ba0e91e2f59,bc7a27e0-7a98-4400-bef0-a60f1e00ff30,low,0.714,recovered,email,2260.36,2026-07-30T02:20:51.175565+00:00,2026-08-01T02:20:51.175565+00:00
70e064a5-61c6-4091-8463-78a3dc28b2a1,f4b0ec4a-c5aa-4918-a453-5cee0f063ef9,ec95d670-f248-4c8b-86ec-a0eb7b4e5074,low,0.912,recovered,sms,2530.21,2026-06-16T15:04:51.175565+00:00,2026-06-18T04:04:51.175565+00:00
b4b17de0-f66a-4d10-a800-6ef42829bcd3,8b254b92-8355-4824-a874-00556777e08a,18c2c6ee-9114-4c78-ba44-97829ae17cff,low,0.684,recovered,voice_call,2702.61,2026-08-10T20:46:51.175565+00:00,2026-08-13T05:46:51.175565+00:00
853ecb28-0cfb-4b30-b871-077714dd10bc,6d5999e8-6788-4913-a8a9-9e023a1be305,6e911fe0-ace3-4f6d-81e1-89f0c3cd80e8,low,0.704,recovered,sms,1785.12,2026-07-20T03:03:51.175565+00:00,2026-07-20T22:03:51.175565+00:00
30ba3311-582e-466f-9dac-e16df3229557,b84c675d-377c-4198-b7a8-31a742862f97,9843dc61-3fc4-4952-8613-f7ae07e829ca,medium,0.606,lost,whatsapp,1879.84,2026-08-07T00:40:51.175565+00:00,
10d66a16-4398-4715-8b20-f74dc3d427e4,cd8dcc6a-2ff6-44fd-b60b-05bf83377545,b628fc23-4d6f-4599-b815-be23fcb28156,low,0.747,recovered,email,4842.29,2026-08-11T22:13:51.175565+00:00,2026-08-14T00:13:51.175565+00:00
be24c7b9-5f14-40a3-8a9d-b330585781e1,60dd443d-0bb2-458f-a6a3-c54fc8fdd92b,8c0dbb36-986b-469f-be14-3a04ce945ef6,low,0.854,recovered,sms,1423.5,2026-08-15T03:32:51.175565+00:00,2026-08-17T02:32:51.175565+00:00
657fff70-d83b-426a-a419-d58eeb6dd55a,4701fe8d-e1d9-428f-8463-0e375abb3315,e4dad149-e1a4-48a4-b0e7-d0d9384c849b,low,0.784,recovered,whatsapp,5434.91,2026-06-10T13:27:51.175565+00:00,2026-06-12T11:27:51.175565+00:00
8367fee1-cb29-4969-88b6-5aec734c0e0e,2e1faabe-4ff4-411f-a493-7c72c1d7ea29,60d5448b-b4a3-457b-a54f-543c81aa9fc4,low,0.754,recovered,email,2678.43,2026-07-31T04:21:51.175565+00:00,2026-08-02T23:21:51.175565+00:00
75af0799-3ddb-4eca-8e6f-cdf0ee460a0b,82057fa5-c03b-423a-ad76-38b51d200394,0a2b777f-0573-4b57-a2e4-b6e782ec72c2,medium,0.449,recovered,whatsapp,3769.27,2026-06-15T18:35:51.175565+00:00,2026-06-16T05:35:51.175565+00:00
6a66e8a1-e268-416a-97de-6d562cabb7a9,115dd468-1597-4793-b311-9d35fc9c8024,2f1ae767-58f1-480f-8516-0e33ed9146cf,low,0.745,recovered,email,499.0,2026-08-08T02:51:51.175565+00:00,2026-08-10T19:51:51.175565+00:00
f2608424-a681-49b9-97b2-bb8eac2c3ac3,da0f75c3-edbe-47d4-98a0-e7d6d1e0fbdc,c8e4b7af-ac10-4087-a935-2a816c40950b,medium,0.626,lost,whatsapp,12517.64,2026-06-09T22:31:51.175565+00:00,
f9f54c45-e1d1-4f82-becd-d6cf45ded2a3,5c2fab8f-d6cb-47a8-9940-94b5f94ff866,76009d48-9f6e-4657-b339-ba9c71b142e3,high,0.276,lost,whatsapp,7397.44,2026-08-18T15:17:51.175565+00:00,
4d8dbc6a-cbc5-4cae-8804-4d46cf298240,e4053cba-6159-462f-8f24-165e2e4db571,008883f1-c587-458f-b90c-eb708d7afbb5,high,0.234,recovered,whatsapp,1461.47,2026-08-06T14:37:51.175565+00:00,2026-08-07T22:37:51.175565+00:00
9214b14d-2999-4d0e-8c17-b1bd97bef180,2c8c7fb4-d1b3-4d91-94fc-87939ada1a7b,fc098d4e-5fc0-4a4c-b208-2f20c9a6334f,medium,0.419,pending,whatsapp,689.94,2026-08-20T23:21:51.175565+00:00,
4336ee47-c8d9-4311-bd52-b9a4e6ad3c01,7ba70b67-1f2b-4747-9ece-36cd4222757e,c4d83501-85cc-4624-b479-c24b8baa0661,low,0.698,recovered,email,8802.0,2026-08-14T04:09:51.175565+00:00,2026-08-17T04:09:51.175565+00:00
988a734a-3139-411d-933d-2254373273bf,8370916f-6921-435a-823c-be879df0431b,ff98fb6b-ea86-4e45-96b4-67a963e0cf18,medium,0.474,lost,sms,671.55,2026-06-14T14:30:51.175565+00:00,
9fdb5cdd-1c5d-4e02-88fb-e55dcb993792,922f6314-41ec-454b-9f3b-75c28b6e2c08,f8f1b998-92ba-4d6f-9f4b-7792a572fddb,low,0.709,recovered,voice_call,3773.65,2026-05-25T19:07:51.175565+00:00,2026-05-28T10:07:51.175565+00:00
091049c8-c233-4dac-8c21-dacba83de3e3,d413c5ae-6baa-442c-b5c6-4cc7944f012b,84f1e215-91a1-42e0-af01-159538a13560,low,0.762,recovered,email,1018.82,2026-06-23T21:06:51.175565+00:00,2026-06-24T15:06:51.175565+00:00
5826412f-41c0-40fc-b99e-0028b799f257,4fb90823-4fb0-4869-94ed-7cf7e60badad,4e432573-104f-4ab7-b819-6031dd238899,medium,0.638,lost,voice_call,2159.37,2026-07-27T10:56:51.175565+00:00,
fa410a7b-0263-44d5-9341-edef70363fc7,eff7b4fc-0d93-4ea9-887f-1678a90539d3,b248d027-587b-4e0a-b9eb-a5f39ca6bfb2,low,0.891,recovered,email,1940.73,2026-07-11T22:09:51.175565+00:00,2026-07-12T02:09:51.175565+00:00
dc4ee1bd-8797-4aba-8b6b-c2d9df14816c,14f740f7-7c87-462c-b725-3300161272bf,03cf6848-38f0-40a0-b9c6-b8c27b6fd8fd,low,0.726,lost,email,780.91,2026-08-03T09:32:51.175565+00:00,
28fec17a-087b-4239-a870-592fd0ae0b4a,c449a408-2b41-42e8-8a0c-15f8dc84de73,db2bc847-ea6e-4ff5-91cd-ada62b1d9705,medium,0.421,recovered,whatsapp,3707.44,2026-07-18T23:21:51.175565+00:00,2026-07-20T12:21:51.175565+00:00
5f5e11ba-e0b7-4dcb-8e16-dab14aae8d6d,4e0b5ebd-b56a-4a92-9286-8b759864ec13,26c734a3-1daf-4831-9815-33750f15fa89,medium,0.505,recovered,email,7145.69,2026-06-22T18:46:51.175565+00:00,2026-06-25T06:46:51.175565+00:00
f67ec36f-e8df-4fb4-a428-6164505d9c33,00432794-d5df-4ab6-ba7c-f0f7653191c5,6bfdbdd5-4cdf-49ae-ace1-32fb3e5f7493,medium,0.562,recovered,whatsapp,4066.44,2026-05-29T04:13:51.175565+00:00,2026-05-29T18:13:51.175565+00:00
8dc2a128-c969-48cd-9bf0-e38ff63668ef,5a64ef80-2c48-4afd-86a7-2269dc21860a,1ab1ae12-603c-43f0-ad89-539465ba5980,medium,0.624,lost,whatsapp,2011.53,2026-07-01T23:20:51.175565+00:00,
0bc26146-9c40-4b69-80fe-6d1ec7fbf59e,fcfef13c-1035-4083-9bc0-4bea887f9fe4,0785021f-38b1-43ac-bf6f-7ccf59394c1a,low,0.81,recovered,whatsapp,10029.66,2026-06-21T04:22:51.175565+00:00,2026-06-23T16:22:51.175565+00:00
7cd5e94a-f0db-4109-a033-e5346a010bc1,735ed48e-fbda-4ccd-a36c-01af0d69880f,8f6017d2-94b9-43b7-a8b3-5abe9c7b1548,medium,0.483,lost,email,2745.82,2026-05-27T14:39:51.175565+00:00,
28ff0118-d956-41b4-933e-001068cd2c78,712b2e47-0a79-43f8-9843-c450b736f845,c58c6c2b-8467-46d8-818f-8b6e89f6724b,medium,0.437,lost,sms,5915.76,2026-08-16T01:44:51.175565+00:00,
57e55a2b-6d54-4625-beba-1490a756c45e,6778f11f-69ee-4024-85ff-29e2d9ef1473,7a5e4b1d-e0b1-46b9-bb6e-2ae4a55d6544,low,0.723,recovered,sms,1481.33,2026-06-23T07:29:51.175565+00:00,2026-06-24T15:29:51.175565+00:00
ebf03bda-9680-4059-91a5-11699e62907e,a835f9d1-d3e3-4785-a6af-6155e42c9b51,9e1d2f12-4d56-4262-86c6-c569f37e7ade,medium,0.466,lost,whatsapp,1649.52,2026-07-17T13:17:51.175565+00:00,
c4cbe9dd-09fd-4829-86cf-45da532504e3,b9017dd9-c0c2-4869-b62c-03ccbb08b19a,720ce16a-e1c2-42cd-83c2-8e3685544b84,medium,0.64,recovered,whatsapp,1041.42,2026-06-21T11:56:51.175565+00:00,2026-06-23T10:56:51.175565+00:00
1eef28b7-f861-4235-99b6-6289d79afef8,e4f5c94c-0ddd-48ad-9c70-323ea41fdf3d,4dbedd3a-e43f-4aac-acf4-ef8cf69599af,medium,0.488,recovered,email,4708.29,2026-08-11T09:29:51.175565+00:00,2026-08-11T15:29:51.175565+00:00
dab8e827-e693-4c20-867c-41b4203fbfdb,7deb3dc1-1127-4b54-bec4-22622d6960fd,69b3c218-98b5-4a3e-adb0-8c31a1c604b0,medium,0.614,recovered,sms,8991.76,2026-07-16T10:30:51.175565+00:00,2026-07-18T16:30:51.175565+00:00
2430f70d-c9b9-4266-8247-7bb9b8960f90,bfaecaa1-725e-4a3b-9553-235838618e01,6cb36804-3291-4aa5-9ac8-1a5f3bb3d5b8,high,0.163,recovered,voice_call,4885.04,2026-05-25T23:43:51.175565+00:00,2026-05-27T12:43:51.175565+00:00
685fa228-2e3b-4dde-a476-c2df093453d8,ba3066e7-3004-4c2a-b4d8-dd84a26b0dee,c5145b92-8c10-4981-a567-a366dc0c38cc,low,0.912,recovered,email,1507.3,2026-06-10T15:20:51.175565+00:00,2026-06-13T10:20:51.175565+00:00
cc501046-350b-44fc-acdf-4929b2d9fa67,3cd464b0-fc19-42d6-b446-c00135e7221d,80ae944f-dc3d-4432-9c40-558662c40979,medium,0.432,recovered,sms,3410.74,2026-08-08T20:30:51.175565+00:00,2026-08-11T12:30:51.175565+00:00
f05e060d-62bd-4867-8c76-1d0d167b5460,1da485fc-9e5b-4163-a533-686fa380b49e,5f590a5f-6ad4-40c3-8892-3501b4dfc77f,low,0.706,recovered,email,853.46,2026-07-23T17:47:51.175565+00:00,2026-07-25T22:47:51.175565+00:00
ff2e848f-962f-4ad3-a313-4b2ea4849c98,ee6bb6ee-3e04-46ec-aea1-8a92e418632e,77de93c0-75a5-4f9e-a485-1a08530346e9,low,0.822,recovered,email,4150.07,2026-08-09T19:28:51.175565+00:00,2026-08-10T06:28:51.175565+00:00
70d2284e-e751-4d6e-bbe3-b5d73e2ca4ad,3380cae4-4c01-4b82-845c-c18ee2a9cbe6,7520d4ca-b310-4f87-888f-b18e60bbbaa5,high,0.233,lost,email,11735.76,2026-06-07T16:27:51.175565+00:00,
bce2aa32-7516-447c-a1db-87c6487fd64b,841266d4-6e64-42ae-91fc-0d92bf0613a4,7d70492d-7d1c-4b34-962f-0365476bf9b0,low,0.811,recovered,email,1686.27,2026-08-07T20:47:51.175565+00:00,2026-08-10T01:47:51.175565+00:00
760be1ae-74e4-4649-a4b0-1f9fe2394915,0c9efa71-6eb4-4b44-9e7d-d22c6181202c,145d44ea-9388-47c9-9e47-794a01909d22,low,0.655,lost,whatsapp,2475.94,2026-06-18T10:58:51.175565+00:00,
541a2f77-a340-4023-9f2d-ea29311117f6,83692f2f-f518-4061-b233-d3619149ac43,5cde9741-94e2-46d1-9925-2a69f300b7fa,medium,0.494,lost,sms,3174.52,2026-08-11T01:24:51.175565+00:00,
72315e3c-85b8-479b-ba9f-0707c0e50764,df6faa66-98d7-4170-93b5-ba6da5c864f6,5e99fb81-a513-474d-bfd5-cac40d6825a9,low,0.776,recovered,whatsapp,1309.11,2026-06-14T02:51:51.175565+00:00,2026-06-15T03:51:51.175565+00:00
f383be8b-7180-4acb-ae59-01e3ddc3704f,6e83c07e-de92-4b87-b13d-e2724edd8307,54cd6a27-005b-4f20-88af-7da1e113b79f,low,0.895,recovered,whatsapp,1685.2,2026-06-22T19:51:51.175565+00:00,2026-06-24T16:51:51.175565+00:00
7bb13308-7008-4731-8421-2e5c3354c61f,7c6bb3e3-389b-4040-aa63-78ef45803d3d,6532feb2-f5b2-4d02-9bcf-eb4d7ca98352,medium,0.41,lost,sms,1253.53,2026-06-28T01:33:51.175565+00:00,
11a9b190-4aea-49db-a871-dd57eb5118b1,e0709474-c82a-4edb-bb54-35469080266a,6bfb7202-82b6-4026-9887-5a7250ea649e,medium,0.461,lost,email,1988.32,2026-05-25T04:54:51.175565+00:00,
ef4a5d9f-b429-49ef-aca3-95c1f61de5cc,8c7be7a4-ffac-4e2d-aad0-487a96c2e2b4,672e9be0-2c30-4c94-86c6-e29218be0d35,low,0.743,lost,whatsapp,2046.17,2026-07-03T14:22:51.175565+00:00,
858106cf-3271-4fa2-9316-7dece696642e,9b99f407-e4f3-40aa-8a48-71c52d5cfbae,f46c4024-ec5d-4da8-87f0-4ce95ec980ae,medium,0.514,lost,email,1809.57,2026-06-16T06:26:51.175565+00:00,
7b48f3b7-dc37-420f-b865-f71ca3fe9e24,1a6266fa-82dd-417a-89b5-ee28c5f046d8,0079b38b-971c-42a8-bf6a-2e0e678a9f17,low,0.791,recovered,email,3715.8,2026-08-11T17:05:51.175565+00:00,2026-08-11T23:05:51.175565+00:00
dc37b220-1899-444f-8a1c-b1f8bc6bddb0,2c3ac30c-d902-4e05-90c8-353d4125d003,b8f02a91-7365-40c4-ab54-f456ef38b398,low,0.826,lost,email,4514.1,2026-07-16T19:09:51.175565+00:00,
bde6fcb8-4747-46c3-9ae1-4eeec376919e,e0160e5a-c5cf-4e28-ba1e-96bd9d25f772,26fa3e58-1c92-46c3-998b-c338ba33ef0b,low,0.864,recovered,email,1131.13,2026-06-26T13:29:51.175565+00:00,2026-06-28T08:29:51.175565+00:00
87938d88-c357-4255-8152-375a0d892077,983422ec-f8d4-40b6-a63c-5df92c48564d,db9dac4a-c116-4e0a-b8fd-f29eccf635ae,medium,0.541,recovered,email,1030.51,2026-06-15T13:00:51.175565+00:00,2026-06-16T15:00:51.175565+00:00
073e0638-7d60-4918-9ed3-ca55a94fe51c,05edf9c5-99b4-4e4c-b66a-c6d4bdadcdfc,603ad3eb-f20b-4589-b27c-eb3ab7f09295,low,0.726,recovered,sms,1926.23,2026-06-05T22:01:51.175565+00:00,2026-06-06T08:01:51.175565+00:00
70b301ff-7857-47d6-8fc0-eee076410135,70ba8178-6397-4a47-b7e5-73ef038caadf,ec776751-6312-46fd-a3be-18e013a33056,low,0.9,recovered,whatsapp,499.0,2026-07-28T00:55:51.175565+00:00,2026-07-29T01:55:51.175565+00:00
f07fbac8-02a8-4940-b1f6-37ec96eab704,8d8e8d57-77bf-4825-bfcf-e8eca53d51e2,22fcf2c3-77cc-43fd-865b-d44c21af5557,low,0.695,recovered,email,1345.64,2026-06-06T10:46:51.175565+00:00,2026-06-08T01:46:51.175565+00:00
56b19fbe-b423-45b1-8f57-5009c89c3286,ffff5492-3337-4518-a449-4e756c47609a,656a83b0-3038-4ba7-9f09-12c54743b11f,low,0.704,recovered,sms,852.23,2026-06-03T20:19:51.175565+00:00,2026-06-05T14:19:51.175565+00:00
85bcc68d-8df3-4e99-9a15-29d08276c2d5,d3da1614-b1d0-453d-ae7e-a6ba47ff6801,2d65550e-84b4-43f6-8627-eb25c609e761,medium,0.55,recovered,email,3093.45,2026-08-04T15:04:51.175565+00:00,2026-08-07T08:04:51.175565+00:00
75068707-5d98-4b5a-87f7-7305f2910c86,076b8a88-7957-4f51-b839-8df02fa66d3b,d2ef5974-6d2b-4bf0-8993-f43e9fe94dc2,medium,0.538,lost,sms,2343.66,2026-06-14T14:21:51.175565+00:00,
466c55e4-786d-4f30-90fd-4914cde72975,e0a28f39-3945-4aaa-a0fb-bf92c9689e78,34e080fb-304b-4c6d-a759-9d06a11ec35b,low,0.7,recovered,whatsapp,3227.95,2026-07-25T10:19:51.175565+00:00,2026-07-25T20:19:51.175565+00:00
b2b49b12-4aaa-4273-9bac-344c8a268b87,eecb2899-edc0-46a1-9715-8ab5b1191b50,b964f2f1-b205-4df5-a023-69887885c77a,low,0.805,recovered,voice_call,1340.68,2026-07-07T11:43:51.175565+00:00,2026-07-08T02:43:51.175565+00:00
7e7a9fb5-5ed8-4a43-ba81-3686492359af,682c6812-87a6-4656-aadb-ca751ac8277d,f3d94d41-2a71-4c52-9edd-5083b9c8c237,medium,0.586,lost,whatsapp,7778.91,2026-07-18T09:42:51.175565+00:00,
c1bc1c08-9f82-468c-bcd2-36387dd5a3f5,6a6d0358-5e9f-4906-9cee-4f1e25c68044,4cc7b6f6-26a6-403b-850e-c4f84cd044c7,medium,0.463,lost,whatsapp,3654.06,2026-06-11T02:09:51.175565+00:00,
221d0ff4-4a84-455d-8a22-0fef7dc3c70f,c0a0e78f-095e-4bc0-9e78-5be9b773bbb6,390af670-9626-4464-814b-5cd14842c39f,low,0.737,lost,whatsapp,4094.06,2026-06-21T04:17:51.175565+00:00,
3ede139b-f7c5-4e60-ae26-b6b34eec3dd6,8de148d1-ff82-4b24-8652-141b49e42556,6fb18cd7-ab53-4120-8766-243ec30925eb,low,0.731,recovered,email,2362.5,2026-06-19T09:48:51.175565+00:00,2026-06-22T00:48:51.175565+00:00
7ff3f20f-68e1-412e-8c56-f9664e8e1d57,7d2f944f-8c1d-4b23-ac77-5d0e2d190a4f,e65a7dde-8d1e-4a99-b8f0-f42f4e5e4d11,low,0.811,recovered,sms,1958.77,2026-07-28T18:23:51.175565+00:00,2026-07-31T03:23:51.175565+00:00
3c309084-de28-48b8-a09f-d10058d82f8a,26be643b-b288-4ed4-aa0d-eed02a99a025,d5de2262-151e-44a6-bb67-9f1043f5ebbc,low,0.681,lost,voice_call,2300.61,2026-07-21T20:04:51.175565+00:00,
5f1fc5ae-7df2-4d31-8ca3-d24602432fb3,2e6c09fd-0930-495f-83fe-cb2943e39012,903dd883-71af-4304-a3cc-e5b84590775f,low,0.785,lost,whatsapp,6780.24,2026-07-15T04:01:51.175565+00:00,
887132ac-8887-4e77-9696-1e7b9ba3f286,77049432-5bd8-4142-8a0e-2fc060109596,41e0161b-2018-422d-9fd5-1c1821142037,medium,0.477,lost,sms,697.64,2026-08-04T14:15:51.175565+00:00,
c3856950-a257-4658-b328-33310f8a120f,72a81e4a-9549-4f6f-8b8d-fc8a4191a082,76e71e23-e57f-4926-90ba-abf67b076263,low,0.81,recovered,email,718.11,2026-06-10T04:18:51.175565+00:00,2026-06-12T02:18:51.175565+00:00
ae087822-1203-4084-a9e1-59aabd34d6b1,9454793f-3e8a-4743-b22d-76626b2d8728,8af81115-6f0b-474e-a740-902109ad7af3,high,0.319,lost,whatsapp,6224.75,2026-05-28T03:14:51.175565+00:00,
9fafeafc-d8db-4e80-a9af-90b1b27c395c,5db2ca16-be50-4f69-8413-d444e5d04d44,6c723e6b-c9aa-4f6c-a843-f0c20cb55d7a,low,0.747,recovered,whatsapp,2728.36,2026-08-14T01:13:51.175565+00:00,2026-08-15T22:13:51.175565+00:00
2717151f-c653-4781-9453-fc8e751c8cea,60aa6a51-171e-4f9d-abff-30ac3b942b6f,c262ec45-b3a2-43ee-82b7-1f4029596f06,medium,0.59,lost,sms,1873.36,2026-06-24T07:11:51.175565+00:00,
f2f2aaac-3f32-4d54-b4ff-967ee32676c8,4823f60c-c800-4253-96a6-8a27017fa37b,0fae21a3-30fd-4bd5-befb-fcb92e11f152,high,0.203,recovered,whatsapp,6389.01,2026-07-21T07:27:51.175565+00:00,2026-07-22T14:27:51.175565+00:00
c259d474-e0af-461b-8c09-02bd8efe2537,d5b36962-38d8-4c87-ba68-cc2c157c1aa5,83e0f8b0-da51-4080-a382-b8a61484a76e,medium,0.43,contacted,email,499.0,2026-08-21T08:12:51.175565+00:00,
861d5bc7-5747-4b84-a829-29565e3dfec9,1e770a39-7136-4cb6-9043-2a4645c95a4c,28c16881-4928-45d3-8308-b970ece56e62,low,0.855,recovered,sms,4960.15,2026-08-13T02:12:51.175565+00:00,2026-08-14T17:12:51.175565+00:00
414a7604-fa13-4c4e-a645-2cd8ba3f06d3,8618b59b-6e90-420d-a213-e96129f9ee06,13f5bbbe-9f63-46ad-88dd-b1a0af24dd3b,medium,0.543,recovered,email,3712.05,2026-07-22T02:31:51.175565+00:00,2026-07-22T15:31:51.175565+00:00
f20e7519-aa7e-4387-9129-b18689f160d0,e919d205-81e9-4021-b749-c8869b8d90a4,9ae5d01d-85b1-4bd9-8361-d3595f7b41fd,medium,0.645,recovered,email,3000.23,2026-07-10T07:32:51.175565+00:00,2026-07-12T05:32:51.175565+00:00
15e19460-1bea-47b5-a74a-fafbffb3bbef,236a9f54-4f67-4a36-ad3b-852a8467ce7c,d5df9182-8d54-48af-b7a8-28da07767ab6,low,0.78,recovered,email,1255.65,2026-06-29T19:30:51.175565+00:00,2026-07-01T23:30:51.175565+00:00
41c0a252-0784-4419-b709-e3cea420d6f5,7f7522eb-d034-4cf4-a902-c773aa206866,4f3d73ee-cf9f-491e-bed4-24068c333779,low,0.819,recovered,whatsapp,2389.95,2026-06-05T05:34:51.175565+00:00,2026-06-07T04:34:51.175565+00:00
3ff349a7-ae43-46f8-9285-21c492488416,1a8fc4e3-4ffb-47f1-9f1e-760d3fab8390,5ce9b2c0-46bd-41c6-849b-074fa17ae07f,low,0.848,recovered,whatsapp,2411.82,2026-08-13T03:24:51.175565+00:00,2026-08-14T04:24:51.175565+00:00
1cf90a85-42c1-469b-bfd0-5f8130a17f0f,d6e63ff6-8d36-424f-b61e-049b89f2e7b7,c93c2d68-185e-4bd2-8eec-ed306222d9d0,low,0.784,lost,email,4502.89,2026-08-15T17:54:51.175565+00:00,
2996ec4d-58be-4b1e-acea-4a3e56d4e71c,2b06afcc-d9fb-430a-828e-954c1e33d806,46802316-2a8a-411c-9a4f-69a76e1db335,medium,0.529,lost,voice_call,12423.56,2026-07-28T11:40:51.175565+00:00,
b1fb0668-7d9b-4c84-afaf-0885d943021c,32e76bcd-9347-4305-9157-87718e4d4b80,a91cb776-ccc7-49d6-a421-18b06d5e5751,medium,0.375,recovered,whatsapp,6923.78,2026-07-03T19:03:51.175565+00:00,2026-07-05T03:03:51.175565+00:00
5cbaa148-5ef0-4c46-9bfa-93646da0e748,205bf12d-f564-45c6-8cee-0aab1570784a,7bed797d-d8ed-4de8-a63a-13fb954472d6,low,0.696,lost,whatsapp,2495.88,2026-07-10T08:06:51.175565+00:00,
07e57582-575d-4655-b0f3-6ee08c4ce533,6c89657a-ad40-4137-b45e-483c99b27cd1,b70569ae-99dd-43c5-8a9d-99bcca33f7c5,medium,0.576,recovered,whatsapp,5047.83,2026-07-24T23:01:51.175565+00:00,2026-07-27T20:01:51.175565+00:00
3875dd5b-c26a-42e8-a2ef-46570483e01b,8ad3b256-a9ff-4849-9f1d-035cd31f9603,df146748-2fd0-4ab2-80ff-4f0d0575d9cc,medium,0.574,recovered,email,1677.91,2026-06-06T22:31:51.175565+00:00,2026-06-09T06:31:51.175565+00:00
94880f68-168c-4a94-81d9-0a237b2d97d2,84cff118-607e-434d-bd26-724774e05f2b,6fc15f48-ce16-4a2c-9fdf-5a5a81be35d3,low,0.8,lost,voice_call,2359.91,2026-06-17T18:24:51.175565+00:00,
702c824d-0a06-440b-9eea-183bfdcff6a4,d2f351d0-63b5-4cce-a5fa-1a1fc9f5e959,1ea86a03-3b72-4b6c-9caf-5cc025670b78,medium,0.635,lost,email,3771.19,2026-07-14T08:33:51.175565+00:00,
c9ad6825-5975-4e36-b627-ac26434279fc,6ee1cee4-076c-4cb2-91a7-091e988337a7,c4ec0b26-87a4-48f0-a54c-1e7d40e6b45a,low,0.796,recovered,whatsapp,2178.78,2026-08-01T19:51:51.175565+00:00,2026-08-01T23:51:51.175565+00:00
92a2cc34-81b5-4703-8f3c-151ecc646056,af6ac631-e6e2-40c1-893b-68f2b112964d,e4eb44cd-5b91-40e5-8d92-e4d03ed83085,low,0.727,recovered,whatsapp,5023.81,2026-06-05T07:08:51.175565+00:00,2026-06-07T19:08:51.175565+00:00
eec8fe25-cba6-4633-8b1e-b9fb4fe9f4cb,6837a65b-d2ba-435e-b5ed-6e565c6745e6,825eea7c-ec8f-41f6-a61c-7084fb9b5f43,low,0.94,recovered,email,2075.31,2026-08-11T10:49:51.175565+00:00,2026-08-12T15:49:51.175565+00:00
51fe8988-ed53-4587-a1fb-98bf841c0256,7a3c2e1a-8d41-4e21-8ba8-6e5151d11563,bdf01794-2391-4ae3-a99e-63c760579073,medium,0.55,recovered,whatsapp,11467.15,2026-06-23T03:53:51.175565+00:00,2026-06-25T04:53:51.175565+00:00
8e28bd6d-48b8-45a5-b839-2649109b8c80,00ff1e99-c6a9-4075-b0ef-f1b48ac66e72,443c30a7-f3b3-424b-a990-f99da1ca0431,medium,0.441,lost,sms,7968.27,2026-07-12T17:26:51.175565+00:00,
4529fda5-d969-4ac1-87b2-b1137a86ab9a,412d32c9-4f6b-4362-add8-164a6e6cb545,bb3802ad-af11-4673-a5a5-33c440847d98,medium,0.469,recovered,email,5190.51,2026-06-05T21:08:51.175565+00:00,2026-06-08T11:08:51.175565+00:00
c8f8def4-a354-42fa-b831-77d85cc2ce1b,538f9564-4664-4967-a15f-446283eb56d6,81a71a45-b8b0-4f53-971f-4ef580608ccc,medium,0.535,recovered,whatsapp,1234.82,2026-08-04T07:45:51.175565+00:00,2026-08-04T18:45:51.175565+00:00
1bfd3425-01a6-407b-ab4c-d469c020e3d3,66203bb9-134b-41be-9548-fa7e5c9b61f7,cfd157fa-36b4-42ce-ad6e-eb9032863919,medium,0.58,recovered,email,6570.53,2026-07-30T09:50:51.175565+00:00,2026-07-31T02:50:51.175565+00:00
add300aa-2fef-4f81-84ea-068330377eff,8d40255a-5273-4b20-ad65-0f88a56a0477,cb40af44-b9a1-477b-b5b4-856c0b3a3c09,low,0.655,recovered,email,1302.85,2026-07-03T19:22:51.175565+00:00,2026-07-05T00:22:51.175565+00:00
8183a18c-5ffd-4d4a-92d8-575413e91a55,882f9d0c-c6cc-4f95-8058-d428a2b3f2f4,236a8afd-74b7-4c2f-b222-53e14e461f0e,low,0.65,lost,email,3025.38,2026-07-16T13:50:51.175565+00:00,
e6e203ca-e2a5-42cc-beae-ca8325a511d5,34721e5b-7588-467a-98c7-411c6b085ee6,29b0630e-21df-41fc-a004-cc007a105606,low,0.68,lost,email,2756.96,2026-05-31T19:37:51.175565+00:00,
3f78c65a-d552-4746-8b76-22cbdf3556b6,fa481b1d-7475-451f-921b-fca1f0bbbc8c,150d9752-59ff-44b4-b82f-b5f34f6f613a,low,0.891,recovered,email,499.0,2026-08-08T07:52:51.175565+00:00,2026-08-09T13:52:51.175565+00:00
0aa0c500-1b32-44af-af52-abee73ad6eb5,eb1953dd-2ed2-439c-8545-5ca0c654d894,071e4427-7c52-4e02-ac4e-441b8351b604,low,0.678,recovered,voice_call,5027.72,2026-08-14T20:09:51.175565+00:00,2026-08-17T20:09:51.175565+00:00
0d2cea50-17f4-4446-adde-ca3e8bec9236,5ad15719-e52f-4d86-9724-f0d9dad48392,6524f84a-46f8-420a-824d-0d27b5057347,low,0.879,recovered,sms,998.4,2026-05-30T16:27:51.175565+00:00,2026-06-02T15:27:51.175565+00:00
1b05b107-78b1-434a-9bc0-d97225314c5f,ac513b53-db0b-4b81-a2e3-49ec90414572,d128064f-c440-47a7-96ad-522ee0b1194c,low,0.923,recovered,whatsapp,5427.47,2026-07-23T21:03:51.175565+00:00,2026-07-25T10:03:51.175565+00:00
d89501f2-396b-45f4-b8f4-f453069d0f66,b0874b07-9bbe-4669-8461-2d06b2318947,8e6a0ac8-035c-45c9-a400-41f2e145703d,low,0.91,recovered,whatsapp,2338.55,2026-06-26T07:30:51.175565+00:00,2026-06-28T20:30:51.175565+00:00
936f9ef7-86dd-4d4d-90d5-53d0cd02ae82,3a5d512a-21c6-4ffa-b9d6-8bbba415e2cb,4567833d-731c-40c1-a910-dca08401a06d,low,0.682,recovered,email,8211.06,2026-07-14T01:37:51.175565+00:00,2026-07-16T18:37:51.175565+00:00
c1479800-1802-4506-bdde-b64e42239ed2,b58690c8-f6ba-47d4-a8b2-79be811f676b,ae80f3e1-58ea-4de9-ad6b-32520c111845,low,0.872,recovered,sms,1590.05,2026-05-31T00:01:51.175565+00:00,2026-05-31T22:01:51.175565+00:00
5cba38a1-9da0-4984-90f4-1bf1a1119303,336a5f67-7824-4eeb-9130-d1c5fca88a04,554d5978-3c14-44ab-ae35-afd16ed37f89,high,0.198,lost,whatsapp,7234.72,2026-08-11T21:25:51.175565+00:00,
8e9561d1-7360-4ebd-98c3-d08475e93c65,eb68188a-fd82-4e2a-8d11-11a94800e85d,a29da132-34e6-4a53-bda0-903dbef66c31,low,0.663,pending,email,8135.47,2026-08-20T14:44:51.175565+00:00,
5446f8d0-e504-49e8-8305-5707a57bb046,00329e04-ed97-4081-92ae-68ae88a4cbaa,6322d9d8-ae84-4dc8-97e0-473ec9e59837,low,0.756,contacted,sms,2347.75,2026-08-22T18:07:51.175565+00:00,
08a0aeae-1c26-4c74-bd8c-798afa53b88e,bc7a5adc-044b-44b3-9126-39a65482c3a7,5da0a891-4de5-49ba-905e-f48426aaa7fa,low,0.902,recovered,whatsapp,1806.65,2026-06-15T04:08:51.175565+00:00,2026-06-16T15:08:51.175565+00:00
4ebf5cc1-2c88-4796-af8e-28e760b4bd36,fb1d7622-94b2-45c1-be5c-48b8333a5871,32640f37-cf85-4550-aabb-6ae3d25ffa65,medium,0.453,recovered,whatsapp,1497.04,2026-07-26T16:06:51.175565+00:00,2026-07-29T14:06:51.175565+00:00
9d8ba1d8-530b-44b7-a726-7a056157aea9,08be6f36-4326-44a5-8096-b275abaeab74,9e6eabfc-fd06-456f-b6f5-edb818aa1908,low,0.783,recovered,whatsapp,499.0,2026-07-15T19:14:51.175565+00:00,2026-07-15T23:14:51.175565+00:00
5f8f048d-bd31-41cb-b348-199363d60a6f,fcd8f3c5-c855-4657-8b41-431dc895aff7,3b79ed35-eb9d-45c8-a944-c11f9c2e64c6,medium,0.56,lost,email,930.89,2026-08-10T21:49:51.175565+00:00,
be9d0c53-ef29-4682-a3ed-336bf7b6cf5e,0cb2b6cf-6915-4847-8611-6fc7f47d9304,376c5130-c0b2-42d9-ab52-e627bb26f5a4,low,0.652,lost,email,8038.63,2026-06-27T08:40:51.175565+00:00,
97e37055-5e8f-4b01-b156-1f1a76dccee7,a89b0eb8-37b0-44e5-bb05-73e55be9e004,382ca689-823b-4286-afe1-d4dd6ba78d90,low,0.821,recovered,email,961.02,2026-05-27T00:16:51.175565+00:00,2026-05-28T06:16:51.175565+00:00
6c83de4c-7a50-416d-be14-19a00694bb6e,161b099b-c1df-4dde-a896-d80602d30376,bf8d0860-1f77-4f45-9e25-d80585f9367b,low,0.828,contacted,sms,2314.76,2026-08-20T04:13:51.175565+00:00,
0a821462-1cf7-44b4-ac71-c6e5d016c677,b78aa4ae-7fb1-47ae-ab68-92acca4838ac,65b0d6bb-5033-44e5-b0ef-a4f72d78e10c,high,0.272,lost,whatsapp,7264.13,2026-05-29T16:47:51.175565+00:00,
de91a675-dad8-4593-a6f5-6967f18b4579,b3b23e3c-bd15-4d2a-bf1b-5975eafc0131,3de047b9-e95f-4d2b-819e-3f8b8b19c5ea,low,0.785,lost,whatsapp,3057.78,2026-06-07T12:55:51.175565+00:00,
1dd08d44-30fc-4355-a118-8e8f604d040d,a76d751d-f305-40b6-9210-58018c070f81,c5ae123c-d68e-4abb-93c1-317532f8677a,low,0.935,recovered,email,2175.69,2026-05-28T02:09:51.175565+00:00,2026-05-29T08:09:51.175565+00:00
eb58b39b-8ea4-432b-a83d-f71341601583,2d9ba0f4-fe35-4b86-8023-9a62cf0ee9fe,895e6461-905c-4664-a2e8-dc54e9e685fb,low,0.822,recovered,sms,1007.27,2026-06-03T00:29:51.175565+00:00,2026-06-03T11:29:51.175565+00:00
6f77cc2b-c285-4ac7-98b6-ffdcf04c8f6a,039dbd07-4178-407c-9b66-8e03633efc04,0ef11dd5-5688-44d0-a7c5-4ca76e347cc8,low,0.86,lost,whatsapp,879.71,2026-08-19T19:39:51.175565+00:00,
1f8459d2-817b-428f-b7b4-bee56e56931f,2fa13947-2d63-46e9-a67d-a4e2e2010cde,a0e30abe-901f-47a8-9d55-69b52f56bd76,low,0.785,recovered,whatsapp,2101.28,2026-08-14T18:51:51.175565+00:00,2026-08-16T12:51:51.175565+00:00
f707232a-3b51-4f2d-b813-71093f6acaeb,4a646dd2-f4ed-463b-9609-1a789f835a82,c3b57005-5519-473e-baf3-dfd624ea775d,high,0.221,lost,voice_call,6259.44,2026-06-02T02:39:51.175565+00:00,
03d96274-d744-46b8-8941-04678bd19e44,2d96f9c8-9add-4a51-9b2c-703e3cb78aa1,fa135e93-a49b-41eb-9ba5-acf238a10dd8,medium,0.621,lost,whatsapp,9031.67,2026-08-05T11:38:51.175565+00:00,
c7f8847d-4168-4c01-9fc6-d5a5a5d41edf,a2d47575-9eca-41a7-9627-0892ca1ceb74,dab02729-adfa-4af6-a8ef-eaccd791b705,medium,0.505,lost,whatsapp,4251.78,2026-06-24T00:13:51.175565+00:00,
0a3d24a1-fed5-498f-b294-374623bac369,f18578ce-b9b9-4330-b94d-7125e6f5d955,62f3275c-0295-414a-919b-609af0ad2a86,low,0.698,recovered,voice_call,1231.24,2026-06-13T17:14:51.175565+00:00,2026-06-16T07:14:51.175565+00:00
254f4e10-9016-4047-a66b-53aa07eb1ec2,efea5e88-7e5d-4e49-9fb8-d267d4e6ed67,0f6174a3-a7d7-42b6-9d71-5bd5743656dc,medium,0.522,recovered,email,1967.66,2026-08-04T05:55:51.175565+00:00,2026-08-06T00:55:51.175565+00:00
b6d8d036-e826-4ebb-bf58-2062d1944457,627504e1-0e59-4f6e-a311-3b56b2229f06,64f4a08c-7a47-49b9-87a7-65baf7e29cf8,high,0.245,recovered,whatsapp,1174.37,2026-05-29T23:38:51.175565+00:00,2026-05-31T11:38:51.175565+00:00
799d9684-e15f-4d0b-8baa-cf8678caea0b,65821182-2315-4844-871e-fc82deb8146d,104ce2db-2109-452b-a700-75a9e8f8a405,low,0.822,lost,whatsapp,2688.19,2026-07-20T09:23:51.175565+00:00,
c04c7fe6-4fc4-4a5d-9072-5c27add6d719,4ce63464-990e-453f-91df-4fffbc372453,1f75c662-b91c-4abe-bd18-0cd5d8333705,low,0.698,lost,whatsapp,1363.78,2026-06-16T06:05:51.175565+00:00,
4cade40f-ea94-4734-9927-f70c7e29462a,34aa8c81-5eae-4932-abb7-76ee9489c7f3,44888d0b-e4c2-4618-a95d-720dfc6ddae0,low,0.801,recovered,whatsapp,7107.26,2026-05-26T16:27:51.175565+00:00,2026-05-27T09:27:51.175565+00:00
20d90c27-b1e9-4b62-998d-d0d505b22198,4286a464-22e7-4b25-bdf5-e267ab2ce0c6,359fb277-00d9-4b71-9cd0-3eb18dcfe419,low,0.844,recovered,voice_call,499.0,2026-08-01T22:33:51.175565+00:00,2026-08-04T08:33:51.175565+00:00
47527233-4feb-49f8-8068-34970d33501b,c04ae1ab-5122-44c7-b1ca-cfd68a00fd88,0c8d255b-f51e-403f-87d1-594bfc12d954,low,0.96,recovered,whatsapp,1406.23,2026-07-23T18:52:51.175565+00:00,2026-07-24T07:52:51.175565+00:00
b46457e3-3950-4c0d-8359-b9d1f5f4e112,e055391c-3119-4480-a471-46dcbcae268a,a3f9ff76-0a48-4882-9489-9647f1f46a0b,medium,0.547,recovered,email,3240.85,2026-06-11T05:48:51.175565+00:00,2026-06-12T19:48:51.175565+00:00
c26b7a67-f441-45c4-9b4e-46deb53d91b2,6ee0be28-15fd-4141-af3e-b6958b7d6345,c4a045f9-0745-433e-8c3f-361594e87e4a,medium,0.374,lost,email,2218.78,2026-07-28T14:45:51.175565+00:00,
c4324924-c81f-4005-841e-39d412689b6f,546c56e3-c502-4dc3-a91b-8896d014338c,63d7885f-46f2-4910-a509-99050815af6c,medium,0.475,lost,whatsapp,1545.0,2026-07-16T12:25:51.175565+00:00,
1511dbee-c98b-4507-8611-f4ae14dc6eb5,13fde53f-e2f6-4c58-afcf-e710f173d84f,205ea36a-c0a5-4bb3-a72a-41f99db7949c,low,0.899,recovered,email,499.0,2026-08-16T15:26:51.175565+00:00,2026-08-18T23:26:51.175565+00:00
04403945-0b2e-46a5-8a1f-011220ff5d4f,0ab6e102-7f6e-4853-aed1-49ff837d0454,b8d1caf1-9369-460a-ad95-a4593724274e,medium,0.537,recovered,sms,1990.31,2026-06-30T10:15:51.175565+00:00,2026-07-01T16:15:51.175565+00:00
a2d5e82a-9112-4af5-be29-b1575ba510ef,3fa65f24-9a40-4005-ae02-1373af3e242f,2789f1c8-6e2b-4f62-9899-df292ddee736,low,0.704,lost,whatsapp,2165.4,2026-08-12T17:26:51.175565+00:00,
53b5e31f-fb81-4d09-bbe2-d93137bbb232,a18ce832-d8df-4a5e-b684-bf4728a0dcc4,a0bc6c35-2c5d-42e7-9b68-f0802c692397,low,0.821,recovered,sms,2112.98,2026-06-18T02:44:51.175565+00:00,2026-06-20T06:44:51.175565+00:00
a920762a-c4ed-4935-8073-6d9b13af2106,5ef4d177-e4ad-43f7-9971-902951adeee7,d6edd759-2f5c-4e57-be83-8105a9db96a6,medium,0.387,recovered,whatsapp,4072.76,2026-06-12T14:03:51.175565+00:00,2026-06-12T19:03:51.175565+00:00
0af7349c-e925-4ccd-b3be-0556776ed9be,0add7ab5-3e6e-45a0-82e1-c46204edc9c3,a9deb735-f8c1-4925-9e83-b49dfd393e4b,low,0.749,recovered,email,5706.02,2026-06-26T07:23:51.175565+00:00,2026-06-28T22:23:51.175565+00:00
19d25fd1-6016-4276-86d3-4c08e7ce110a,12580791-e2ac-4f8b-89b3-f6d678755690,2a12576b-044e-4384-9378-e812bbfdbb9b,low,0.708,recovered,email,3339.33,2026-06-23T08:29:51.175565+00:00,2026-06-23T21:29:51.175565+00:00
c21a0c46-eaf7-4a0e-b47c-f0762ef6a8a3,312efe1c-8eb2-45f4-ad15-f987f49d1775,5b87cd6d-3287-494c-bc2c-cefdc94d18f1,medium,0.522,recovered,whatsapp,3241.75,2026-06-18T07:51:51.175565+00:00,2026-06-20T09:51:51.175565+00:00
bba80270-a2fd-4eee-8934-bfc790aede0e,fe275975-0a1c-474e-b361-d2e41abfcd83,e9b882ca-e472-4242-806e-36d0e9003443,medium,0.603,recovered,whatsapp,2709.48,2026-08-04T08:45:51.175565+00:00,2026-08-06T08:45:51.175565+00:00
f9c533cd-7421-4271-9dfc-d85361982982,f3ca5f2f-1c92-4491-aea1-58beb9b0ec45,b48e691b-9aca-41e5-892f-b61352e4fbc9,low,0.703,lost,voice_call,2490.68,2026-05-30T14:00:51.175565+00:00,
c06174e3-f8af-4dab-a762-aa5746bf0596,5a72b215-b5dd-4a08-90d9-0107e4b4c555,f671f1a6-5dac-40c7-af81-3164a1162a1d,medium,0.495,lost,email,5994.29,2026-08-08T15:47:51.175565+00:00,
07f0552d-c22e-4a19-8de5-ca1d656d74f4,2581921e-5fc7-485a-a14e-81a7aaec9e25,e3caf174-22db-418c-b86c-41fd8cbe0344,medium,0.451,link_opened,whatsapp,2918.82,2026-08-20T00:40:51.175565+00:00,
5e63c7ad-7dc9-41b0-8b4c-231954b40a74,7e3511b8-9637-48cc-aaf0-4bcf5042ebbf,9f7d619d-0dd8-4eb8-bde2-ee4261c0b981,medium,0.634,recovered,sms,5022.98,2026-07-06T13:04:51.175565+00:00,2026-07-09T01:04:51.175565+00:00
57b624d8-cbba-4b42-a390-a8fc4d50384b,3bd1f4de-d0b0-4d80-ad24-5c386154df7b,6f1208bc-f7df-4062-a376-2dd0a7a6862a,medium,0.601,lost,email,4713.21,2026-06-05T21:52:51.175565+00:00,
d10ea87f-1910-431b-9eaa-fad62440d77a,96895628-4583-4d40-a998-4bd0bf59224d,2242f84e-9cdc-45ce-9dcd-d4eb1fc6b8cf,low,0.785,recovered,voice_call,3715.25,2026-08-06T17:19:51.175565+00:00,2026-08-07T08:19:51.175565+00:00
defec4ab-e8fc-4a5f-a1a0-ccc3d26d15b0,82ac30e3-b8bd-446c-8198-34f77ee71f90,dc348da8-581c-4f88-bef3-3535968c6633,low,0.769,recovered,email,499.0,2026-07-21T11:37:51.175565+00:00,2026-07-21T18:37:51.175565+00:00
de3fc139-b859-454c-9c44-b2d474c5de9c,fc53158d-6f69-4bb1-aec3-0191ae7aba66,59cbf61e-3819-485b-931b-1373025aa21d,medium,0.533,lost,email,4831.35,2026-07-18T19:15:51.175565+00:00,
b8354252-8ef8-4a18-ad22-a3e8be1974f3,b14bc102-0521-463f-90f7-176f3760ce72,b3e9f4ee-dd02-4d4a-8318-b65f427b122f,low,0.781,recovered,email,3117.75,2026-08-01T19:06:51.175565+00:00,2026-08-03T23:06:51.175565+00:00
a2c8a6e3-3abe-4508-9d0b-9d2c15a051d2,6558b0dc-0bbd-4d2a-b2f1-cb45edaa3929,64cc1f4f-836c-4cef-8ff8-ad33de3243f0,low,0.826,recovered,sms,2931.5,2026-06-14T18:14:51.175565+00:00,2026-06-17T10:14:51.175565+00:00
4382994a-71a0-4e78-840c-03846b5bbb22,f4bced71-649d-46e2-9a2c-945d0e3a6dc6,947adbee-98c3-4086-89e7-477ff341dc66,low,0.671,recovered,whatsapp,1159.53,2026-07-23T01:41:51.175565+00:00,2026-07-25T10:41:51.175565+00:00
d9a4379b-3588-4bbb-a8d1-56d3acc9f2f3,6318943b-6ae8-42ad-b1d6-6cfe03c45162,59f71d34-275b-41b5-b986-aea072ff3fdd,low,0.702,recovered,voice_call,2588.63,2026-06-02T16:35:51.175565+00:00,2026-06-04T18:35:51.175565+00:00
609146dd-84c3-4acf-a0ac-d98a771c289c,2007eb4a-55c7-446e-a02c-6d4fdb6c5f8c,1d2e7c31-f349-47a7-9ff4-3772233816a6,low,0.69,recovered,whatsapp,1292.94,2026-06-09T01:30:51.175565+00:00,2026-06-11T21:30:51.175565+00:00
521e88c0-ba81-44f8-b2a2-bf315c6d7533,04590852-bae3-4550-943c-3e031115213a,3aabc520-ef66-4e13-a053-6055d20ea09b,medium,0.642,recovered,email,1661.45,2026-08-04T07:15:51.175565+00:00,2026-08-05T09:15:51.175565+00:00
74ae3798-dc06-4007-b0a3-e4df414b8d09,74894a68-c304-438e-ada5-ce46ffb05cdd,94ed9b54-16f1-4778-9032-510ab25ea95c,medium,0.594,recovered,sms,2860.02,2026-06-13T06:36:51.175565+00:00,2026-06-13T21:36:51.175565+00:00
b25cc958-0f38-481a-aaae-5d3a00d2bb37,8618b59b-6e90-420d-a213-e96129f9ee06,b9c840d3-6437-4321-af10-3f18f6de19f3,medium,0.561,lost,email,11258.28,2026-08-17T12:21:51.175565+00:00,
09e763a3-6dbb-4b72-8c1e-97e75e6725d3,dd01cae1-50ca-4a0a-a7e0-3112d86f9921,e08e9e2d-b74a-48f3-95e7-14fd39406d0c,low,0.675,recovered,whatsapp,1122.69,2026-07-26T00:28:51.175565+00:00,2026-07-28T01:28:51.175565+00:00
cc4660c5-ecd1-4d6f-940c-4326a71c5950,4a71b90c-96e1-4c24-a4e6-3866e95e11f5,ab4442bf-6611-45c3-bc67-ec3aaab8650a,high,0.343,recovered,voice_call,2006.93,2026-07-21T03:25:51.175565+00:00,2026-07-22T18:25:51.175565+00:00
5dbe035e-a2d5-4256-820b-6b66c88ef5b2,15c0fb21-236b-4318-ac42-5a2817036f63,db9cf59d-c08c-467c-88cb-1d9eedf9c390,low,0.91,recovered,sms,828.62,2026-07-13T10:40:51.175565+00:00,2026-07-15T08:40:51.175565+00:00
2f4ece25-d8d2-41bf-a02b-26c211e40d14,2d9989a2-1d4d-419e-8c8a-de91d2e30c0d,55d41bbc-eaa8-4300-b5a2-27fc04e60ce2,low,0.83,recovered,whatsapp,5014.42,2026-06-20T16:39:51.175565+00:00,2026-06-22T21:39:51.175565+00:00
e0a6922d-a899-412e-ac70-041e673c77b4,02db9157-4de3-44c9-a549-0ff71d6747ab,008f7195-d1a8-4fee-b984-20d76dbb65b9,low,0.869,recovered,email,913.44,2026-08-18T12:34:51.175565+00:00,2026-08-18T16:34:51.175565+00:00
6f5746b1-107b-45b1-8291-ecd462b2d595,c6f3f437-dfbd-41e9-a0ce-ea35af43bab3,7f06e732-5c58-4aa8-b643-eaf1f61acdca,medium,0.581,lost,email,1985.21,2026-08-03T21:24:51.175565+00:00,
622c7ca8-99c0-483a-89e7-d9e8ded4b54c,a3f4859f-16b5-406f-b5ea-db544121ab11,5ef1dcaf-c864-462e-a2b5-558d98d83b80,medium,0.398,lost,email,5730.13,2026-06-12T07:04:51.175565+00:00,
1260de18-9522-4787-b163-a77818333bd3,596f14d5-f35d-4e3e-8c22-0aaa5b817bdc,975a7377-cc08-4b64-9929-0dacf2f5c64c,low,0.813,lost,email,1067.71,2026-07-12T18:30:51.175565+00:00,
be92b3a0-5f52-43c2-b328-178555667a43,ee6f00aa-9b69-41af-b0ea-eb733b32b76c,c4d62dce-65c0-4dc0-8b26-d55a249c7961,low,0.769,recovered,whatsapp,499.0,2026-06-14T00:21:51.175565+00:00,2026-06-14T14:21:51.175565+00:00
052dab4b-d515-4281-9075-e336df549cef,dcf30443-bcf3-46b0-829a-735dcabb9335,f241e578-c9f5-493c-adde-4199e28cb6e2,low,0.721,recovered,whatsapp,1628.94,2026-07-12T00:25:51.175565+00:00,2026-07-14T05:25:51.175565+00:00
388f5a70-3bc1-4761-aa7b-778f2eef7772,3aca4777-6b70-4961-9c5d-1f9072fffbb2,025b450b-bfe2-43d5-a4f8-1375f6e840c5,low,0.88,recovered,email,2627.95,2026-08-11T08:23:51.175565+00:00,2026-08-14T07:23:51.175565+00:00
e27118db-6314-412f-8949-1a36167a8c0e,0a1cf761-ca5f-431f-b964-9da69cb96ef0,1fbe23f5-bf6a-47c2-b2b8-dcb0379883a2,medium,0.648,recovered,whatsapp,2585.84,2026-07-07T20:41:51.175565+00:00,2026-07-08T23:41:51.175565+00:00
92d1bae4-a0e6-42c3-af69-0ff23986d22d,8e261f4c-ace0-40e3-be6a-10350335c4bf,8e718e01-2aef-4de8-9088-adf7b1d230c9,high,0.337,lost,voice_call,8694.56,2026-06-02T22:33:51.175565+00:00,
fa83c84c-9e74-4bdf-a912-3b9045b3803b,0800470a-76e7-4f9a-8857-3a93d73e88ab,25ae7af3-50ba-4b4a-b9bd-78c35a205572,high,0.303,lost,voice_call,16800.33,2026-06-27T08:44:51.175565+00:00,
69aad63f-1385-46fd-bd04-75f1cd65332d,e4cdd568-eacc-4e35-8849-23cc06f9384c,b0cf8935-26ee-4a6e-a485-2c1bae334fab,medium,0.574,recovered,whatsapp,2906.25,2026-08-14T01:58:51.175565+00:00,2026-08-14T07:58:51.175565+00:00
92d235fb-fe30-440c-8606-e0b54b6d0146,c0a0e78f-095e-4bc0-9e78-5be9b773bbb6,977b5988-096e-4a07-b668-194b6a7070b4,medium,0.584,recovered,whatsapp,7350.31,2026-08-04T05:16:51.175565+00:00,2026-08-05T13:16:51.175565+00:00
d257b5d5-9405-4e28-845e-de7d58d9f6e3,1a5f3c95-06db-449a-9c12-ee0c591bcfda,5e929178-d569-4235-8210-fbddae6498e2,medium,0.571,recovered,email,6838.45,2026-07-20T03:30:51.175565+00:00,2026-07-21T05:30:51.175565+00:00
cf7ac261-ee49-43f0-a514-5483519407a6,2fca9459-fa5a-48da-8b67-8be2be0ba4dd,23aa4ec9-3a0e-40b8-a941-b83661d41004,low,0.923,recovered,email,580.41,2026-06-08T19:40:51.175565+00:00,2026-06-11T10:40:51.175565+00:00
d9aca93c-40dc-4459-a9e4-35c670e37dd0,6c114231-46d7-4236-bcf0-6a8d237ea756,6130bec9-708d-48cf-bee9-989b1849994f,low,0.778,recovered,sms,2709.74,2026-07-01T18:51:51.175565+00:00,2026-07-03T12:51:51.175565+00:00
adb8330a-bcd7-4e9d-9fe6-6593c9830855,baea30ee-83ae-4729-9aa2-b2125ac8126b,9e95551d-ca15-4a28-9b3a-c5cb1ca2364f,high,0.195,lost,whatsapp,15461.25,2026-06-07T06:07:51.175565+00:00,
49620a57-ad14-4527-8de5-e8a002fd6f52,4767518f-6f55-44f1-8043-94221ce89f41,302ef891-18c1-470b-9f30-cac65a5cca77,low,0.757,lost,email,5863.25,2026-08-09T17:47:51.175565+00:00,
8d271f35-9693-4c6f-a21f-7a48cb47f945,fd584d6b-aed2-4243-b9fe-00dc8c7d344c,b724198d-0121-44e5-8dcf-09dde08c8527,medium,0.619,payment_attempted,whatsapp,3746.06,2026-08-22T05:51:51.175565+00:00,
7af45f68-21a7-43ff-93f5-8e8a0adb4c68,651f3f8c-ec72-450c-952a-5f9ec34d3420,1c2819b1-8161-4116-ad3e-072444f02c69,medium,0.374,lost,whatsapp,1408.41,2026-06-11T10:50:51.175565+00:00,
a6103528-4cee-4297-9192-803136bd53a0,178f0f1a-3c04-4170-8ba0-d1239458718e,876e2229-bd85-4385-8156-1e7f74d6ce88,low,0.738,recovered,email,499.0,2026-07-03T12:10:51.175565+00:00,2026-07-05T10:10:51.175565+00:00
8fb75ea2-5d7e-416a-95d1-a4b9a18531de,b326794f-c59c-4886-b36f-c7412f929354,1804c3b6-ac02-4344-a888-0e1524fa2823,low,0.937,lost,whatsapp,2084.1,2026-07-25T04:04:51.175565+00:00,
32f29aa0-82f7-4899-b65a-ed7778ff2728,532bbd5c-794a-4dad-8c35-7a476aea8478,f9a84712-f89e-4dcd-91fe-94eb970d25f0,low,0.894,recovered,sms,1704.52,2026-06-14T00:01:51.175565+00:00,2026-06-15T10:01:51.175565+00:00
d058cfe2-0bf0-4aed-ad13-b446b05749f3,f68cb8f3-57b6-4795-9f40-dcd997f753b3,290ac445-e185-4e79-9446-844198d2144a,medium,0.411,recovered,sms,3296.71,2026-06-23T06:59:51.175565+00:00,2026-06-26T00:59:51.175565+00:00
f21e87b9-2a57-4c85-a0b4-b139bde7f477,a5950ae3-ba5d-4b88-885e-0c61f2c68ab8,32d52d81-146e-41c3-b4c0-da3ddaa42ee0,medium,0.369,recovered,email,3556.12,2026-06-20T09:36:51.175565+00:00,2026-06-20T22:36:51.175565+00:00
c5237bb2-7984-425e-b8b0-722f9f34d0aa,0d77009e-6068-4c2c-9d6e-f46b2504cb99,931f86a0-7403-46ab-a1c3-2093126f5326,medium,0.382,recovered,email,5644.96,2026-07-12T15:05:51.175565+00:00,2026-07-13T04:05:51.175565+00:00
16b468eb-97a3-4a91-ab95-32d009f64db5,42484ca5-e9f4-4a35-afb6-e8b5768eaa4c,76165aad-6076-4958-a48e-6abe8853a372,low,0.887,recovered,email,2474.95,2026-06-05T12:41:51.175565+00:00,2026-06-07T19:41:51.175565+00:00
89f3d3d0-104a-45b6-9854-237c0c600bd0,95f034a1-aead-4fb6-bfb5-987040ac0d54,75875252-22c9-4b15-959b-9146f0cf6719,medium,0.448,recovered,sms,1407.27,2026-06-16T12:41:51.175565+00:00,2026-06-18T09:41:51.175565+00:00
4d44a896-fd9a-44a1-97b4-55d971b590ef,ba752ad8-e3bd-41e0-a3e5-efa35e493a1a,8e88ef4c-dbcf-49a0-9b65-6da350cc1147,low,0.889,recovered,whatsapp,1875.54,2026-07-08T21:07:51.175565+00:00,2026-07-09T10:07:51.175565+00:00
8de257c9-7e81-4e63-840d-b1edbff0bf5f,3227bd72-3c3f-47d6-92fe-1171f5e630cf,85c56fb3-9e1d-47cc-9f40-1ebd47a9ec23,low,0.721,lost,sms,2902.79,2026-06-03T23:21:51.175565+00:00,
48574ee6-1751-4325-be86-2add53015661,5970c6f1-c3fc-4e02-8931-092c50f8a13e,b235b84e-df06-436f-8e4c-cbc5dc84ba70,medium,0.469,recovered,email,6759.34,2026-07-08T22:31:51.175565+00:00,2026-07-11T18:31:51.175565+00:00
67202d94-87a2-4ed9-9953-c9821c21f617,e11144d3-9d35-479e-8e18-4718b328aa62,7db5a0b3-38eb-4c6f-8d79-b95099578bbf,low,0.665,recovered,sms,2167.93,2026-06-08T18:58:51.175565+00:00,2026-06-08T22:58:51.175565+00:00
c2150e9b-8079-4b6a-8dda-7fd1e150b0e1,972933e3-0bcc-45b3-9ac6-9b53d125f04f,3f772241-07ea-4bd9-9e1a-733530a22ffd,low,0.703,recovered,email,5611.35,2026-06-28T22:10:51.175565+00:00,2026-06-30T23:10:51.175565+00:00
31bc19ce-e47b-49b0-91f8-0d7d77cabf29,2523100d-da96-4257-90f7-e720ee7d634a,4a85c7fc-ae69-4d39-a848-69c6459003fe,medium,0.392,recovered,email,7177.18,2026-07-01T18:55:51.175565+00:00,2026-07-04T12:55:51.175565+00:00
0b22f143-b51c-42ae-b266-122e9d518e7d,33819b5f-a854-470d-bf7c-58e9d5c0b9a0,4d8de670-7d4c-4bd9-80d4-ec0aaaf9705c,medium,0.434,recovered,email,7378.44,2026-07-17T13:35:51.175565+00:00,2026-07-18T12:35:51.175565+00:00
851ff860-8d4a-469c-a83c-a8e265f192e9,aac7b4b6-d5ba-43ac-9321-7345585ccce4,3ff4a59d-dba1-4d74-9d83-33fe4486a8cd,low,0.737,lost,email,6682.57,2026-06-29T00:58:51.175565+00:00,
4aa34366-ba1b-4f55-ad48-ceb8eafa4109,ea9eab66-7403-4d27-86a9-f01ece33792d,c6c8f4a2-cd0a-45f6-aeb4-f99f14d6e7c1,low,0.684,contacted,voice_call,1654.86,2026-08-21T02:03:51.175565+00:00,
45877ce2-0ff5-43ef-94ad-268ec59951c6,9f6b71e5-4f13-457e-a31c-2ba2aa387e61,842b66e2-119a-4e0d-a319-628bf915bcb3,medium,0.521,lost,whatsapp,870.74,2026-08-02T23:22:51.175565+00:00,
574d21a2-ad6d-4265-aaaa-18b2c5b8f118,aa18e423-283d-4541-9ddc-9ec12393809c,bb0f8f29-6173-4c2f-b436-b3ad44106846,high,0.217,lost,whatsapp,12752.33,2026-06-06T23:47:51.175565+00:00,
ab2d5d23-06fc-4b00-952b-125c9930f92c,ac43d59f-a518-459f-80be-073635ac5aa3,3d810ba0-b8d8-4db6-84eb-4010c382de1d,low,0.816,recovered,whatsapp,499.0,2026-06-28T12:29:51.175565+00:00,2026-06-30T15:29:51.175565+00:00
75dc6747-c48b-4171-afdf-96ae5e4a77e8,6b066279-04a8-4444-bed0-940e882a694b,c304245b-5e33-4814-8238-be16f8d44578,medium,0.432,lost,voice_call,15726.53,2026-06-12T18:13:51.175565+00:00,
8e4fc71e-862a-44e8-895f-36bcdfeb21eb,5a226b43-e8d6-4f32-9509-9bf6243e2c98,2eaf1206-89e8-4e86-b470-466f894e0ff3,medium,0.506,lost,sms,3741.83,2026-08-05T08:14:51.175565+00:00,
f3d262dd-ddc0-46e0-8dcf-48f79bdaac54,2b5e1633-16df-44cb-8116-e36e6993357c,e7450b6c-8c77-488b-a90c-3a88e006cfe3,low,0.773,recovered,whatsapp,1151.06,2026-07-17T10:24:51.175565+00:00,2026-07-19T10:24:51.175565+00:00
1a94eb40-646f-41d9-8307-b3968e396c4e,c7c43100-aec8-4577-be62-9236608f0214,3138120a-a5d6-4c03-ab8f-db47048efc8a,low,0.88,recovered,whatsapp,1647.01,2026-07-14T02:43:51.175565+00:00,2026-07-16T19:43:51.175565+00:00
a16ad348-f828-4e26-bdb7-70d7f3351167,01095288-39df-48a1-937d-003153450077,0462cc07-868f-45e3-8a9f-f70f5034f7f7,low,0.677,recovered,sms,1006.74,2026-08-09T07:58:51.175565+00:00,2026-08-10T05:58:51.175565+00:00
2bed5ec4-f94f-42aa-bc3b-46673e1e4fc7,7411b87d-4f3a-4c18-a7af-8e1c8e4ab30b,baa86f8c-2831-41d9-8297-33600c19b6a1,medium,0.528,lost,whatsapp,5918.29,2026-06-26T16:29:51.175565+00:00,
dded8858-e15a-40ee-bc7a-4296c27ddd57,2357355b-bcc2-4778-81e5-fa02e241ec17,c3f90be7-c49c-438c-a901-6eaba56466df,medium,0.631,lost,email,990.66,2026-08-11T05:12:51.175565+00:00,
2018813f-0283-4f35-b67e-17dc4f532616,b958cf94-9621-4a4d-8901-3ff312091577,754d7a27-ab5d-4867-b8c5-7e06bd4ba309,low,0.796,recovered,whatsapp,13892.82,2026-07-22T13:06:51.175565+00:00,2026-07-24T02:06:51.175565+00:00
88a07a0a-c8c2-4155-9016-55bd4188f663,70c9fc1c-1816-4c36-b15b-e88c357a4c91,c4139d6d-ebd1-41ee-929d-a93b8667aa05,medium,0.528,recovered,whatsapp,15592.71,2026-06-26T07:24:51.175565+00:00,2026-06-28T16:24:51.175565+00:00
afab9f89-2aa8-4657-a930-35a57b68aba5,c2db0412-6e25-4d25-a080-ee01029ac76f,963243cc-d0e5-4060-ac97-e78482ec55a5,low,0.776,recovered,email,499.0,2026-07-29T06:15:51.175565+00:00,2026-07-31T23:15:51.175565+00:00
d18ae317-9963-482e-86f4-cde2f1ebe84c,cde9ff8d-c5db-4d34-a5da-c380ae425f72,6dda2c32-6967-48c7-b431-589965db82f6,medium,0.632,recovered,sms,735.87,2026-06-15T19:37:51.175565+00:00,2026-06-17T18:37:51.175565+00:00
63ef60f6-616e-4c23-840d-698379c6bb42,80259e05-8d50-45c8-9778-4b14b6f62b6e,412e23a0-d086-496a-8047-5029287f98d9,low,0.862,recovered,sms,3794.48,2026-06-30T17:56:51.175565+00:00,2026-07-01T01:56:51.175565+00:00
373b0dbb-711c-48b4-8073-297da9a42cc8,9f056ff3-3fcc-4338-8a87-3422937d44da,6c8af4a5-8e4d-46b1-941a-74be289ea67d,low,0.798,recovered,whatsapp,3440.53,2026-07-30T03:59:51.175565+00:00,2026-08-01T02:59:51.175565+00:00
f14040fe-661f-4d6d-8070-679afacba9c9,c2f15453-487a-4645-b21a-c989c418991d,a2bbd6cd-d20d-4467-ba5e-433088ce318d,medium,0.466,recovered,email,2746.53,2026-07-30T20:21:51.175565+00:00,2026-07-31T12:21:51.175565+00:00
cadd5a31-4f29-4de6-9136-1d9bed59fdcf,852ac86b-67ff-4120-8d2d-14b62d49c3b3,d202014a-c958-4345-bd99-2a374040da4a,low,0.867,recovered,whatsapp,530.38,2026-06-28T02:51:51.175565+00:00,2026-06-28T23:51:51.175565+00:00
f7a075c9-4bfe-4824-9d89-4044e9d114e5,90215f61-6e25-4a7a-8837-9c433f8e9d00,a83a4735-c19b-4834-9d62-b9e5d42221cf,high,0.199,recovered,voice_call,1468.35,2026-06-30T12:00:51.175565+00:00,2026-06-30T20:00:51.175565+00:00
c7a9cfbd-99c2-47b5-a12a-e37c8c53e1ff,44bbc075-e79d-4cd1-abe0-c82edbd8041b,fc98d07b-4ea6-459f-85be-d034807f2ffd,medium,0.558,recovered,email,2730.73,2026-08-16T23:00:51.175565+00:00,2026-08-19T19:00:51.175565+00:00
a9687552-8a26-4d83-b470-64d9fd7a3ce9,0c045079-f99a-43f2-949c-8d8adbddfcc1,46248e7c-b9f7-40ec-a915-1404980b8a51,medium,0.577,recovered,email,1796.92,2026-07-07T22:39:51.175565+00:00,2026-07-09T19:39:51.175565+00:00
3c188d2b-fba1-49f6-857f-054f3decf4cf,a276c71c-bd1d-4554-b297-250710773d76,df5cabdc-5317-476a-b2b7-51741b2d1ef4,medium,0.463,recovered,whatsapp,7080.31,2026-06-15T14:03:51.175565+00:00,2026-06-18T04:03:51.175565+00:00
161d73cd-2e35-4bee-a4f5-5e61f079c883,4fe6ecf6-e228-4776-b7f5-9192b9730490,a7f98754-6275-4009-b6c1-f3337f533247,medium,0.47,lost,email,2143.58,2026-08-07T03:37:51.175565+00:00,
b94a7015-e342-4267-9ce0-379eff73b6f4,eff7b4fc-0d93-4ea9-887f-1678a90539d3,6b062c31-6fee-4975-bf56-ba2d4b651256,low,0.689,recovered,email,3761.14,2026-06-05T05:42:51.175565+00:00,2026-06-06T05:42:51.175565+00:00
591483cb-4ccb-4a7d-b291-414ab23868e0,5b99ff6c-96f7-43dd-9082-aa4ab3db45c5,d5fcda5a-32e5-4e53-8781-8b3944a62512,high,0.281,lost,whatsapp,8488.38,2026-07-03T04:54:51.175565+00:00,
4308a03f-4a62-4344-accc-5730171bfbd1,646c2a97-b4c3-48f3-8d90-a396cdf80c5e,49a97cc2-9ba7-4447-bcc3-ce50783aa304,medium,0.509,recovered,whatsapp,1222.98,2026-08-02T16:13:51.175565+00:00,2026-08-04T03:13:51.175565+00:00
f3ed583b-8640-4d29-9500-aaca34526b35,cbc59a3d-95ad-4689-9fca-3ff61287ab11,ae4c86a2-f7e8-41dc-a06c-8b6a80c93f5b,low,0.694,lost,email,894.33,2026-06-21T16:49:51.175565+00:00,
f32212ef-038c-471f-ba65-ba49b94f21e8,3938a248-6f9c-44d7-901e-7e22837a7f0d,491f612f-6adf-42db-aecc-1fbfa017154b,medium,0.545,lost,email,2322.27,2026-06-29T03:37:51.175565+00:00,
5ef1b026-4d63-45e2-bb6b-c5cc2fd9c6ff,8d9fc526-0e8c-40cf-a886-bdab98877c0f,0b7c2b62-4f5d-4b37-a2e2-e5c288028eb3,medium,0.354,lost,email,2956.86,2026-08-02T17:22:51.175565+00:00,
70071aa7-c70d-4d9e-a5cc-403b75f240ab,99acb305-052a-4aeb-83ec-f0f69068f0e9,6aa7b5aa-4993-4e7c-9879-6d5e943f06cf,medium,0.417,lost,sms,5661.28,2026-06-19T19:53:51.175565+00:00,
edaa9ef3-31c0-4410-a1ff-232842a67cdd,32426fd6-fe0f-476a-ac51-9049fa4c513e,9f4a92c8-3084-452a-8d54-0f54fb7adf65,medium,0.402,lost,email,4483.64,2026-07-08T21:28:51.175565+00:00,
2c418c50-4246-4c7f-8573-842e695b70e1,0412e632-3ad3-4774-8708-07faba729709,dd1b9c9b-844f-4ef5-9e12-d584a9ef4dc5,low,0.788,recovered,voice_call,3522.42,2026-07-26T05:02:51.175565+00:00,2026-07-26T23:02:51.175565+00:00
585d1c7e-c546-412e-991b-63a85d7eff37,df1bd638-7fb8-4069-a3b9-1085d5294f70,bddb27f7-5209-4de4-8ffe-14ce4b4a304f,medium,0.465,recovered,voice_call,17900.43,2026-06-01T03:36:51.175565+00:00,2026-06-01T21:36:51.175565+00:00
a594921a-ee28-4a91-be75-dbfb415406f9,625a072c-2224-4b20-b932-008b71bc1aaf,901ce42d-e945-464e-ba90-74240b12b209,medium,0.571,lost,sms,499.0,2026-07-15T09:04:51.175565+00:00,
39b6e952-385d-4ea5-8f73-4cf1692a1cb6,83fe6cc1-e095-4ba1-a149-ab85bed23fbc,0ff31b98-54bf-44af-8d88-630464694d21,low,0.869,lost,whatsapp,2946.94,2026-07-08T23:36:51.175565+00:00,
42facaef-5470-4f30-b9a6-972ad5ff6ccd,2b327958-6f2f-4e7c-bbe7-b685b445d9a3,c3f859a5-e061-42f7-9661-d2ee6514641a,medium,0.576,recovered,whatsapp,3354.4,2026-06-25T18:35:51.175565+00:00,2026-06-27T06:35:51.175565+00:00
4514b02a-06cf-49e7-bf1f-a7b4b3b7c53b,9465f1c8-80b7-4fef-8eb1-d9f04ee73c02,5f326c48-3944-40e1-9efa-24ac293997e6,medium,0.467,recovered,email,7179.52,2026-08-01T18:16:51.175565+00:00,2026-08-04T17:16:51.175565+00:00
eb1152e7-cd4a-4c6d-9567-a9e8ecfb7cf0,a4419a18-3c99-4906-a7f1-b17780eaf2c4,2d33c8ff-907d-4da6-b4d0-209d4141e64b,low,0.712,recovered,email,2805.51,2026-07-07T03:59:51.175565+00:00,2026-07-08T14:59:51.175565+00:00
26fb2dd8-47b2-4aae-bd0d-a66ad9ef87d8,3aadb267-ba74-4b41-b77e-0eaa73dd67af,6a28fd37-3e8c-4b4c-b2b0-60ad6e172a3d,low,0.881,recovered,email,1792.37,2026-07-24T17:42:51.175565+00:00,2026-07-26T13:42:51.175565+00:00
7bfe0128-2299-4378-a483-d48b2ef9f34c,fc23f671-bdfb-4625-9d89-d61709f71b3c,71f86b27-3da6-4c06-917c-63c8e3415ad5,low,0.686,recovered,whatsapp,2181.3,2026-08-08T03:08:51.175565+00:00,2026-08-08T08:08:51.175565+00:00
3403771c-44ea-4673-ab16-ea4b86326cbe,df116431-7af9-4d53-9137-082915eddb1b,78ef7baa-052c-4161-ac14-37a1c363072d,medium,0.375,lost,email,7796.04,2026-06-08T10:27:51.175565+00:00,
9f0f99ad-e263-40c6-82d8-c86423999479,6281bdbb-b67e-4635-8406-7435269f25e5,9b461d12-e661-4b84-a67c-8925c8b72e6e,medium,0.624,recovered,whatsapp,5035.96,2026-08-16T09:50:51.175565+00:00,2026-08-19T05:50:51.175565+00:00
01bad426-62d3-4578-b012-e72bc284c68d,9cee0530-8d05-419e-8d04-4da5c9bf6e86,7d5cfcfb-07b5-46c2-bcc8-37a70818ca1d,low,0.727,recovered,email,2153.21,2026-07-19T05:28:51.175565+00:00,2026-07-21T05:28:51.175565+00:00
98287c68-02b3-4204-9436-f267047f6f40,8873fef5-5b4f-49b2-bd54-9dd098ac1658,f8e843cd-04ba-4fdf-9708-329bc5a76bc2,low,0.779,recovered,whatsapp,1757.12,2026-06-15T12:35:51.175565+00:00,2026-06-15T19:35:51.175565+00:00
8c6d3745-3799-474d-a53c-f55214277801,d5a823ef-c638-49d6-a701-598222dc952f,bccd6a5f-aaa0-46af-b33d-6fdba6a9d33b,medium,0.522,payment_attempted,email,5052.21,2026-08-21T19:34:51.175565+00:00,
165aefda-bf65-45ff-93be-36aac9052816,48555a8f-cce4-40f4-9931-afde17ed5d4e,a7df7423-5183-4a62-9645-79644b90a49e,low,0.661,lost,whatsapp,4927.89,2026-06-28T12:44:51.175565+00:00,
f6fafede-8067-4529-a2d3-10a08b967a2c,490234fd-79c7-441e-babb-38b8c34d1b86,7d1755cc-a314-4c45-93fa-2013951365a8,low,0.836,recovered,email,2710.23,2026-05-30T01:16:51.175565+00:00,2026-06-01T04:16:51.175565+00:00
810cf54b-6a98-4817-ad4d-a2abf0a47a3c,6e3e3022-3d5d-41a2-9361-3cc7bbc70a76,b0ca2983-828e-40af-ba00-19a66d23f51a,medium,0.384,recovered,email,2528.03,2026-06-19T17:48:51.175565+00:00,2026-06-21T18:48:51.175565+00:00
8e9334d5-01e5-4fab-972e-3a3baa2c8829,0878393a-d19d-44b9-9af7-fdfb4cc0c2e9,9093d2ed-3dfb-407c-b6e3-0d3e2dc29f72,low,0.687,recovered,sms,953.64,2026-07-30T14:44:51.175565+00:00,2026-08-01T15:44:51.175565+00:00
81c96998-be8e-4c00-a586-3468707f95f8,9d27edc0-5d36-4692-acc2-a402764b5329,7715a247-89cc-4803-bd90-f33632e95874,medium,0.408,lost,whatsapp,11011.51,2026-06-12T19:42:51.175565+00:00,
d5e617dd-be64-4b86-bc91-3e85582d4d04,8c7be7a4-ffac-4e2d-aad0-487a96c2e2b4,c51c0732-c550-4a78-bf77-887211677299,medium,0.519,recovered,email,9325.11,2026-07-04T16:28:51.175565+00:00,2026-07-06T00:28:51.175565+00:00
dd299751-a140-4283-a5dd-6d72ec8b6238,eb2537d4-f99d-4517-88f1-9a9611fdd067,53b35ccd-e861-4053-8030-11748f3ae907,low,0.725,recovered,email,2761.76,2026-06-26T07:55:51.175565+00:00,2026-06-29T04:55:51.175565+00:00
8f711abe-f9c8-4d48-a9df-fd40f706c66b,77df43fe-c650-4c37-8c44-ebb47f3ef126,0036a3ec-cc61-4f7f-b29f-987a409b4136,medium,0.607,recovered,whatsapp,1931.06,2026-06-20T04:43:51.175565+00:00,2026-06-22T22:43:51.175565+00:00
488c0289-ad12-4c7a-be72-89437c3add12,cd455cd6-d72f-440a-bca0-2ba3bcd60490,06803407-fb28-409f-9c31-a6bf51a2992a,medium,0.609,recovered,whatsapp,4136.79,2026-06-13T09:22:51.175565+00:00,2026-06-13T18:22:51.175565+00:00
d6a88a56-d6cf-4317-a237-ae573c72149c,61e5dfcb-0df8-4dbd-83b2-dbebd6ec969b,c1cc6f15-c573-4e6c-b82a-8a42f5cc16bb,medium,0.638,recovered,sms,967.14,2026-06-06T08:23:51.175565+00:00,2026-06-08T23:23:51.175565+00:00
6947aee8-eeeb-4b9b-a049-37020cae82e3,fb6469cc-6361-4ef6-9cb1-2ef04b30bdc5,d731a201-3945-4fd2-a48b-d2fdc407a2dd,medium,0.448,lost,email,3820.27,2026-06-24T18:17:51.175565+00:00,
9637747c-ed47-4fee-85eb-311e722bb7c5,e8a49932-b05a-4a9f-8869-b30955f48f28,647b838f-2acc-4e45-8e84-b400b44d9c95,medium,0.625,recovered,whatsapp,4525.42,2026-06-15T11:53:51.175565+00:00,2026-06-17T16:53:51.175565+00:00
3a946df8-1034-4a46-8525-a7d23024cd0a,97076916-4db1-4dbb-9001-7e3e0c4406ad,00bdf5c0-90ca-41b3-8ade-aba6119cea32,low,0.872,recovered,email,686.92,2026-07-23T13:50:51.175565+00:00,2026-07-26T01:50:51.175565+00:00
aa5e754e-24d1-4706-9f7a-b6c93c1e8a97,7c370db8-26cc-41b0-83be-c2e896e137e8,4e61c2e6-b28f-4eaf-a7bd-90dd2201964f,medium,0.375,lost,email,659.95,2026-07-10T18:28:51.175565+00:00,
63f3198b-1006-4869-b575-0c168739027b,11d0ad14-6439-4cb8-b8b7-cf96ef50461c,7851af0c-9de9-4933-8c50-f119eb9ac1b2,low,0.739,recovered,whatsapp,4996.04,2026-06-06T15:18:51.175565+00:00,2026-06-07T17:18:51.175565+00:00
878ca00b-3f6e-4e5e-9629-7f213be51128,eec1e2be-7d06-42a9-9b13-4f50d570280b,b50d1a14-dd94-448b-8bd6-bc9a4929bd5f,medium,0.498,lost,sms,2484.15,2026-08-12T16:26:51.175565+00:00,
32bf0e80-0311-4439-acbc-637c590c4c3d,2fb4eb42-6719-44d3-b57c-089d3bd04fdd,998bdaec-1e7d-4d13-a8b4-e11c00844ff2,low,0.765,lost,email,5035.82,2026-06-09T18:06:51.175565+00:00,
f7da6b0e-5891-46ad-851c-7cad3113de16,b6f7f58b-c8ad-41dd-8e0d-aa9ee1146046,aa6d0a5e-49f7-4064-9592-76a15f68e386,low,0.763,lost,whatsapp,683.06,2026-06-06T22:57:51.175565+00:00,
d5b1a845-12fc-401c-b2a8-39f6f42f5759,c761b1df-17ed-4555-93df-1f5bd1683514,61b02e2d-6d04-4e3b-8621-79862f7f9a2e,low,0.829,recovered,sms,2935.07,2026-07-30T11:12:51.175565+00:00,2026-08-01T01:12:51.175565+00:00
d96c86a2-f6c4-44d2-b703-e29fa7ebc367,4906bad7-ae69-4879-91de-35f60ada53ad,7ca0bd5c-47e7-423e-abad-58f01a7648e1,low,0.681,recovered,whatsapp,3047.66,2026-06-02T05:45:51.175565+00:00,2026-06-03T14:45:51.175565+00:00
29fb3b0a-42b1-4483-88df-b767e45ace5b,e9357280-6383-4968-a495-ff0aa443e81a,be9c8221-eb65-4b1c-a8ff-ac5d65e0ee4b,low,0.785,lost,whatsapp,5464.04,2026-07-02T12:02:51.175565+00:00,
63a9abbf-38ad-459e-b2a4-0f2b72d48717,0656f7e4-d71e-4e32-837d-363f2afd423a,ae83a55f-37df-425e-9b2f-90e1943bbe8c,medium,0.424,recovered,email,6282.79,2026-07-17T19:30:51.175565+00:00,2026-07-19T23:30:51.175565+00:00
dc599470-23aa-4a86-a580-d587b6ed53b0,e8ac3361-6709-4296-984b-959f45a9561f,44b91d84-6668-41cf-a623-a559cff76e49,low,0.92,recovered,sms,2834.08,2026-06-13T13:04:51.175565+00:00,2026-06-13T19:04:51.175565+00:00
0324a98f-c300-4a8f-97e9-571c1a698bd9,db8755f6-2116-45aa-b4bd-d434aff601b9,6aa1038a-6977-4cce-9312-467bfde0662c,medium,0.426,recovered,sms,6640.59,2026-06-19T10:47:51.175565+00:00,2026-06-22T09:47:51.175565+00:00
82d6e443-306e-4e8c-8f1c-c437d52ab660,794950f3-eb48-4978-aa12-7906a2c19e6a,4de7bdc1-00eb-4017-9b66-115bedd79ef4,low,0.924,recovered,email,743.03,2026-08-01T03:33:51.175565+00:00,2026-08-02T17:33:51.175565+00:00
58c23eb6-1122-4e90-a448-0a5ec4d4824d,6141725b-faed-4914-930f-ad655444eff6,11ef7a29-9f00-434e-89f4-41b2efa3edd3,high,0.315,recovered,email,3288.2,2026-08-07T04:48:51.175565+00:00,2026-08-09T01:48:51.175565+00:00
456de21f-cb2d-4044-8868-afc06e3f7239,38c65296-302b-4828-9a00-0129c787aef6,8e9172a9-10ac-4089-b295-57ffd6e76ade,low,0.841,recovered,email,4529.35,2026-06-21T05:33:51.175565+00:00,2026-06-24T04:33:51.175565+00:00
6f9c7ae8-dda5-4f4b-b8ca-544eb6b9bae3,81e317e2-caba-4af0-9bbd-b19852ba5240,72ca9a85-876c-41b8-90e3-cb5fcd03a993,low,0.772,recovered,whatsapp,2549.43,2026-08-08T23:26:51.175565+00:00,2026-08-10T20:26:51.175565+00:00
1ef697dc-c6f6-4331-8cbc-e06c5b03f29b,0356b017-8a4a-4f32-9177-9ca79bb0e20b,c67d333c-aadd-4ecd-b9a7-e024d973baf3,low,0.742,contacted,email,10007.16,2026-08-21T00:09:51.175565+00:00,
a52f1cb6-9630-4c36-86ed-31daf26952a9,d035e4f7-e1ed-4db3-bef3-88bcb32f3f8f,6fc57427-6f2f-4aa4-a15c-38c8367d2a7f,high,0.293,lost,whatsapp,8142.89,2026-08-14T06:39:51.175565+00:00,
a298350b-746b-46ff-ab4a-d778e111b271,78c62afb-0664-4ae8-87c5-a77a6dab4e2b,104acaca-6e75-466e-8ba7-4f821663a1f3,low,0.768,recovered,whatsapp,2675.16,2026-06-24T05:06:51.175565+00:00,2026-06-26T07:06:51.175565+00:00
ac477caf-f45e-4d41-9512-1693669b21ac,68edf5ee-a5ac-436e-a1ea-32aad90f2c34,9a297f59-1dbf-40fc-bdcd-873be983d732,medium,0.552,recovered,whatsapp,9718.25,2026-07-21T10:06:51.175565+00:00,2026-07-23T11:06:51.175565+00:00
e426ec45-8e54-4dad-982c-f504f75fe803,0e01775d-ff45-4442-9911-2b472d142142,f301a3af-f09d-41e9-a19a-78af101178ac,low,0.75,recovered,email,889.26,2026-07-09T23:26:51.175565+00:00,2026-07-10T08:26:51.175565+00:00
f275a150-d2cc-4313-a760-4cc27a7a83e8,241cebc1-bd5b-4ea9-8d00-a8c88acfb274,6034cd60-0f14-4ea8-897a-53ed4e5f2379,low,0.85,recovered,sms,983.74,2026-07-05T03:03:51.175565+00:00,2026-07-05T15:03:51.175565+00:00
6d2ee5a0-c797-4962-b12e-53be0b60633b,65e4ebcd-4f26-46d9-baf9-b4c470a8b95e,91aef919-29d1-4f4b-b311-3846669c1a8f,medium,0.51,lost,email,4163.13,2026-06-01T11:43:51.175565+00:00,
a7e5950f-500d-4fe8-bdc4-5141db581e18,4d902521-418a-47bb-8c04-1c5a49cf3b95,4d6e73a7-195b-4251-b90f-7d842b82a649,low,0.69,lost,email,3427.87,2026-05-26T02:33:51.175565+00:00,
f9eae6cf-ce91-426b-9268-3ce7aa5d5dbd,5ebad8e1-3592-41b6-8a62-5296325fa00e,6e22fa29-17d5-4396-be0f-9e730c5e8466,medium,0.592,lost,email,1912.73,2026-06-17T02:58:51.175565+00:00,
7876ecf8-8774-4d89-9b65-5cd66b13701d,aa594153-1db6-4071-a1cf-5692908748d5,32e190f7-c122-4d9d-8343-0e36477f0fa3,low,0.722,recovered,email,3333.43,2026-07-16T19:27:51.175565+00:00,2026-07-19T07:27:51.175565+00:00
db578efd-e7de-4b8d-ad76-116c6a611d20,162d1aa3-a2aa-4ed3-86cf-431abac1cbd3,875f69f2-719b-4ed4-af73-7df12b709d5e,low,0.715,lost,sms,2267.88,2026-06-29T00:53:51.175565+00:00,
0f58faf7-06dc-49e4-b5b7-ea1475a8037c,a16c3bee-508d-408d-8751-9b2eff5bf8db,13c9a300-dc3a-4d57-952c-515caf11fc60,medium,0.537,lost,sms,7717.29,2026-05-31T02:40:51.175565+00:00,
3c459f54-d5f1-4dab-8035-ccb115d59de8,fd6f6586-2c81-45d1-9f29-e926bf794cb1,d3795bf5-7388-475b-a841-515a75412a6d,medium,0.635,recovered,email,2308.22,2026-06-08T12:27:51.175565+00:00,2026-06-09T04:27:51.175565+00:00
1e17a42e-fa8e-4e09-8174-bf470e4ef39a,2aa7d023-d739-4b48-a46e-2265a185bae4,431c99de-bd92-4d97-a78e-d26dcdb74b1f,low,0.711,lost,sms,3819.44,2026-07-17T13:13:51.175565+00:00,
3011020d-a293-4d60-9508-e696ca55b5bc,42142967-0bbc-4fcf-ada5-faebc276644f,0aafe3a2-a65e-4000-9751-b02325f0b15d,medium,0.362,lost,whatsapp,4822.26,2026-08-01T23:43:51.175565+00:00,
d330f9ab-8846-4caa-9c11-7c26838af8d2,569ac9be-61a9-4b6f-bbee-17c3bb6057a5,773dcb36-17f0-45aa-a0db-ca5b8b2474cf,low,0.672,recovered,whatsapp,16840.08,2026-07-06T09:02:51.175565+00:00,2026-07-08T13:02:51.175565+00:00
8bff1c0c-a779-4091-8597-f43602446f86,4bce7b6b-a32c-46d3-8aa1-ed20ecb6f1d9,4d21b9c2-43b0-478b-990d-26d59b71d49f,low,0.726,recovered,email,13300.49,2026-06-02T08:24:51.175565+00:00,2026-06-02T21:24:51.175565+00:00
90311f18-eb4f-462a-9d4a-e93b9c893979,92252191-3291-4514-a979-360d6a634021,8b797a38-4b68-4e3e-90fc-053e8899d5a6,high,0.121,lost,whatsapp,2293.37,2026-06-19T16:30:51.175565+00:00,
2050a32a-747c-4bec-95f3-cf5697a0b906,ab2d47c3-ee2c-4314-b345-3f5c0873af50,1f432fc3-e657-4423-b884-0f58d148d25d,medium,0.438,recovered,voice_call,10559.85,2026-07-28T19:34:51.175565+00:00,2026-07-31T05:34:51.175565+00:00
361c4975-f289-4482-9065-5a8cf95a50ad,e66683d1-bbcc-468c-8c5a-28b0a2d1d11d,c6aa1190-bb89-4421-8df9-3637aedcc502,medium,0.375,lost,whatsapp,3937.89,2026-08-18T11:43:51.175565+00:00,
3a9a0ce9-c058-4ad3-a7ef-0672e6f04656,53c36b77-bac1-44f1-894a-3b2cb7467cb3,ee1c3007-9687-41a0-8cd0-67430ab091ac,low,0.706,recovered,email,3773.47,2026-06-30T03:31:51.175565+00:00,2026-06-30T15:31:51.175565+00:00
8090b496-010c-4f35-9b7c-2da7043eff16,1b8ec0b6-a915-4c7f-a304-2d36d7ae2d1c,fcab98b4-7a03-436d-8873-4f9abf3d6401,high,0.178,lost,email,532.29,2026-08-01T14:13:51.175565+00:00,
73d9e91c-0f5c-4cfa-be34-1dae6a35e822,b83929ee-9c83-40e8-a3bf-a825addddab6,155d3630-4e71-4458-aa3a-1054ffe5472d,low,0.687,recovered,email,5280.95,2026-08-14T13:08:51.175565+00:00,2026-08-16T05:08:51.175565+00:00
1b934d4f-4f31-4753-81b0-7b5a48ed7d5d,1410d0f4-1924-4932-82dd-033b49197c98,c6974408-c7df-4bfa-afad-a48097f01c92,low,0.879,recovered,email,2324.41,2026-07-02T12:30:51.175565+00:00,2026-07-04T12:30:51.175565+00:00
cf54d805-aa19-4bed-b811-f2de5e310bd0,380481e5-bdd7-4fe0-aef0-5b06552edb39,27a41efd-3bb9-43e9-b0c6-dcbe7f09406c,medium,0.445,lost,whatsapp,6613.64,2026-07-08T18:01:51.175565+00:00,
a81fa747-2d41-4734-b42e-68094de0fe86,ef1f3fe9-1b5f-4fa0-93f3-0d888f6f11a5,ae665e4c-118f-4883-989e-a64028a19599,low,0.909,recovered,email,1685.89,2026-07-03T04:29:51.175565+00:00,2026-07-05T22:29:51.175565+00:00
f87b31b4-fe28-4c37-bfd5-f0b4cf169499,38b49e49-0754-4e88-9e6b-64e7263b0536,a0fd4362-76f0-4c99-8280-85e5b61590b5,low,0.843,recovered,email,850.03,2026-05-26T08:21:51.175565+00:00,2026-05-28T17:21:51.175565+00:00
09aad8fe-b02f-4e14-8bb7-9d30d395e319,506e391c-5d9e-4021-b12b-7f3c6ffc9996,d1637839-d70a-464e-a1b0-a666a9743580,medium,0.429,recovered,email,1992.92,2026-06-14T07:53:51.175565+00:00,2026-06-14T11:53:51.175565+00:00
99442ed6-c1fc-48b0-88a7-f30855c288a5,0c7b1d36-5648-4901-a7a0-69e52d0cafdd,fda562ca-87aa-4119-bd3f-008a6458f8fa,low,0.661,recovered,email,1059.31,2026-07-25T19:58:51.175565+00:00,2026-07-28T18:58:51.175565+00:00
72b118d6-42c4-4711-b070-c585cc450ef3,e8558d6d-6eb3-4c10-ae34-9df2f9572011,7c6a4ea1-99d9-4396-b0e9-33ca3425fb24,medium,0.523,lost,email,7040.09,2026-08-17T02:00:51.175565+00:00,
b3ffa9a3-4e04-4544-952c-065b5c0a17c8,515af5ff-d9f8-4ef1-aea5-f274236830dd,7bb7ac9b-037c-4054-a94c-46cb51c35022,medium,0.554,recovered,whatsapp,2125.26,2026-08-06T16:08:51.175565+00:00,2026-08-08T02:08:51.175565+00:00
488c5fb3-bf36-443c-8dda-5586a76fc84b,87e26a67-1178-4209-b1bb-2078d5eabca9,bd03ed5f-fced-4161-a818-431be7ac9268,low,0.734,recovered,whatsapp,4020.26,2026-07-14T10:11:51.175565+00:00,2026-07-17T09:11:51.175565+00:00
1c9b958b-9a31-4f8f-8966-320f7da218d1,55e2cc78-42fa-41ef-afa8-974f68423f81,2dfbae5b-e579-4710-97ef-4f5422076f7e,low,0.787,recovered,whatsapp,499.0,2026-07-25T23:54:51.175565+00:00,2026-07-26T12:54:51.175565+00:00
1700e8bd-37e5-4ea5-aa98-a734f134f585,707ab766-f297-423d-bc30-4394725cf44a,3cea3c66-e38d-45a5-a6f9-c281f3ac524e,high,0.232,lost,voice_call,16444.21,2026-08-19T11:55:51.175565+00:00,
5fbec2fd-db81-4b4a-9bad-12010eff083d,85906701-8ab4-43f6-95fd-d37fe8e7488a,b466214d-ce52-4c43-87e7-1efcc1cfec10,low,0.809,lost,sms,2505.1,2026-07-29T11:35:51.175565+00:00,
c14a8e08-f304-48bb-a591-6cc63702fa2c,0ede1312-5392-416b-9059-6430c4655260,5d99d061-0e4b-4409-a968-856183ac0f04,low,0.865,recovered,whatsapp,4448.91,2026-08-13T15:38:51.175565+00:00,2026-08-14T13:38:51.175565+00:00
f37407aa-a9dc-4492-b215-bd6a675d39a1,c6f837f1-8a5a-4731-ad51-68f6cc2cc0b7,40a7f03b-9635-4007-8cf1-a26e28b2213d,low,0.679,lost,email,3032.4,2026-05-28T15:02:51.175565+00:00,
59db6f08-25f7-44c4-ac72-7eb2e1932e84,8e2b50fc-1dfa-4344-ad53-d97020e268b8,ab22730e-5750-44c3-a5c2-00316945cef6,low,0.678,lost,email,3764.33,2026-05-29T20:45:51.175565+00:00,
ff6883f2-db77-4d54-b2a4-cfb802c3c5df,ef76d59a-90c6-4e55-9f95-f752e53605b3,0b4acca9-d61a-4f54-a453-bdd3859c3e26,medium,0.383,recovered,sms,6607.34,2026-08-08T15:49:51.175565+00:00,2026-08-10T06:49:51.175565+00:00
ad38b9db-6512-4358-b593-b192be0bf8a9,d4d525dc-284b-475c-8e47-12fcff8bd4b4,c7732170-aa6e-4965-9922-4d763cdda62c,medium,0.533,recovered,whatsapp,2831.1,2026-05-28T12:22:51.175565+00:00,2026-05-30T19:22:51.175565+00:00
b2b39013-4f49-4b7e-9c63-495810813540,c7dfa621-1ca5-4790-9767-115b185879b8,64f20871-fd86-4355-aef7-b8a676c3b97b,medium,0.473,recovered,whatsapp,16502.22,2026-06-04T10:36:51.175565+00:00,2026-06-04T22:36:51.175565+00:00
be6b334d-e413-432f-94be-a8ebeb56fd26,e3e71d25-498f-4dfb-abb2-54d10e689903,907278c4-5862-4a88-a409-5b6b0df857eb,medium,0.62,lost,email,3309.53,2026-06-08T08:44:51.175565+00:00,
d8209ce0-e491-4b36-a6e9-5aa14519f305,5f514b6b-d7df-495e-896a-e42512e46633,62a184f9-3b22-4f63-ad0c-eee0dc27720f,low,0.886,recovered,voice_call,1462.24,2026-07-22T22:25:51.175565+00:00,2026-07-23T22:25:51.175565+00:00
e47dce09-617f-48df-93b3-fbd9eef09efc,d9e08616-e0d3-403b-a065-4c649249c2ab,74b0eb41-ffe9-44ae-80f6-f69afa300d77,low,0.859,recovered,whatsapp,3080.13,2026-07-01T17:35:51.175565+00:00,2026-07-03T12:35:51.175565+00:00
1846791c-88e2-4b7d-b796-3f7610e5dc7b,c986675f-abeb-47d5-9a78-f15c7aa77234,bdf4dd72-0510-4eaf-bfa6-44d60e27222e,high,0.323,lost,email,4010.34,2026-06-26T18:20:51.175565+00:00,
74368e96-330b-4be4-90c9-684d71fdcde6,ace867a7-8fbb-41b4-aa5b-70f929bf1447,bcdebb97-2d11-48d7-9b16-2ea0a5abb475,low,0.904,recovered,sms,958.55,2026-06-06T12:43:51.175565+00:00,2026-06-09T02:43:51.175565+00:00
f017909e-7fc1-4b62-807d-dc7667d62105,a764ed1d-ccda-4f50-9ce2-5d8ba368cf58,e99b655e-639c-4587-831c-2b7d76b2d5dd,low,0.748,lost,email,1755.83,2026-06-04T18:53:51.175565+00:00,
b44e3189-8d34-433f-970f-f7d5c9068b52,72994e38-ae84-401e-aa9a-7d2527fbb188,ad8e4e5b-4c55-446a-b3cb-a2049a8ae43c,low,0.907,recovered,email,859.13,2026-06-28T08:30:51.175565+00:00,2026-06-29T01:30:51.175565+00:00
e7482cad-2e12-4683-8228-5bf046ebb1d5,6ebb29c5-67df-45d5-bf2f-37dd3384a91e,4d7471f8-c66d-473c-b51d-5d6ccf33d13b,medium,0.51,recovered,whatsapp,12757.59,2026-08-18T23:51:51.175565+00:00,2026-08-21T18:51:51.175565+00:00
f68eb461-2043-4232-a99c-a5526fa006c5,7cfec718-8879-42a7-8c69-55459270d340,e59dc6ef-b0eb-4a6d-be93-ccbdf847600e,medium,0.467,lost,email,4880.16,2026-08-16T06:21:51.175565+00:00,
b804388d-d3a8-4223-b338-433aa6c68dd6,a67a73a3-9a2f-47bc-9fd5-5bae7b090ba1,3b5c8b76-c867-4fa0-a1bc-d13327319537,low,0.726,lost,whatsapp,10628.3,2026-07-15T12:39:51.175565+00:00,
fa7988dc-abee-4105-87ee-0bcb79c0997f,b0b73623-e432-4398-8b92-b2b89e40a4f4,e854aaa2-58ab-4e3f-bc76-7ac583603996,medium,0.495,recovered,email,6032.44,2026-07-01T19:26:51.175565+00:00,2026-07-01T23:26:51.175565+00:00
76643a5d-b184-477c-9c8d-25d563513dfe,eb0dbfa1-81f3-4de0-bf29-da0f068f9e6b,80b1641e-821a-419f-bca2-16ef7c33f28b,high,0.276,recovered,voice_call,5218.67,2026-06-21T23:21:51.175565+00:00,2026-06-23T09:21:51.175565+00:00
881e4f2d-72a0-401c-897f-976d3d4db0d8,c934efbb-bd04-42e8-8c83-22f8e102362e,e0096067-93fd-4f59-9566-0bdf3a10cca7,low,0.791,recovered,whatsapp,4301.2,2026-06-14T11:06:51.175565+00:00,2026-06-15T14:06:51.175565+00:00
a850fe44-cbf7-41a9-af13-071c5a4d8f7b,9892fbfa-766c-4591-bda7-ae2be356d6a7,d6c91368-8201-48f5-b755-fb3961c50273,high,0.241,lost,whatsapp,16405.07,2026-06-02T22:33:51.175565+00:00,
91f40c01-dd68-44d6-a516-efba31e4e6de,ed5ae1eb-3b46-4a80-bd7b-cfc14a5545d9,fe802520-9822-45ef-ab6e-f098d34272eb,medium,0.446,recovered,sms,3760.05,2026-08-05T15:05:51.175565+00:00,2026-08-07T01:05:51.175565+00:00
2974b759-6d13-4f4b-9f32-b0feb43084aa,f4564e2b-5d35-40b1-a76c-ffb2fa25b2a4,2214b047-503f-4b89-86f5-9883699b5d1d,medium,0.434,lost,email,2728.64,2026-07-05T15:22:51.175565+00:00,
8945045b-e113-4610-81a3-5a394211b634,88818099-d3a8-4b3b-92c0-a3932941d53c,76a9a859-177f-4a5b-88e4-c049de32afae,medium,0.433,lost,email,1714.42,2026-07-12T06:40:51.175565+00:00,
331c85c2-a48a-453b-a01f-9cee6beb803a,3e513255-d345-41a0-afce-cc4a8ff2b543,359077b9-171f-4c29-9ccc-970e1ba93689,low,0.788,recovered,email,2121.56,2026-07-27T19:40:51.175565+00:00,2026-07-28T14:40:51.175565+00:00
39d714bd-6cb1-46af-8717-7699597a624b,f5d823e1-9ada-4fd8-888c-3dd4bfbe1335,c00e635b-be97-4fd4-a678-06054f16c80d,high,0.327,lost,email,10308.78,2026-08-10T18:09:51.175565+00:00,
4f55e197-7dc8-4ce0-9553-d48d28cb046b,4458c349-5b47-448d-8da7-fee3806c468e,66741028-ebe1-42c0-94d2-f30a52231899,medium,0.391,lost,whatsapp,3543.76,2026-06-17T05:36:51.175565+00:00,
68ce1ac5-8059-4022-964f-5d2cb3d58cac,b6d6016e-d93c-43c3-b226-f7d52cb298d5,31b13250-d3da-4425-83a4-1e932d2f787a,medium,0.573,recovered,voice_call,603.81,2026-05-31T00:05:51.175565+00:00,2026-06-01T04:05:51.175565+00:00
9c2eafca-58f2-4620-92a6-6a335b4813fe,bd421c16-bf37-477c-b4e3-150b741fae22,8c1d5b1a-35f8-4646-9304-5476729d2b12,low,0.89,recovered,sms,2821.47,2026-07-23T12:44:51.175565+00:00,2026-07-24T04:44:51.175565+00:00
ef29a71a-d53c-484b-86ff-1f1ee4e9291b,9f6b71e5-4f13-457e-a31c-2ba2aa387e61,d75aa812-7248-41db-9766-4d42add90186,medium,0.562,lost,email,1792.14,2026-06-26T18:20:51.175565+00:00,
9c10a9e0-4e1d-472d-9d1b-5cee4fb1caf3,a39f126a-cfbc-4d75-9ed5-ebef57dea30b,a1021b06-f2ca-46f4-bef0-1995f7d1c240,low,0.753,recovered,sms,2333.16,2026-06-03T05:51:51.175565+00:00,2026-06-03T12:51:51.175565+00:00
320a105d-606d-4456-baa2-6392d38eac84,12c377c1-7111-4e97-9213-f702fc65bbb7,a551f771-6cc7-4f0d-b1ce-eb71d567d79e,medium,0.506,lost,whatsapp,7916.88,2026-06-24T07:56:51.175565+00:00,
ffe6a618-1318-4b52-a343-5a9b1fdb4c2a,6c7e0bb9-d15e-4b31-8335-011597075e2b,397ebc79-5097-4f80-a70c-76ad1835f9eb,high,0.23,lost,whatsapp,9630.01,2026-06-07T18:07:51.175565+00:00,
7cc69988-e4e1-4e3f-8731-e6b5b0d48647,f4e95f0f-5be1-4ee1-9acd-3888943e4618,f1ec7f83-fa98-42a7-9975-95a31d0ebc25,low,0.75,recovered,email,623.68,2026-07-18T05:50:51.175565+00:00,2026-07-21T02:50:51.175565+00:00
3f49cf4f-f665-4a75-ab40-4d2c159350c9,e7d4646a-5aa4-4b93-b2a8-187872c1a747,5de87f1c-93b3-44e2-a5b7-7943ba33c0b7,low,0.885,recovered,voice_call,1987.11,2026-06-17T18:15:51.175565+00:00,2026-06-20T17:15:51.175565+00:00
54931d20-1f11-467b-a9ae-95f85ffc169c,1e477bc5-9af3-4cbd-84fc-6a2c513f037b,688e5fd1-1996-4ba5-a001-237987ba78bd,low,0.937,lost,whatsapp,7081.0,2026-08-11T08:18:51.175565+00:00,
01220383-f44d-409c-aee0-4afc1d2d037d,88fb1968-aacf-48da-93cb-996f9a3575db,15545a28-d6a1-4056-95a3-73cb062ce1ec,high,0.325,lost,voice_call,1960.77,2026-06-17T13:38:51.175565+00:00,
077dff41-660b-4336-8326-f2087168fe52,544c2ca1-66bf-4e9d-aee7-d907fbd69200,e27ab4fd-0a31-4986-ace4-cb0f1d448764,high,0.268,lost,whatsapp,11948.73,2026-07-21T20:26:51.175565+00:00,
7fd2b556-25c5-4d83-8d44-67320d34ed23,d7cc33c4-4a78-4b56-a6be-f0ca2585de86,d46b1c76-0bba-4155-9ee0-4eb235416f4f,medium,0.577,recovered,whatsapp,4629.82,2026-07-30T08:05:51.175565+00:00,2026-08-01T16:05:51.175565+00:00
38b314e3-1603-4e45-b396-9ea87ce3e6a0,4bdfc160-21de-4810-9df6-344f3a0186f0,d9cf9527-1534-44f2-856a-db92c4b43820,medium,0.358,lost,whatsapp,1662.65,2026-07-22T20:17:51.175565+00:00,
63b31909-e6ef-4f7e-8865-97a5a452a51f,7e2dd005-499e-4985-9d80-cf8c96cc2521,533c9c61-0200-4b93-a95f-0576bd679921,medium,0.639,recovered,email,926.65,2026-06-19T08:15:51.175565+00:00,2026-06-22T00:15:51.175565+00:00
953820f6-8d84-44e1-bdcc-9f2f91da1745,9623d2e6-89e9-4dfd-b39c-4993985f1747,08bcb60f-144c-426a-ac55-6799aeabc9b2,low,0.76,recovered,sms,3012.08,2026-08-04T20:45:51.175565+00:00,2026-08-05T23:45:51.175565+00:00
a30de080-f87d-4366-a7cb-9911d21622b8,0ce84ef8-3163-4a05-a52e-8918b6d80fac,d66bf70f-e469-40ea-b54b-7c0538721984,low,0.855,recovered,email,3723.95,2026-07-28T22:13:51.175565+00:00,2026-07-31T19:13:51.175565+00:00
be576406-2a00-4907-9680-72a393852c64,ef1f3fe9-1b5f-4fa0-93f3-0d888f6f11a5,0ab3c093-25b6-4e2d-9e46-e8599ea2d76c,low,0.877,lost,whatsapp,701.9,2026-07-29T12:34:51.175565+00:00,
01875241-21e3-45b6-91df-37c39d484a1b,41c1a11e-0fbf-491e-b916-74c1bd240a49,180c3c07-af17-4b11-b67e-1e74e62107c0,medium,0.408,lost,sms,3882.41,2026-07-08T11:33:51.175565+00:00,
766d2ace-8632-4f3a-b91b-a68e0bfe6e88,775006a1-2487-469c-8c50-5778562747c6,8e935890-cd4c-482f-a0cd-9c252369dae5,medium,0.466,recovered,voice_call,1073.25,2026-08-14T10:39:51.175565+00:00,2026-08-16T18:39:51.175565+00:00
6994b761-8b16-4d3f-a511-c4e43f015e33,df8dca1e-39f2-409e-bed1-9d285d4bf43b,7cc36176-629d-4a75-9745-961cea1b357e,high,0.293,lost,voice_call,3597.01,2026-06-28T04:30:51.175565+00:00,
4235cd51-27dc-4efb-9649-fadfb486e8ea,c5313059-aeba-46d2-89c2-f09a25529848,440136f3-883b-4f6a-bd44-743037e373e0,low,0.774,recovered,whatsapp,1111.97,2026-07-30T02:14:51.175565+00:00,2026-07-31T00:14:51.175565+00:00
ceafff2b-5e26-4e6e-89fe-b4a0ea18dd9a,fd6dc4c8-b6f3-4ea0-9482-1698fc3ce2d1,b9cf4978-f39f-462a-9457-18cf7907309b,low,0.757,recovered,email,3609.43,2026-07-06T05:41:51.175565+00:00,2026-07-06T22:41:51.175565+00:00
d9fcf1b1-6ebf-4c68-8107-6aaeca421081,3728ec66-c985-42ba-a16f-a92b3bebfb6f,452593f4-3f17-40d9-aeaa-a0c426bf1d7f,medium,0.441,lost,whatsapp,4345.41,2026-07-08T23:24:51.175565+00:00,
de8e7067-5995-40e1-8993-37dcb80a8455,b37a60be-d1a4-4aa6-9d01-e83a68ceed65,979d6397-ca6b-450c-a423-2544f44b5db4,low,0.785,recovered,whatsapp,2304.77,2026-07-31T07:28:51.175565+00:00,2026-08-01T22:28:51.175565+00:00
bbe7a435-2d6d-4242-9ffa-870c48990feb,091a41ce-338b-47c8-8d76-9b1d60e45332,fd0be244-6d20-4e0b-87f1-92ef265fff86,low,0.759,recovered,sms,836.16,2026-06-19T03:38:51.175565+00:00,2026-06-21T05:38:51.175565+00:00
dd7c4bcc-e1d5-4817-8dd3-9d2e2fdd0b4d,d6818ffe-41d3-4304-a094-316a153c5afa,9e76b3dc-2cef-45aa-98ed-7c76816bfe89,low,0.83,lost,email,2706.92,2026-05-29T08:19:51.175565+00:00,
bd31c736-5c30-4628-9464-17e27620b719,ff998eef-8c1b-487c-9969-19afe23b920a,3125c159-0b4b-4374-b299-dc3361973384,medium,0.601,recovered,sms,4970.48,2026-07-24T23:59:51.175565+00:00,2026-07-25T10:59:51.175565+00:00
9b3b5011-a480-4845-8a93-2e26ff4672d0,8706eb59-6b87-4207-9967-a8f49193c22c,75f3f46b-f09a-4d09-b5e6-c22c14fc79d1,medium,0.524,recovered,email,1853.23,2026-07-29T20:14:51.175565+00:00,2026-07-31T19:14:51.175565+00:00
23c32c48-ef10-46eb-88df-ead35143c93e,1b332288-9acf-44e1-b1b0-d199444306e9,228f2cb8-5fd4-434c-9a75-b5b0c035e4a0,medium,0.404,recovered,whatsapp,10276.5,2026-07-14T06:21:51.175565+00:00,2026-07-17T06:21:51.175565+00:00
9f305531-1735-4b91-a31b-31eb01fad0de,862bae06-ab24-42fb-9d8f-4d98ac9a04d0,54f29601-ba0f-4fa4-aa31-4dea235b50bd,low,0.817,recovered,email,2564.33,2026-07-04T08:03:51.175565+00:00,2026-07-05T09:03:51.175565+00:00
a5fa772e-fa4e-4420-b2d6-6f52e1576e02,f336d5e7-1a5c-4552-9de0-696bb69eb90c,b8e1ab99-2d7c-4ed5-b464-6a2d611ecd8c,medium,0.639,recovered,sms,3659.55,2026-06-20T22:19:51.175565+00:00,2026-06-23T13:19:51.175565+00:00
eb5ad82a-2f4d-424f-8b24-9072eed38ac3,aceadc7b-0bd8-429d-8de5-6a563585d472,8a72aa84-ba6e-4522-9356-85753d69e5c7,low,0.821,recovered,whatsapp,2165.54,2026-08-04T18:34:51.175565+00:00,2026-08-07T07:34:51.175565+00:00
31156558-e582-444d-b552-4b3338513bb1,579adb3f-4f82-4f46-a195-20db002ad7b6,f3a19c5a-0b82-4321-b655-1d34bb20777e,medium,0.535,lost,whatsapp,1543.43,2026-06-14T00:18:51.175565+00:00,
1a61d107-3516-4d8a-8d48-7614b3644c1a,d5fc0128-0d95-4b50-98d7-031a3c41bcfd,f9971ed2-c003-4335-99a1-0ba2e11b4a55,medium,0.506,recovered,voice_call,1588.85,2026-05-28T08:58:51.175565+00:00,2026-05-29T02:58:51.175565+00:00
9b2c5714-9677-46ea-9962-a1c0ffc7e6be,acc00baa-de7c-41fd-b548-3189f60fc4b0,daa290dc-1b4f-4b6a-a71e-94a2991446e6,medium,0.445,lost,sms,6525.45,2026-07-03T12:09:51.175565+00:00,
5f3535ec-17b5-46f0-8f6b-7df700e75869,94c2a38a-e4e4-4ec1-a50d-a48d29d26181,561e3634-d21e-4ce8-a73e-b9db6842580f,high,0.223,lost,email,8152.21,2026-07-27T13:56:51.175565+00:00,
ecca98ef-cada-4230-9094-6d2face79fe0,c02f1e3b-9de0-4fc8-ad38-0234e2d59baf,ef727472-40f4-4666-8982-5ff9bf7e6f8b,low,0.767,lost,email,515.89,2026-06-22T20:21:51.175565+00:00,
3c17bbb7-6afc-4547-b410-ba41bc8d59ee,26bb0093-97d6-4336-ad11-2decbb5bb59d,0604d052-d2f3-47e3-bdea-492b1ab994a8,low,0.907,recovered,whatsapp,985.06,2026-06-29T14:51:51.175565+00:00,2026-07-02T05:51:51.175565+00:00
5997c677-a4f5-47f5-8e72-077d9b71e137,89f37244-95cd-4e07-81c4-38459a1e1651,f4702173-24de-4c6e-bbc3-18e065e28dc4,low,0.787,recovered,email,4810.23,2026-06-18T10:08:51.175565+00:00,2026-06-21T09:08:51.175565+00:00
ad0c8578-b0af-4041-8e4e-2b9c5530056c,4252471b-d976-43d1-8f76-1de4dc6f1149,87cff121-3e5f-4905-93a4-5130d2ac64a0,low,0.665,recovered,email,3608.51,2026-08-19T14:20:51.175565+00:00,2026-08-20T08:20:51.175565+00:00
70210ee9-0e36-4d7b-9d08-ffc7d56d71e1,77df43fe-c650-4c37-8c44-ebb47f3ef126,443b7d47-a416-4487-ad75-0f8bdde628ff,medium,0.466,recovered,email,4619.21,2026-08-14T01:38:51.175565+00:00,2026-08-16T15:38:51.175565+00:00
6ea32353-6436-47bd-97c1-8807c1010047,e54061c4-ee03-42c7-9955-777c2707ef2f,3965b2f2-cfc6-4b18-9104-1ed4e720b6d7,low,0.891,contacted,whatsapp,2762.55,2026-08-20T18:08:51.175565+00:00,
7bbb06b6-6783-4073-8e09-5546c5f09a2a,95097a2a-14fb-4f5f-82c7-47552f9199aa,3b2b9475-0636-4ee6-beb7-b7a968ecbe11,medium,0.582,recovered,email,1022.24,2026-07-22T05:03:51.175565+00:00,2026-07-22T11:03:51.175565+00:00
23d879c5-b321-4b58-9445-0b17e5c0bc5f,4767518f-6f55-44f1-8043-94221ce89f41,ff16806e-fc17-4c20-b631-584a9eb13336,low,0.756,payment_attempted,email,1226.82,2026-08-21T04:24:51.175565+00:00,
59bd43b1-1f78-4c6c-970e-4c9db8b8587d,85a2dcef-5fed-44fb-9cfc-4570ca2deec8,7f25552f-e49c-4ca7-b068-5b6bef4a9287,medium,0.386,recovered,whatsapp,542.13,2026-06-02T15:23:51.175565+00:00,2026-06-03T06:23:51.175565+00:00
585d0aa4-c5b8-41cb-a933-8ae08759de9b,a776c382-b01d-4dc0-bd13-28a20597aa49,f99d33d5-7ac7-4660-9159-d403404d1498,medium,0.389,lost,whatsapp,6627.89,2026-07-03T22:58:51.175565+00:00,
11e4f57c-4639-4ab4-9434-20228e6b194f,c4bf383c-e45e-4395-af15-6c8a10bdc360,305aefa5-fb8b-4ed7-8543-a7ce077d07a8,high,0.321,lost,voice_call,18655.95,2026-07-24T05:01:51.175565+00:00,
486f9d83-14d4-4163-8879-f6c3bf4d0642,b3567cf4-0e6a-4d0f-a565-9a4a102b826c,97f8b56c-e8df-4819-86e9-33c32ffd655c,high,0.226,lost,voice_call,2623.21,2026-07-18T17:59:51.175565+00:00,
52872d54-5890-4b70-87af-50d1d5fe8488,df3de2e2-ca8c-4f35-8844-9d71f4399a76,ec94df6a-de38-4fda-ba5e-cc1fa9d46744,low,0.699,lost,email,916.11,2026-08-02T15:21:51.175565+00:00,
79877f98-7ba6-4ad9-a14c-45d57de3b12f,be3edf18-a126-438e-b27e-45845535b920,57613317-3c74-4614-b349-52d690268ee7,low,0.689,recovered,whatsapp,1320.14,2026-06-23T21:32:51.175565+00:00,2026-06-25T07:32:51.175565+00:00
9f9ebf63-c104-4fdb-9bdc-3e45bd0a4d9f,049fd15c-c1da-4f54-a84a-3b55fe49c953,5a3f2a1f-e3b9-4286-98a1-0a709490f032,medium,0.35,lost,whatsapp,10260.03,2026-08-18T09:39:51.175565+00:00,
52aa6c08-5204-41a1-8635-fe9aa3f11fac,61a4298d-7af8-4569-880e-a7e9e38ad895,bd4984b6-effa-4f2a-a7d5-07f2a6ffccd4,low,0.769,recovered,sms,635.19,2026-07-29T16:20:51.175565+00:00,2026-08-01T16:20:51.175565+00:00
7249187b-fdb0-4d52-834c-34f13cc062e4,833737ea-7a8f-4916-85c3-020e2f3eb5ae,8999ddcb-d699-4426-8cd6-c6568db257fe,medium,0.631,lost,email,4888.94,2026-08-04T14:53:51.175565+00:00,
ac2c56ab-5d39-4af9-bd29-4659f53142a3,b15df20f-d825-4eb7-90a5-373d35e77077,83b67c53-32ea-40bf-ad31-9ddfde58725f,low,0.712,recovered,sms,1061.15,2026-05-25T22:53:51.175565+00:00,2026-05-28T06:53:51.175565+00:00
7192c575-798f-4a79-9f1d-f6500c00c6cd,44ff89fe-16b5-48fc-a9f7-0ad284ac8a53,fa1f5d65-9dd1-460c-a486-040cf9b54f61,medium,0.522,recovered,email,1481.5,2026-05-26T04:29:51.175565+00:00,2026-05-26T20:29:51.175565+00:00
4095d7b3-cfc3-4ecc-920d-c10ecf1a825c,4ededefd-b5f3-4d01-bc59-d3605a3f717f,4e01efba-0e79-49e5-a3d7-2b59bdd064ec,low,0.789,recovered,sms,2638.58,2026-06-12T06:16:51.175565+00:00,2026-06-12T15:16:51.175565+00:00
c2584f55-bdd5-4858-91b7-f4f942e42dce,26afc2e7-2ef6-4d05-844d-f11c51f323d9,d3dae43b-153b-436d-ac94-51851d0d2b64,medium,0.415,recovered,whatsapp,3394.02,2026-07-19T20:12:51.175565+00:00,2026-07-20T20:12:51.175565+00:00
c918d9df-3380-4c38-a9d3-c3a00756a1ca,f56177d8-9098-43bf-9ae3-d18408892276,071504e8-9d45-4303-98e5-2bd776c83d46,medium,0.489,lost,sms,499.0,2026-05-29T16:46:51.175565+00:00,
dd43fc47-5451-4466-bbd0-51be14c37dde,a6dc8577-d697-4ea0-8a27-723cc97ce37b,c3d061a2-97a5-4382-80ec-c8ad0a830718,medium,0.403,lost,whatsapp,7480.5,2026-06-04T17:21:51.175565+00:00,
282e4ad7-e44f-41ad-ae3b-1d2763ee6974,6b0f426f-0c23-465e-a0e7-8c28635d5e41,978cf51a-7fcc-4d7e-8fa0-db4c247aeab1,medium,0.359,lost,email,3396.76,2026-05-26T18:50:51.175565+00:00,
8fbce7d0-afcd-4073-ab0b-b6cd02be32b5,863a7416-3a03-4fc2-86e9-437960f7db61,cdfe5bc2-d40d-45bf-a30c-bd910c5f297d,medium,0.441,lost,email,2550.83,2026-07-13T02:46:51.175565+00:00,
d4a5ba0c-92e4-4fc4-a43a-66de5496e8ad,f3321233-a93b-4af1-97fe-f615dd2c871e,b4e58a89-6ad3-445f-815b-b7f2f8de4e0d,low,0.658,lost,whatsapp,679.6,2026-08-18T15:01:51.175565+00:00,
1af188aa-d0f0-487b-a666-7f0759e343f8,49bdaa10-0a48-40af-95a1-c31e36708015,603fb055-30d9-46ab-adf0-2888b44e4810,medium,0.569,recovered,whatsapp,2392.07,2026-06-03T15:15:51.175565+00:00,2026-06-03T19:15:51.175565+00:00
66af7daf-bdc9-4371-bd6b-a8ff9ff7320c,095012ea-d628-4796-9050-11f0fa3a976c,5f04eb61-0f10-46eb-b4aa-ced6289de856,low,0.878,recovered,email,3723.36,2026-06-21T00:31:51.175565+00:00,2026-06-22T10:31:51.175565+00:00
51c992cb-c77f-4439-ac13-388b27924d38,33be8719-5ae5-4b24-9220-cff86b5137f2,88afc5b6-49ce-421c-a9c3-577754934c94,medium,0.47,recovered,sms,876.43,2026-07-24T07:57:51.175565+00:00,2026-07-24T18:57:51.175565+00:00
94ad4b38-df09-4a86-883f-d1fd9ba91b20,e98d152d-9a4a-4b38-a730-ba09a452f622,56149873-41a0-4db0-88e1-699db343c605,low,0.781,payment_attempted,sms,3875.49,2026-08-19T23:24:51.175565+00:00,
82e732df-e528-4cdc-ae9e-47f8b14b002c,2c43da45-9b5a-40a3-824c-19562223c78b,8767cabc-f36c-4e36-95df-50250937edb9,low,0.782,contacted,sms,1373.12,2026-08-22T09:06:51.175565+00:00,
100398a3-4556-4ddf-8865-b0af1099153a,3d87863e-8c3a-45f5-8438-8c94749f1c74,231e1d55-3f31-4003-bc33-b19bec765cd8,high,0.282,lost,voice_call,20430.34,2026-07-26T07:36:51.175565+00:00,
be926d11-ec98-46d8-aa90-a42b0acb4599,1ea3e80c-845e-41d8-bb2c-5ecf2238bab7,0be30c04-c3ec-4a90-aa3c-5f3ba94f81ed,medium,0.573,lost,sms,4023.77,2026-07-12T23:47:51.175565+00:00,
2e88da58-a232-4c6e-87b8-f64d5cd36032,dfa27d93-cbc3-49b3-b300-7cbee0fb845d,0aa51386-ac04-44c5-b4fa-d1159147d82d,medium,0.646,recovered,voice_call,1968.33,2026-07-25T05:48:51.175565+00:00,2026-07-26T03:48:51.175565+00:00
99d59fed-aa2d-4c05-b5ab-478ee6af9191,38f941bb-e84d-4084-b789-d6dc6561fe54,c9dcc7b8-a079-47f0-bbb5-83bc09800334,medium,0.405,lost,email,14775.75,2026-08-05T01:36:51.175565+00:00,
3c4df6ea-98a2-443a-ba15-28808404bba6,d166abf5-9646-41f1-987f-3a490fc12a23,a8eb4935-12d3-4798-a54b-3dbd708af496,medium,0.622,recovered,whatsapp,2981.94,2026-08-03T15:42:51.175565+00:00,2026-08-05T13:42:51.175565+00:00
b69b6fde-d1a9-4733-8680-fe40838aa038,34ab7b3b-0964-408e-8a83-042d63b0f23b,60e6d41a-abd0-48f2-af60-45ce802632db,low,0.799,recovered,voice_call,972.39,2026-06-29T13:34:51.175565+00:00,2026-06-30T23:34:51.175565+00:00
37e2c4ab-436d-45c3-bb18-e23205bec8d7,7c294c72-00cc-4a82-8d11-af967e4c7d7b,1be517b8-3909-4355-a8d8-597584dad05c,low,0.843,recovered,sms,1853.31,2026-07-03T09:17:51.175565+00:00,2026-07-03T14:17:51.175565+00:00
7c06b7e3-cd2a-4bad-8cdd-44d8ab6ae3ae,1020263b-5c9c-4f68-a5bc-0c04b6a0f0c5,3bed98cb-b9f9-4045-97f1-6a57f8970885,low,0.804,recovered,email,972.49,2026-07-01T09:31:51.175565+00:00,2026-07-03T09:31:51.175565+00:00
3ee4b681-dd66-403c-b19c-67583a093c15,e0ea7387-b8e8-4923-8e10-db2f9400a398,1e0af677-eb79-47be-8091-f65b02873e91,low,0.791,recovered,email,2529.88,2026-07-19T04:01:51.175565+00:00,2026-07-19T16:01:51.175565+00:00
00ba98a0-01cc-48ea-aab2-0dfa4792630e,7d186875-bf61-4926-a5b6-95920845bff2,13cc9309-d859-4056-a74f-215fe093fd24,high,0.132,lost,email,3730.4,2026-07-07T07:26:51.175565+00:00,
ba9af842-90ed-4592-8f1f-6753a3e95196,eec2a224-f8a3-4678-88f1-c178a4b01b8a,4a0b9f4a-cf51-4e2d-a3f7-84948c6c57c1,low,0.762,recovered,email,1111.99,2026-06-02T22:07:51.175565+00:00,2026-06-05T00:07:51.175565+00:00
d31ce00e-e077-47ad-8d7b-5f5a87adfb20,ccdbc586-6e13-4bf3-b1a7-188df4455c91,f82813ee-ba34-4fbe-89f0-a214455e9b4c,high,0.288,lost,whatsapp,5418.57,2026-07-18T16:38:51.175565+00:00,
32f3475e-f696-4068-93e1-23e404777ed3,28591e40-c9a1-4b5a-bfae-0c8610ff076d,f06792d9-aad3-42cf-a7bc-a3ac543d5a6b,low,0.724,recovered,email,1682.12,2026-06-16T18:47:51.175565+00:00,2026-06-18T09:47:51.175565+00:00
be0863e8-ec8d-42c4-8bbb-f482a15e807b,3829b82e-1f60-4b56-a617-7ea8c87283ea,4d2fa0f7-5894-40e0-b311-6c3f7f95dc8b,medium,0.486,recovered,whatsapp,6283.32,2026-08-11T05:25:51.175565+00:00,2026-08-13T01:25:51.175565+00:00
67eea2f9-7531-41ac-844f-fecb28509ea4,324d207e-9e23-4286-9c03-7338a58adb18,10ce02c3-0afa-49e4-b4bb-16e84a39db3e,high,0.164,lost,whatsapp,3291.76,2026-07-09T14:02:51.175565+00:00,
e26fcd3d-4e54-4b36-a211-f0a03927f248,aa0c0955-93c8-4f05-a3d6-86115bf7f301,012a1ff0-e9ab-4d51-bdd7-3865ca2c469b,low,0.756,lost,whatsapp,5067.23,2026-08-10T17:08:51.175565+00:00,
42b36613-61b4-47e1-9f9b-383d1f413f16,0e0da7ed-3f85-4a81-a45f-112cedb2a01d,8b252a5a-e5be-48aa-be6b-96262a8f9c27,low,0.774,recovered,email,7479.44,2026-06-20T20:35:51.175565+00:00,2026-06-22T10:35:51.175565+00:00
45ded862-016f-40d0-8ad8-abd4dad88a8d,bf9b80b6-b67f-4589-b523-314b3a3cc2b6,3807b10c-bce2-4d5b-a626-035588c14d92,low,0.712,recovered,sms,3578.16,2026-06-05T15:21:51.175565+00:00,2026-06-08T05:21:51.175565+00:00
01ed8e6d-06b6-4d66-9666-5cbd6937a1f9,02968e10-2888-44bf-a2b8-4143f51b48b9,e194875b-1822-4fe0-a774-1aed074e2441,low,0.895,recovered,email,1683.31,2026-07-25T20:55:51.175565+00:00,2026-07-26T03:55:51.175565+00:00
19862d09-9957-440f-9ded-73b825a24ad3,f7e74dd7-63c8-450a-aba4-59c3c073e9e3,55c6a551-7ca2-4a04-a0d8-43e221301fef,low,0.755,recovered,sms,1916.06,2026-06-28T04:52:51.175565+00:00,2026-06-30T02:52:51.175565+00:00
726ec9b0-944d-4de8-b071-a5a4d57bebcc,a145b288-43b2-49d8-8f40-e29af728b48e,8f83d77f-04d9-4c08-9be9-32fcdc292f10,medium,0.609,recovered,voice_call,1005.37,2026-06-30T05:02:51.175565+00:00,2026-07-01T04:02:51.175565+00:00
22f5df90-90e3-4a39-a123-3e856df2e03d,8ec58a97-c102-4f5d-9acd-f6dce556fe3b,3bcad912-a67e-4304-bbbe-05f595afda1f,low,0.793,lost,whatsapp,2828.97,2026-07-18T07:01:51.175565+00:00,
782c528f-4656-4b2c-9db6-e4ab775c829c,e1f44068-f84b-41c8-924e-88b5ab52ff35,c3c8c006-f4a1-46b1-9b55-76a7b2a2b1a3,low,0.806,lost,email,984.17,2026-05-30T21:37:51.175565+00:00,
f1479ee5-106c-4dc8-a417-7af28f7498d7,1907bf8e-01fa-488c-9b85-fbde778866b3,730afd9a-5699-48f5-b8eb-e5e274f28a9a,low,0.825,recovered,whatsapp,2548.96,2026-06-15T20:05:51.175565+00:00,2026-06-16T18:05:51.175565+00:00
f1eee220-ee76-4465-91d0-aa94c756812a,964960be-73b2-4234-9d9f-edb500c5cbbc,a39ed66d-6b9d-4757-8169-54bc90654120,low,0.814,recovered,whatsapp,733.27,2026-07-23T06:26:51.175565+00:00,2026-07-25T14:26:51.175565+00:00
6d138f1d-cc84-419d-8113-df29435d9dba,af46c260-b695-45f2-9217-c98ac2881e45,908ac44f-1b2c-481f-b60b-35738a37ccef,low,0.662,recovered,sms,1448.87,2026-07-23T19:40:51.175565+00:00,2026-07-25T00:40:51.175565+00:00
a4bd8bc3-4692-4768-aa2a-df3ef2aa7b60,8771df58-239c-4303-890c-a1fa6d890303,bbdeebe9-c3f5-4598-94a7-02a3f2edd08f,medium,0.487,recovered,sms,6109.66,2026-07-12T21:07:51.175565+00:00,2026-07-15T11:07:51.175565+00:00
768afcb1-ba14-4620-a299-add6de240345,259a40b0-6cbe-4a08-a104-f241a7a2e103,f18aef1c-d2a2-40c3-b8c4-3c7921ba316d,medium,0.504,lost,sms,965.17,2026-05-31T14:13:51.175565+00:00,
5b4ab48e-d393-47f3-8d50-87ba8b92bdb0,9157298d-5b25-4608-8253-fd7d7c3a8c9c,7e56cc77-d0ad-4fb7-93e2-22cc53818778,low,0.725,recovered,email,881.45,2026-07-08T14:02:51.175565+00:00,2026-07-10T07:02:51.175565+00:00
3c2bfd09-ac23-4ce4-8f1e-6256da61beca,a02eee79-6e70-4e47-b5a1-59f6bad4d5fb,fa53683f-935f-4ba2-9acb-d05aacb81656,low,0.891,recovered,whatsapp,2433.11,2026-08-06T02:13:51.175565+00:00,2026-08-08T08:13:51.175565+00:00
8c71248d-6efa-469e-985f-a7cf21b0c548,ea8e51a4-4b60-4d48-b679-a1e67575b234,50622c1d-ba3f-4960-8e78-5c36049309d4,low,0.915,recovered,whatsapp,910.58,2026-07-23T13:02:51.175565+00:00,2026-07-24T16:02:51.175565+00:00
1777f269-0b3e-4a7a-8602-6970c6968797,98d04db7-dcbf-4a25-a5e9-7efd96e411ca,f872fbaa-d6bd-4e95-aade-3435bfc12498,low,0.728,recovered,email,515.25,2026-08-16T18:55:51.175565+00:00,2026-08-17T04:55:51.175565+00:00
f835fb92-be3a-4792-96d5-ad48b475d244,71eaef06-b745-4011-8b62-b84335d3b70c,0c37f2b5-aea2-46fd-9f47-e98fa16955e8,low,0.82,recovered,whatsapp,2790.82,2026-07-28T05:01:51.175565+00:00,2026-07-29T21:01:51.175565+00:00
d5769507-03f3-48c4-b728-889265ab4fe4,d098f8b5-17b3-4ce5-9af4-115ba2663213,812aaf3d-8092-45de-a862-ae555cf01ac5,low,0.736,recovered,whatsapp,1173.19,2026-08-02T16:02:51.175565+00:00,2026-08-03T11:02:51.175565+00:00
c7097cea-c9be-47ce-8908-e7dbde6b2af9,646cb9dc-7300-4082-9d7b-957ecf99bb99,428637a0-398e-4c33-8c65-f437a1f35fd0,low,0.91,recovered,sms,998.81,2026-06-22T05:28:51.175565+00:00,2026-06-22T14:28:51.175565+00:00
c6d3b47e-456a-4c16-8db5-29f7e650702e,7ffc4d1d-19d7-4f27-9b7d-c12241d8e975,b01143dc-bc4c-4c29-a739-8d808d21038f,medium,0.368,recovered,email,697.23,2026-07-07T21:59:51.175565+00:00,2026-07-08T22:59:51.175565+00:00
3f84c84c-7717-49ba-9499-3b02dee8c2ec,544c2ca1-66bf-4e9d-aee7-d907fbd69200,79a17918-4f7e-4edf-b46a-9bd5f9371356,medium,0.601,recovered,email,2494.77,2026-06-27T04:52:51.175565+00:00,2026-06-28T09:52:51.175565+00:00
5f3f99dd-7859-4e50-83cd-c5025035f7ba,4449e9c1-db04-41f5-8232-47ea8783c46c,26d0e73c-bfba-415f-b946-c523ca25153a,low,0.801,lost,email,585.41,2026-07-05T03:24:51.175565+00:00,
c016058b-49f4-4ce5-84ae-18c62ec7885e,21ad2fc7-687c-480a-babb-28d99a7d40d4,1bebc573-6c5b-4254-be30-3813ae56a668,medium,0.576,recovered,email,4798.06,2026-05-31T07:01:51.175565+00:00,2026-06-01T19:01:51.175565+00:00
81887577-a032-4fd5-b520-256ed8f20257,67c60e85-442b-4c23-8652-b621c571ef6b,9d17f05d-5920-4466-a55e-c36dbcde5031,medium,0.461,lost,email,5924.53,2026-06-18T07:48:51.175565+00:00,
5ee5ec1d-5a8e-4d5f-af7a-665e61f1820f,b44aeaf0-8611-4689-a8ac-7afba47fa24d,a0a96e00-0856-4ef1-a307-70276fdc9a98,low,0.737,lost,email,533.66,2026-06-17T10:10:51.175565+00:00,
d901e8b2-8995-438f-88ac-767d1a7ab473,5329a07f-ce90-4fcf-9ce8-6642c46fd72c,3cdfc97c-95da-46a2-95fd-063d611a6605,medium,0.423,recovered,email,6132.79,2026-06-04T23:28:51.175565+00:00,2026-06-05T16:28:51.175565+00:00
8a5ca935-b038-4604-959f-ec1a4fd699af,35889764-e386-4cea-a4d9-6d32beaeba99,568dbab2-a18a-4340-8acb-2b3bd66f720a,low,0.843,contacted,whatsapp,499.0,2026-08-21T14:45:51.175565+00:00,
247007a4-f83e-42d3-9a6b-be647121043f,5a406edd-2f0d-413a-a6e2-cfcfbb20a384,35f3c592-7f55-4388-81f7-86414d796067,low,0.817,recovered,whatsapp,6045.04,2026-06-21T21:16:51.175565+00:00,2026-06-22T11:16:51.175565+00:00
f57ab2c1-b0c6-4d5b-90d4-03defa32db33,9b4e51c9-da9c-4145-b78e-5febc1713834,275a0149-d0a4-4bd0-a034-b4825fa83aee,medium,0.617,recovered,whatsapp,3724.09,2026-07-28T22:51:51.175565+00:00,2026-07-31T09:51:51.175565+00:00
1b774a1a-b0fa-4927-8e31-7e820b370049,ab92df14-033f-452b-8c7a-aa17fcb53d50,53cea1b4-1f28-4691-ad10-1b8006cf94ca,low,0.86,recovered,sms,2086.53,2026-06-19T14:18:51.175565+00:00,2026-06-20T18:18:51.175565+00:00
e391c6f8-0df2-41bc-854e-a5bbe3419226,2c9e1716-005f-4379-8415-a7b8a5c430d0,7b05e9fc-7ca2-4cbe-b817-248f9d352799,high,0.225,lost,whatsapp,1958.12,2026-07-22T07:47:51.175565+00:00,
fde2d78c-3537-4ecc-817e-745be1bfb819,1fa8820c-43a3-492b-b15d-acfd5cc2de8e,7463e0d4-f167-4b97-ad13-45e6de13964a,low,0.685,recovered,email,974.19,2026-07-13T15:33:51.175565+00:00,2026-07-14T00:33:51.175565+00:00
53ffbef4-d732-47f1-b04b-390228b6e145,0a1d3745-b69e-465c-833a-d25209f505ee,f5f7e18d-21ea-43f1-b1d7-650abf9dc603,low,0.659,recovered,whatsapp,3091.77,2026-07-09T12:35:51.175565+00:00,2026-07-12T09:35:51.175565+00:00
ca1b2f93-0067-41d1-b406-5aff770b735e,3cd464b0-fc19-42d6-b446-c00135e7221d,5e476d1e-0874-45c2-98f2-2f3e3d611738,medium,0.476,lost,email,1072.24,2026-07-23T20:02:51.175565+00:00,
8f279019-6dbf-4e13-9284-c139b49c6c3e,8f5bdf20-551e-4bcd-b037-ea7b5279fc06,05188d0a-0bb3-4d75-96d5-f4a409937d00,low,0.787,recovered,sms,5536.64,2026-08-12T09:55:51.175565+00:00,2026-08-14T07:55:51.175565+00:00
b92b583f-5740-4184-be3f-048e31c183b0,63b8c6c4-3fe4-45e3-9ab6-7e189889a231,aadac747-d34a-4420-b5a0-ed21153038b1,low,0.955,recovered,whatsapp,2510.82,2026-08-09T11:32:51.175565+00:00,2026-08-11T23:32:51.175565+00:00
e3c57fd8-f5fe-4048-8527-2a39a2ca0b85,f400c001-c8b2-4c00-85d2-ddd1a9ffaec3,84a9ed73-1da8-4595-bcdc-ff49bcc2c1bd,low,0.782,recovered,sms,2574.26,2026-07-10T06:37:51.175565+00:00,2026-07-10T15:37:51.175565+00:00
e4c569ba-8a01-44ef-b88c-a1e1661e5cd4,a08ddb49-90f6-434d-b6fa-24c433830269,a68f762e-eddd-4f05-afe4-fcecee958db3,high,0.323,recovered,whatsapp,3462.78,2026-07-20T21:48:51.175565+00:00,2026-07-22T15:48:51.175565+00:00
891cfdf3-1309-4711-8862-117b63334f47,cbe9336f-f6a8-4d39-ba85-09804e4dfb2f,95601c25-ab83-48ad-af7f-d594c017293c,low,0.831,lost,whatsapp,499.0,2026-06-07T02:32:51.175565+00:00,
799363bb-76ea-4046-8a61-ce466190f47a,5313439f-ff08-44a6-ad55-62323664d0c8,bcdc68f3-3ec3-4a79-89e7-7e78d33e513b,low,0.827,recovered,sms,3009.23,2026-07-03T23:46:51.175565+00:00,2026-07-05T04:46:51.175565+00:00
23b80a65-4fb2-4472-ae05-38e93975b5f6,959f7e80-ced3-4f0b-8601-260a24ab2f0e,d22d1e7e-c36e-469c-9b0d-3a2121de2f99,low,0.84,recovered,email,1271.18,2026-07-05T03:26:51.175565+00:00,2026-07-05T18:26:51.175565+00:00
d1b4789f-5d65-4f79-905a-fc0690ea1612,724c722e-d4e7-4796-98da-998c0966afd7,a5d8af82-992e-4923-9a3f-82ecb8c4f089,high,0.326,lost,whatsapp,857.59,2026-08-13T14:28:51.175565+00:00,
e989472a-61ce-4572-a109-9a8a75b57366,d92af743-c3fa-4dc8-9f79-5de2eaa22585,6e8bab55-7d9d-4cb7-a631-c4e2003ab374,low,0.758,pending,email,5331.78,2026-08-22T13:47:51.175565+00:00,
472cc591-f95b-4f09-b47f-9a4d133dba5a,59835834-0067-4236-ad6f-2064077b4983,92d56630-e83b-4d82-9a4d-688d5ed3e2c5,low,0.812,recovered,whatsapp,5702.0,2026-06-06T15:48:51.175565+00:00,2026-06-06T22:48:51.175565+00:00
373ddd63-9137-4a4f-9bed-a2a2d5985961,44aeaad4-00e2-492d-8214-07ffcf300d7e,2c58ebc5-1c06-4795-b206-8c6209fe48fb,low,0.705,lost,email,6984.96,2026-07-12T12:56:51.175565+00:00,
ec768006-7e12-4f8a-b727-60ff6966cfea,0f9c01f4-6199-4b51-9e7d-70f1b7349b49,511452c0-5d96-4b7d-8e47-b5193397ce9f,low,0.788,recovered,email,658.99,2026-07-12T18:01:51.175565+00:00,2026-07-13T04:01:51.175565+00:00
51c887be-bd57-40ab-a2e5-941307dbae97,eec1e2be-7d06-42a9-9b13-4f50d570280b,a42085d8-cd90-4929-b7da-f242b5c1441b,medium,0.57,lost,voice_call,4965.92,2026-06-23T08:54:51.175565+00:00,
7d0df585-cfeb-4f33-815b-775bcd60dacd,ebcc579a-0dc7-4d38-a43e-4a548548500b,af5faec0-00f1-40c4-b4fe-39874b623e70,low,0.893,lost,email,1965.72,2026-08-15T20:26:51.175565+00:00,
8418c2b4-2f52-4262-ab35-3df5f01953db,1f9f6996-e4d1-4367-892b-588053cfcec1,cc951c3e-ef57-4cf6-9a04-761dfc3df83a,low,0.786,lost,sms,2087.58,2026-06-05T06:25:51.175565+00:00,
e913f672-7875-44a3-b224-8b56bb87fd7e,fe939ab5-3ded-4652-89e3-a97b2c587875,2f9690ea-1e85-42ca-bd32-f4079caa2f47,high,0.309,lost,whatsapp,9209.2,2026-06-27T22:02:51.175565+00:00,
45714fd7-6732-4f52-9614-6b754fbe81fa,7e046e42-e7d2-4fbc-8e51-d0627758213f,b1592f9f-f8c0-4ee8-a47a-d23562c649f2,low,0.878,recovered,whatsapp,1345.53,2026-07-29T18:48:51.175565+00:00,2026-07-31T08:48:51.175565+00:00
bc63755c-efb0-4b80-b3db-35dd4381d0b4,5624fa4d-d54b-46be-91d1-b3e3a0be4ac7,41dcbf4f-c687-48bf-a63f-61ad56bbcea9,low,0.897,recovered,email,1953.47,2026-06-15T00:46:51.175565+00:00,2026-06-15T18:46:51.175565+00:00
13a202cf-af00-4419-979e-ed90b1bcc897,5e0918a7-7510-4aca-bd90-9858e4df2a80,84f5617a-b97a-42e2-985b-f716187ec252,low,0.699,recovered,voice_call,1170.65,2026-06-29T16:05:51.175565+00:00,2026-06-30T05:05:51.175565+00:00
92a4b83a-f490-4bcc-b1ff-2a3bfba88f63,cb4ccc8a-ea62-442c-9544-6b5b14d3026d,0495823f-8699-4937-83b5-26e83d3a8aeb,low,0.864,recovered,whatsapp,986.19,2026-07-24T10:13:51.175565+00:00,2026-07-27T07:13:51.175565+00:00
f201034c-3307-4f4b-9127-db1366c1e8d0,fcedc66c-6756-4c27-8809-af20d9fcac03,030f2f4f-95cb-430c-a701-7f44797e39a9,medium,0.598,lost,whatsapp,956.47,2026-07-30T02:19:51.175565+00:00,
f70424fb-a62d-4b4a-a74e-6f87ddc7761a,d43087bb-d8b2-43cd-9d48-53b57349dfb5,d0d6dc23-f0ae-4b61-8deb-cfec4182761b,medium,0.364,recovered,whatsapp,499.0,2026-08-12T15:41:51.175565+00:00,2026-08-14T18:41:51.175565+00:00
3d49e3be-3312-40b4-88a6-e830bed67d2d,e8a49932-b05a-4a9f-8869-b30955f48f28,18283d00-bce5-4485-a3ee-62c99abad2ed,medium,0.622,lost,sms,1064.08,2026-06-06T04:46:51.175565+00:00,
3ae6093b-841a-498b-8c9d-4d79b2f11fb8,f839a4e6-4df9-40dd-97a0-5d971222e39c,277d200f-6d98-4145-ad82-65c2ae160b61,low,0.687,recovered,email,7339.4,2026-05-27T07:03:51.175565+00:00,2026-05-29T23:03:51.175565+00:00
32a78c69-6d1b-4270-bff6-689dc4e5a399,ff8ed691-26b9-4a4c-a339-97e28d1c9402,97673b1f-1d24-4b58-84fc-909632593d0f,medium,0.566,recovered,whatsapp,1850.01,2026-05-30T14:43:51.175565+00:00,2026-05-31T16:43:51.175565+00:00
b6e89576-485c-4e5b-b7af-e918e7b94eca,793329fd-cb55-4f1d-b55d-c1bfa84bd043,c88cf980-329f-434b-8d2d-a4d3e155fc48,medium,0.474,recovered,email,5114.13,2026-07-07T03:16:51.175565+00:00,2026-07-08T11:16:51.175565+00:00
316913c0-6792-4563-8912-907abcfae46c,ed1fb006-e5c8-4f5b-95d4-6fab22a1f80c,35c601bb-ee45-435d-b53c-f76d641d4625,medium,0.63,lost,whatsapp,1244.43,2026-07-26T19:56:51.175565+00:00,
13f0de99-ebe3-480b-a944-2143765b5852,040bc918-e4dd-495f-965d-c25ccf3a475b,735e7430-ee28-44d4-9933-2e4d9de0bbfc,high,0.336,lost,whatsapp,2754.03,2026-06-09T13:09:51.175565+00:00,
6bb741e7-1803-40de-8ae6-f023cf5381f6,36389056-e08d-4c05-a065-00c2ded888d9,8e61b786-1fa5-4e92-b42f-ca04530ce769,medium,0.595,contacted,voice_call,3599.08,2026-08-20T04:54:51.175565+00:00,
9d8c122a-7a13-487c-a1cf-21c67da9d3a1,063c2bd2-dfa4-4f27-b7bd-e9ec57e4137e,e3b58b56-f21f-470d-8b0b-e5941395513d,low,0.724,recovered,email,884.07,2026-07-14T23:59:51.175565+00:00,2026-07-16T17:59:51.175565+00:00
d4085c8e-9c54-4c3e-893a-df943b0fb5d6,e36a986c-0cc6-46a2-8d37-f45a0b90e09f,4f582a2d-644b-4dce-b2cb-b57b3c5a9b19,low,0.687,payment_attempted,email,718.17,2026-08-22T17:54:51.175565+00:00,
827eb289-e870-423a-b6ea-a7c804a27bc3,0ad97320-6c82-47b0-a8ec-5e39e39b37c6,775a4e6c-1d79-4ca7-bfc1-2789e37c72f9,medium,0.37,lost,email,15851.7,2026-08-07T08:22:51.175565+00:00,
fb4b492b-1e06-4933-96f1-2bb895b99bf4,cab77688-02a4-4eff-a74a-b5e82293f546,0f939a7c-5679-4100-92a3-33a5257d63a5,low,0.882,recovered,email,1851.68,2026-07-20T04:46:51.175565+00:00,2026-07-22T17:46:51.175565+00:00
38954875-598e-4af5-9598-5807c8648219,002ef0fb-86c0-4c9f-af96-c69b870166bf,8e2601f0-b785-4d54-a2c1-82710cfeb222,low,0.839,recovered,email,1942.42,2026-07-16T19:51:51.175565+00:00,2026-07-17T03:51:51.175565+00:00
bf3bf776-0ef3-49de-b25b-66f8b606cef0,32a87a89-217e-4689-9df4-b8e5caf5309e,b3642ce1-e20f-4e67-a139-52b7d9e2259b,high,0.165,lost,email,1353.57,2026-06-12T10:55:51.175565+00:00,
c01fd4d2-dcd2-40de-af95-e8b91c48d325,f8d9169e-1887-4419-b2d3-c65935fa8b55,b7b005a5-4698-4d90-b553-fa38008a2354,medium,0.615,lost,voice_call,499.0,2026-06-03T07:47:51.175565+00:00,
a02049ec-0970-4996-814f-03f14e33e5cf,c4e4c21e-31fa-46b7-8e92-7ce082389645,581ded9d-09c3-4243-8416-c32e566d640a,medium,0.559,lost,voice_call,20206.56,2026-06-26T04:55:51.175565+00:00,
dceae0fe-bf86-4066-8527-ddc520831010,345fa157-b196-454f-b8c0-37775e9f7465,ba70e0dd-37b7-41c7-8d8e-610e8fa7a4a2,medium,0.451,lost,whatsapp,1677.72,2026-07-21T17:13:51.175565+00:00,
3aa2c853-8f6f-4665-b3df-1245556cf433,456aa6e9-a8a6-4104-bbf4-1278ce96bcd9,68fdb45e-3983-4690-bbe5-748caf570c43,low,0.76,recovered,whatsapp,2441.86,2026-07-17T02:37:51.175565+00:00,2026-07-17T17:37:51.175565+00:00
f746357b-a3dd-4f35-adc7-a89367bd5f47,27e6db7e-7201-4888-8037-8aa962a42983,2a3e9826-9216-4679-8098-e95a12ea2f18,low,0.799,link_opened,email,1155.72,2026-08-21T04:57:51.175565+00:00,
b5903748-cd94-4964-9666-67904dca962b,c9568ab8-bd9e-4483-8480-c0b3db932a62,6bc38a21-c432-447e-8e36-accecff475e6,low,0.654,lost,whatsapp,5201.13,2026-07-08T21:20:51.175565+00:00,
5fa2c2ad-7d50-4337-a33e-6efdd10a07f5,ba90e398-1bb0-4efa-af71-2d875cd3414d,2f98948b-5a08-4381-bd9c-58994bedb5b7,medium,0.62,recovered,email,5108.45,2026-06-05T07:09:51.175565+00:00,2026-06-06T04:09:51.175565+00:00
4fea2a9b-0e09-4eb5-91b4-556fae169818,6991435e-b5e5-46e8-892d-a427be2b03dc,1786e170-d0b1-4a8f-a794-ce461b579f37,high,0.21,lost,email,3460.25,2026-07-21T00:09:51.175565+00:00,
d644aaa8-839e-49ff-9966-64ee32cd75f5,8f97e5b0-d7f9-4b39-bb47-770f8178901d,93482016-b711-4436-8c83-d73c79114a5e,medium,0.569,recovered,email,895.74,2026-08-10T17:42:51.175565+00:00,2026-08-12T01:42:51.175565+00:00
2530feb5-388e-46b7-a712-059376a337ba,33b7bb60-76c1-4080-92c3-498be059b0a8,a1b07a26-ca30-418a-8ef4-a772bd69c48e,low,0.72,lost,email,9207.46,2026-08-18T11:54:51.175565+00:00,
67a6c4f3-a829-4863-876f-5635a1078585,fe5530f1-72cf-43bf-97af-5386339f5b60,99cfc4ff-4159-4a7e-843f-c02b25fa227b,medium,0.412,lost,whatsapp,2269.25,2026-08-05T12:57:51.175565+00:00,
8c709fc2-09ca-45a9-a960-c095baac82bb,d047dcce-f4d1-436f-8244-8ff108b20af4,640b3adf-f41b-4623-9a79-7a75a969015e,high,0.215,lost,email,5918.8,2026-08-13T12:48:51.175565+00:00,
07447259-4df1-466a-94c0-a5d71d697fa5,dd38460e-4d89-4a39-a4cd-f8408145698e,ac3405e1-0943-4149-8ce0-2777de05c7e8,medium,0.649,recovered,whatsapp,719.36,2026-06-08T23:46:51.175565+00:00,2026-06-10T03:46:51.175565+00:00
c47ed589-7340-4d72-9d01-46c006c8fa2f,8b00822e-5e38-4505-92ac-24e514203791,6ce2669b-15f6-4b41-a5bf-a84355889176,medium,0.44,lost,sms,1197.67,2026-06-19T07:03:51.175565+00:00,
2e25dad5-06f2-4a20-bf51-41c1bf07bd30,bb373439-8288-45d3-88af-e2dcd98852c2,c1029a9c-6ffd-4290-9f58-36aa1ca711b6,medium,0.638,recovered,email,499.0,2026-07-28T21:31:51.175565+00:00,2026-07-29T14:31:51.175565+00:00
5a6996d7-066f-4687-acd9-f59e79be285c,8f12a065-962e-4450-9b67-2b2e98f6e214,03c99ae5-420d-4aed-bb50-0741e2c0ba04,medium,0.476,recovered,email,2568.44,2026-07-25T05:05:51.175565+00:00,2026-07-25T14:05:51.175565+00:00
7931b87c-da17-4699-a8e5-e6648b233856,c31253dd-4a5a-4d4d-af10-45822fb983de,1c12b099-8754-4d68-afed-4a67648986ec,low,0.677,lost,whatsapp,3065.32,2026-06-16T15:48:51.175565+00:00,
9da196c0-fc50-4546-999d-4855aa25ddbd,9d541445-95ef-43e5-97c5-e8f1bba35dd0,23e03bd9-566a-4b78-ba2c-682b5dc88db1,medium,0.55,recovered,voice_call,2054.43,2026-05-30T15:05:51.175565+00:00,2026-06-01T11:05:51.175565+00:00
608ca72c-65ae-44a2-9c31-9d1912ff1239,53f51ffb-2d9b-4e91-9c8f-3b121d862cb7,85fae28c-f24d-4d34-b1c2-8b1e3b2a1368,high,0.31,lost,voice_call,1962.6,2026-08-12T23:06:51.175565+00:00,
8b624636-0976-46d9-8831-bcef64142788,d0143fae-b0bd-4b1b-8af6-3748166f5f6f,eccca7d2-f7d6-4748-8abc-caf0d8051951,medium,0.6,recovered,whatsapp,16694.43,2026-08-06T22:49:51.175565+00:00,2026-08-09T01:49:51.175565+00:00
a27d2fc0-c4a8-468c-855c-25fe30373427,d453f6ee-3bca-42c5-8f91-ac9e39c4f2a5,3ccbeae0-6d31-4e51-b4fa-0f3d5da1a313,medium,0.643,recovered,whatsapp,713.25,2026-08-16T04:01:51.175565+00:00,2026-08-19T01:01:51.175565+00:00
08f50e5c-f844-4680-b46a-2da9f3294dd0,5a72b215-b5dd-4a08-90d9-0107e4b4c555,52274d07-60fd-439d-9fd6-40f43820dcd7,medium,0.614,recovered,email,1190.05,2026-07-30T22:05:51.175565+00:00,2026-08-01T04:05:51.175565+00:00
59560ddb-8211-4835-bfc8-12296066f3a4,213bbf53-d113-4965-be83-2b25e82ee94f,f57e1b02-ac05-4b76-96e2-78e7dc6bd810,medium,0.647,recovered,email,7327.69,2026-07-24T11:49:51.175565+00:00,2026-07-25T23:49:51.175565+00:00
6fce9d78-6891-428d-b110-f17ee864bea2,6dc33f4a-7f71-4dbe-a839-e6599add422b,d1b9a9db-ded4-4cb8-b730-6dfaa046f530,low,0.758,lost,whatsapp,5207.13,2026-07-22T10:28:51.175565+00:00,
fbae1773-6f17-4096-b2ed-1c3135b209ef,551e76c7-da12-438d-b792-6aad88b0c6ca,3e1fff4f-3f83-4f28-a619-ed432d51590e,low,0.838,recovered,email,575.19,2026-06-19T07:52:51.175565+00:00,2026-06-20T22:52:51.175565+00:00
fafe3b3c-bfc8-4d4a-b66b-0cbf52aad833,e789f2d3-e4a3-489d-956d-fd1ee766c040,87e94c46-b57d-456a-a55e-8ee6fdd255be,low,0.887,recovered,voice_call,2192.82,2026-06-19T18:15:51.175565+00:00,2026-06-22T18:15:51.175565+00:00
67b863cc-0bdc-4a92-82cd-7d309bd2aec0,c427aa30-2411-4021-bb76-be19b5f205c0,57e702a7-b569-4305-b66a-eee5f58f1c6b,medium,0.536,recovered,sms,2427.67,2026-07-19T14:59:51.175565+00:00,2026-07-20T01:59:51.175565+00:00
df01b3b3-b83c-4a58-8add-4277698d4fc5,777f3d7f-0748-4862-bf5d-0736abce1be5,81154060-11fa-4c22-ae4f-4fe39e3a8b84,low,0.864,lost,email,7783.59,2026-06-01T03:47:51.175565+00:00,
c27160c3-f496-4a73-a02d-a0441e561fec,de3f1bbb-5c37-45ed-95ba-a4995fb61c42,442c897e-ca93-4d50-b471-d2c190ef1e7d,low,0.884,recovered,whatsapp,2370.43,2026-05-31T23:40:51.175565+00:00,2026-06-02T02:40:51.175565+00:00
adeea1e5-b566-4e6b-8999-08e83350866f,695ddcdf-7cde-486d-b483-6b9afd1c3ac2,4d6db114-6a25-4590-afe2-9252f62ce8d8,medium,0.553,lost,whatsapp,1592.8,2026-07-27T06:19:51.175565+00:00,
26e011f4-2162-4662-81c6-adb08db9bb36,7c6bb3e3-389b-4040-aa63-78ef45803d3d,0cee9b51-79e3-41f7-9a8e-1b05370aba15,medium,0.523,recovered,email,828.29,2026-07-25T15:02:51.175565+00:00,2026-07-27T06:02:51.175565+00:00
ab75fe85-2087-43bc-956c-122daa2048a0,635ee7b1-3c22-4d1f-90b6-0a466eab9636,ba640e41-ff83-412a-a7c7-86bad6b1a713,medium,0.572,lost,whatsapp,1410.62,2026-08-11T09:50:51.175565+00:00,
3ff4b8e5-82cc-44dd-873a-07ac4a263762,cce3f29b-7606-4f96-b97e-cbfe6e1dc611,b247e565-1c9e-4fd8-9f4d-76db65c67c89,high,0.348,lost,whatsapp,5262.64,2026-06-03T17:52:51.175565+00:00,
e56f8148-49ae-4105-a90d-15786fe3c9c8,95fa499b-fc83-4164-ba78-8161a7af7105,057627d7-ea04-4cc1-abe4-d0572a2a0ec5,low,0.707,lost,whatsapp,2447.14,2026-07-29T21:46:51.175565+00:00,
79e0927c-dc49-46ac-a7d3-b01e66c31d68,cece9e5c-c803-429b-ad71-6f155eae917b,1761bbee-5028-4931-ba49-2a1611552c68,medium,0.462,recovered,sms,2247.95,2026-08-11T21:57:51.175565+00:00,2026-08-14T12:57:51.175565+00:00
cb6d2a8a-b63e-49ac-88fb-f14f1d1f046a,448409b5-d1ed-401c-ab2e-8d123bbca5d3,b96209aa-d778-4e8d-9593-b874ce739c78,low,0.774,recovered,sms,537.33,2026-06-10T11:27:51.175565+00:00,2026-06-11T16:27:51.175565+00:00
3a9aa46d-5a7a-4fa4-8f76-db9425a7dd83,e866d89a-c5ca-4de5-be18-14c8a268de15,a9b491b3-896f-4829-a0e0-27cdfc509f58,low,0.671,recovered,sms,1512.72,2026-06-20T16:31:51.175565+00:00,2026-06-21T02:31:51.175565+00:00
df78725b-8ee6-4672-b6ff-543316b890bf,b81ee3e2-257c-45db-88c2-db629fd9c0a6,a9842aeb-cce9-43cf-9cbf-8c670ad007d6,high,0.265,lost,voice_call,1208.76,2026-06-25T17:11:51.175565+00:00,
e0433332-149e-4353-8045-d1f0981b5d4f,082307a9-3acc-406e-acef-128986f4a71f,bd64b0f5-7179-4c73-83b8-f68d051ee0e6,low,0.855,recovered,email,1992.31,2026-07-16T13:21:51.175565+00:00,2026-07-18T19:21:51.175565+00:00
3c71a812-78ae-434d-bbe5-ad79b1070ad5,ed705a54-2e07-414b-9240-a23360286c0e,2fe58632-5b02-49c6-b559-9ebe2c1c2abf,low,0.833,recovered,sms,2097.4,2026-05-25T22:38:51.175565+00:00,2026-05-28T04:38:51.175565+00:00
70dd0c76-1ef6-43e9-8b1d-3a885bc5d51f,7698bb0f-d269-4d79-ae13-f80867f6e2b8,302f5cdc-14f6-47ba-993f-1c0d298a3aa1,low,0.715,recovered,whatsapp,3345.89,2026-07-19T03:13:51.175565+00:00,2026-07-21T09:13:51.175565+00:00
2054e2b1-480f-4e2c-b4e4-3a62ef8682dd,eb635ca6-4813-4cb2-b8f1-4a5d14e41080,e9c4f1a8-410b-47e4-9097-46f64d443a4c,low,0.907,recovered,email,825.45,2026-06-04T04:27:51.175565+00:00,2026-06-04T13:27:51.175565+00:00
e78b964f-5e4d-4961-ad2b-7fde9e39eecb,11a9b839-9637-411c-b301-dedadd29d87c,2c370424-c5da-4857-bd68-83b7b0017347,low,0.847,recovered,whatsapp,3229.88,2026-08-13T20:09:51.175565+00:00,2026-08-15T13:09:51.175565+00:00
c7381207-15a4-4130-a68a-55151596cd42,7834d981-bd7c-4ddd-acfc-4f1f33e5c48d,9fcb00b2-bf1c-4d9b-83ae-1652e9ffe987,high,0.277,lost,email,4853.77,2026-07-02T04:10:51.175565+00:00,
76008bac-f4f2-4292-99e9-388972bef2bd,5f634688-154d-41cb-b1e3-3347211f2bb8,2bb9d69c-85ca-444b-a2e8-c54b01ec8e3b,low,0.856,lost,email,922.48,2026-06-26T20:55:51.175565+00:00,
f8f81e4e-e4e6-4ed5-839f-f12e9039726a,566c16ad-c429-4b97-8f31-3133dab328ea,021d6a48-72c2-4fe8-87f3-e3bb16c14323,medium,0.546,lost,whatsapp,2932.38,2026-07-15T08:49:51.175565+00:00,
89ef87c3-4700-4e81-baac-a84d6f68f668,38ac5bb7-fb72-40b4-a72c-025e0ecdd032,da0a71b7-e5ba-4061-80ef-5b11014b5133,high,0.339,lost,voice_call,1727.26,2026-07-08T17:02:51.175565+00:00,
6215c3ea-02d3-4b04-8f39-92818216d078,7ed03770-1877-4c01-aa5f-1896bc020ce1,8cb8c97b-a4e9-42cc-8172-7d19e281c6aa,low,0.765,recovered,whatsapp,3915.72,2026-08-15T00:01:51.175565+00:00,2026-08-17T11:01:51.175565+00:00
96c0db81-d79b-4874-91d0-e8ddbc0890e6,7ff8dc10-7858-47de-91a7-277dfd4b0804,c40139c6-b7d7-44fd-96d3-2b311bac45f5,medium,0.354,lost,whatsapp,2902.45,2026-07-29T17:52:51.175565+00:00,
228b209b-11c2-4e42-818a-0c282b5fa97b,a0acd2e3-4dfc-4031-9e18-962ee6708adc,2581dadb-afbf-45c9-a809-df2ed9f5a6fe,high,0.321,recovered,whatsapp,4949.3,2026-06-30T18:34:51.175565+00:00,2026-07-02T19:34:51.175565+00:00
c6dcb765-f46f-4609-8071-6e0a3c0899e8,750042f2-f7a5-4144-b40a-889a2d44ca03,d3e87ca9-e13c-4ffc-a3c2-78791acab1bc,medium,0.484,lost,email,705.68,2026-06-27T05:19:51.175565+00:00,
131e8073-a99b-479c-977c-1a84cab12e7e,4564d6de-2c16-4bf9-9f29-db71ea721012,1d753b47-05bb-4fe4-a3d1-17fd314d9202,low,0.78,recovered,sms,2146.03,2026-05-28T16:59:51.175565+00:00,2026-05-29T20:59:51.175565+00:00
49e03b2d-97ee-48ec-9b83-1897236350f7,476f5844-244f-42c7-8f30-ba022c8b256a,7cf50bd8-1e01-4a89-b7f5-99c8f74d9b6e,low,0.732,recovered,email,980.31,2026-07-09T01:53:51.175565+00:00,2026-07-09T10:53:51.175565+00:00
a3d76bd6-962a-48c0-b73e-5140990835e2,acf9d856-0cde-4907-8a8d-f4f1a463f135,b5610ad0-286f-4168-9907-a0e41a3e00eb,low,0.662,recovered,sms,2470.36,2026-07-23T11:11:51.175565+00:00,2026-07-26T04:11:51.175565+00:00
18f92979-ab74-4208-b5a0-40427ffb3b4a,a6b91dfa-32ad-45c0-912b-3ebe0efab8cf,087627ef-1ee0-49ab-a98a-17240ce7c614,medium,0.553,lost,sms,2669.15,2026-07-12T04:20:51.175565+00:00,
0a14493d-9ee9-431c-a651-0ba6700c14a5,902aad41-e105-4262-8ae9-8ddea15684df,37936765-686f-4970-8024-5f1fd7d86408,low,0.726,recovered,whatsapp,1706.72,2026-08-06T15:14:51.175565+00:00,2026-08-08T13:14:51.175565+00:00
0d9fdb55-f503-4f44-b033-98a027969be8,f69c54af-30d0-4048-a001-631a0e52f08d,4343aaa8-8ce3-4200-972f-ca0910103011,medium,0.646,lost,email,2011.52,2026-07-03T08:18:51.175565+00:00,
1f5b096a-49ac-4dd4-9366-84d1559afe7f,590e0e1c-601e-4027-958c-22b777f7d399,ffe24bf0-dd5d-4985-bc1b-f30b389b386c,low,0.73,recovered,sms,1242.76,2026-07-10T16:28:51.175565+00:00,2026-07-11T00:28:51.175565+00:00
210eb1d8-487a-4993-9e7a-4b048e245d4b,6e7f2342-283c-43a8-9ddf-501f8fbfb8f9,7b36406b-5933-4d77-94c3-a4f56d06e671,medium,0.591,lost,whatsapp,1092.08,2026-07-02T18:55:51.175565+00:00,
2e0cd48b-bd1e-4e4d-abf9-eff4711ba894,037f376a-770d-49ac-8180-91412ffe8a92,706de7f8-4d56-4c42-9f24-bb1e6b9c8e12,low,0.769,recovered,voice_call,1183.95,2026-06-21T17:53:51.175565+00:00,2026-06-22T20:53:51.175565+00:00
3f7c2a28-8b2c-4f5b-949a-7619fdf0f04a,f83e9cac-2050-485c-85ec-24a10d8feeb1,3a240e35-93f5-44a6-aab7-bc6ea0a07cb0,low,0.903,lost,email,3665.41,2026-05-26T05:22:51.175565+00:00,
4640e277-2297-4d76-a3c4-66e1aa15c04d,715d1cda-86e7-4597-81b1-113ce1889ed7,fc220431-e010-4821-bc4a-229a2d2a3181,medium,0.52,recovered,whatsapp,3917.33,2026-05-28T01:03:51.175565+00:00,2026-05-29T19:03:51.175565+00:00
24907b25-eb05-4bd3-8342-c9d5b492b1ee,e766039c-19d4-4351-b76c-a910a10c2072,f120139c-10a7-48d5-9b91-c550ed235a18,medium,0.62,recovered,whatsapp,2634.89,2026-08-16T17:45:51.175565+00:00,2026-08-19T02:45:51.175565+00:00
65d09334-af8f-49c3-a284-0c1fc9b36817,5fabeed6-cca7-451b-ae78-3d59ba014128,5d14e416-45c9-4c92-a32d-65d01efe3d85,low,0.706,lost,whatsapp,1863.59,2026-07-30T02:56:51.175565+00:00,
74ccb9e2-4760-4823-b673-2cb80a186f87,8e9aa02e-c63a-4ab1-a3ca-8e7a1359c0d9,7fe09d84-4213-4bd3-9461-bcb5660ea913,medium,0.557,lost,email,1401.25,2026-08-14T11:34:51.175565+00:00,
0131d781-e921-42ab-ab15-1f9a8ea5ad59,f234f402-c7d6-49e4-9edc-ffe752227043,0fd4ec78-4314-4d44-a7c7-ce28ad4bee2e,low,0.956,recovered,email,3289.78,2026-07-19T00:34:51.175565+00:00,2026-07-21T19:34:51.175565+00:00
a6523022-b1fa-4b19-9a28-745b2a14130c,b82cfce9-2670-4cc7-b13c-11609e89d5a9,0774f712-6ed5-4a84-a2e9-3f113e8b2c38,high,0.244,recovered,voice_call,5045.97,2026-06-14T06:06:51.175565+00:00,2026-06-15T13:06:51.175565+00:00
7415460d-0fc9-47ec-b3f1-c6a7baa841f1,15449312-5303-4a46-b4fa-d79c5e61f9fa,7e89cbd4-f544-43ab-9bac-03d0d21178d6,medium,0.411,contacted,email,2622.15,2026-08-20T13:22:51.175565+00:00,
faa690dd-c96d-42b3-9f3d-0db20e72afdf,85c5b23f-c78d-4eea-bc7e-0f8594b4c76e,0b487291-a92f-42fa-a615-26f2352beb84,low,0.69,recovered,email,1274.32,2026-07-30T16:40:51.175565+00:00,2026-08-02T08:40:51.175565+00:00
5581c8f1-821f-490c-97af-8ab264f84587,05f8f337-dc31-4bd5-8118-633912d5234c,695fc572-2ba3-4b2b-aa15-15c8674a8276,low,0.705,recovered,whatsapp,1810.15,2026-05-26T15:50:51.175565+00:00,2026-05-28T06:50:51.175565+00:00
f79d75cc-fd59-45b2-a7b5-c81f3bb97142,8d8b3219-ddc4-4b9a-b32c-acfc9fc35014,cc37e15b-c7e9-4990-aaea-54016e2d0375,medium,0.375,recovered,email,499.0,2026-07-02T07:10:51.175565+00:00,2026-07-04T05:10:51.175565+00:00
8d186b65-89b4-443b-9c06-c38a612aa4e4,fee16b1f-950a-444c-bf92-e893f4688192,4c35c066-0100-40c4-b762-482020294d6b,low,0.671,recovered,whatsapp,1194.9,2026-07-09T18:07:51.175565+00:00,2026-07-09T23:07:51.175565+00:00
df0b66e5-a785-4daa-a3f8-842c27d84eda,68515f75-fe92-485b-8591-3b5b466506fe,01c525e7-3d8b-466f-b21e-edbfc5ec268c,medium,0.424,lost,whatsapp,9016.09,2026-07-20T18:41:51.175565+00:00,
3d79f466-1d64-45d9-9c27-117600be4c49,3955b376-9db0-495f-a38c-56ce94effdba,c805154a-1007-444b-9f18-571bdd39797d,medium,0.584,lost,email,2273.5,2026-07-13T22:37:51.175565+00:00,
5c92a0eb-3c0a-4c12-9f3b-b04f9439b7c6,071efd20-6c19-4428-9675-97903df68ef2,a4062afb-87dc-488d-b075-46f7fc42c696,medium,0.605,recovered,email,3229.79,2026-06-11T07:57:51.175565+00:00,2026-06-11T11:57:51.175565+00:00
d8a2d1b6-9c6b-411d-9067-25ffedb00efb,856058d2-bfd6-4a3d-b4cb-c54ec274d670,b5c0a0ca-276a-4afd-946f-fb2a88437ece,medium,0.55,recovered,voice_call,1922.96,2026-07-31T21:08:51.175565+00:00,2026-08-03T00:08:51.175565+00:00
baff164f-7d73-444a-93b7-e762d8cb48ef,d3bffcc8-717f-4424-be03-03ac2ef004b2,ce9f8c26-d9da-4ad7-826c-d6eab69155c8,low,0.762,recovered,whatsapp,1702.08,2026-05-30T15:19:51.175565+00:00,2026-05-31T01:19:51.175565+00:00
0f748d17-8203-437f-9296-b11addd8983d,d1f8752e-ebec-4cf8-9565-fda4df7d2e31,17f5b192-ccac-4d65-ab24-dc84efc2c279,medium,0.38,contacted,voice_call,12586.04,2026-08-22T13:31:51.175565+00:00,
14214aa2-5768-4fd8-be38-8180d005678d,81c59ffb-e8e7-462c-b6e4-7303a0e35714,fa1454fc-47a4-431a-bcef-c2b09a10050e,low,0.689,recovered,voice_call,3665.44,2026-06-04T05:48:51.175565+00:00,2026-06-06T20:48:51.175565+00:00
46f1c5de-385a-4b97-a9be-9e14a6156fd9,32ff8b2b-cdce-4d4d-83e5-dd63d4478c0f,e2977565-607f-4127-a357-f9dad6a415db,high,0.194,lost,voice_call,2221.84,2026-06-04T07:30:51.175565+00:00,
410172f7-8d7b-4b7f-b2ca-026c94f4b14c,b12d5109-2983-4bfc-a9f6-b64063e5bde2,f1198112-5ed9-4752-ac4f-7d5562fac429,medium,0.489,lost,whatsapp,1676.4,2026-08-16T04:14:51.175565+00:00,
5c2510f2-97b2-4290-8586-4f9d6ce11ae4,3b55040a-3e48-4764-af1f-9a3931464c06,e7f3948c-9d56-4a88-b9c2-dee5f81cace8,low,0.919,recovered,email,1092.45,2026-07-26T03:11:51.175565+00:00,2026-07-26T07:11:51.175565+00:00
d73213e0-2a18-4985-b72b-676bddd6ff6f,ac664fc7-af8b-471d-8b24-e03cdee98a14,fce574b9-f4b3-46af-8aa5-e0cde6b1e4c0,medium,0.623,lost,whatsapp,9053.31,2026-07-18T18:43:51.175565+00:00,
ddcaba47-4110-4d9d-9af0-1228098adb24,093ab246-a4ab-42f7-9dbd-48050b683178,3a461bbc-4cde-45dc-9ac4-22903326087f,low,0.77,recovered,email,2632.06,2026-06-30T11:02:51.175565+00:00,2026-07-02T23:02:51.175565+00:00
cf1ccb1f-048d-4bb8-8295-27367d22e134,f77d7a5c-9e35-451d-8b29-b5d8a53eb508,61d1a0bb-d1d0-419a-ab38-5f0f0db939c7,low,0.925,pending,whatsapp,2809.0,2026-08-21T06:24:51.175565+00:00,
6cf4c582-5ec3-4bae-bc4c-3ad09c45a7d3,90739c27-c8cb-40c5-9cc3-a0c85bf22d47,6fd2898b-07d7-4c0d-bc24-34731ca0f22d,medium,0.594,lost,email,1811.05,2026-08-15T00:57:51.175565+00:00,
e117dcd3-73c5-4d28-8472-8abea524671d,3aecb088-ff2b-4778-86b1-80f5bb6694ee,e5e14dbc-bc89-4b9c-99ea-a62c48a24968,low,0.88,recovered,whatsapp,2197.19,2026-06-06T09:41:51.175565+00:00,2026-06-09T00:41:51.175565+00:00
65b64119-6c57-4072-b09c-bacfa381f2e8,d37457f2-5343-481f-933a-8c6d0a4b8537,d29ad3e5-ea8b-4173-9bdd-1dc096c45a87,medium,0.372,lost,whatsapp,634.46,2026-07-03T06:25:51.175565+00:00,
728a8197-04dd-4dcf-b2e0-7b29390fd7cf,85a508ba-a2ce-4201-9dbb-185993a8f54c,0ee121a4-b609-479e-946a-03fc0826151d,high,0.319,lost,whatsapp,6203.75,2026-06-20T07:28:51.175565+00:00,
9944186a-64ac-4d02-bce3-29be99d241aa,7b5ff001-5e74-4a57-9082-4a30ffe1a1da,ae51414a-ad53-4a3a-b9c7-f2bd999089ab,high,0.266,lost,voice_call,4814.07,2026-06-19T14:07:51.175565+00:00,
09b48c0e-6ec1-48ff-8ccc-481bdb8ec04e,798dc768-e9a0-48fd-b086-8a8eceb3017b,abb1fa98-2ab1-4976-bfc6-7ea4f5bdec09,medium,0.451,recovered,email,642.83,2026-08-05T04:56:51.175565+00:00,2026-08-06T08:56:51.175565+00:00
38b18fe6-2f8c-4e52-b81e-cc0f94e5f43d,03a54ceb-b755-4cf5-a194-b098de953ed2,712b41be-b0b2-4bd6-bf6b-406c5ea56e5c,low,0.853,recovered,email,1872.97,2026-07-27T21:13:51.175565+00:00,2026-07-28T04:13:51.175565+00:00
b7811e71-7ffc-4d8d-84f9-5102c1da6872,2bb9696c-9e20-4537-aa46-69669b5040e4,c0928592-b2e7-4c22-a815-03a951453ce3,medium,0.549,lost,whatsapp,1365.09,2026-06-27T18:54:51.175565+00:00,
e1fdf90b-b0a3-43c9-ad85-e4a75ab5a838,2cb01c1b-9683-4b37-b098-03acd58afc44,c7fc6d28-4d14-44e4-9511-d3a5a34eeb43,high,0.234,lost,voice_call,2838.07,2026-07-14T14:50:51.175565+00:00,
9ae46885-f50b-42ca-a05d-80d8f3eebd28,a6b91dfa-32ad-45c0-912b-3ebe0efab8cf,26c799a3-9650-4be3-b799-cd23735ebd30,low,0.676,lost,whatsapp,823.31,2026-05-28T00:25:51.175565+00:00,
84a79b91-2da6-4719-8fa4-e165be4d8742,6dffeb1d-b877-4b1f-80c8-569ba211a738,5390fd95-da38-4b35-8a2b-5090023bae04,medium,0.62,lost,email,6075.14,2026-08-05T21:06:51.175565+00:00,
31394e2a-7359-4a7e-8f9c-217119b55313,521a8596-758e-4b27-84fc-13070ad5ea0e,3d571b2a-6ec7-430f-b67b-3c936e00f0e6,low,0.749,lost,whatsapp,11118.74,2026-05-26T13:20:51.175565+00:00,
e819b87e-176f-4d1c-874f-d19b68bcfc8e,ee6f3f79-295b-4ac6-9c3b-8d24451f84f0,c626f948-2a8e-4c4e-9654-2359ccd4a3c4,medium,0.455,recovered,sms,1204.22,2026-06-02T05:22:51.175565+00:00,2026-06-04T23:22:51.175565+00:00
5cea11c9-b0d3-43f0-b8e9-3581aafc4f3a,259a40b0-6cbe-4a08-a104-f241a7a2e103,4becb6f5-0e48-4ebd-bf52-6fc1ede39974,high,0.24,lost,voice_call,7898.22,2026-05-26T04:14:51.175565+00:00,
551c9c49-0390-4c18-8a66-e41497f69fbe,4b1ba3b3-0485-4192-8f6c-fb8c5457c483,a6ab0f46-3263-4845-8fcb-34c53b7b252c,medium,0.534,recovered,whatsapp,2884.81,2026-06-20T02:23:51.175565+00:00,2026-06-20T07:23:51.175565+00:00
9c352fed-8694-4821-bd9b-cc51143937c1,2071c64b-6781-4d52-8173-3387b8af4054,3a3af98a-d772-48f9-9939-0a4c3221863c,low,0.656,recovered,voice_call,10333.19,2026-08-06T21:43:51.175565+00:00,2026-08-09T08:43:51.175565+00:00
0880997c-253b-4aae-bcad-47beee2209ae,6d1dd58c-018e-4a47-a0dc-c7f6302d534d,fed5f200-4e51-45d6-aaa8-bb1c3f9be73e,medium,0.516,recovered,email,889.91,2026-08-07T00:55:51.175565+00:00,2026-08-09T09:55:51.175565+00:00
191d51c9-dd7c-48a3-8e1e-bf97812bc07f,fcedc66c-6756-4c27-8809-af20d9fcac03,a3056ab7-d3cb-4d81-a4c4-92c9c946eea3,low,0.747,recovered,whatsapp,2627.69,2026-07-11T01:36:51.175565+00:00,2026-07-13T03:36:51.175565+00:00
d6798142-7466-49c9-a477-a622c21af88e,6bbe8b2f-ab58-458d-adb2-9849fe43b152,1141fff5-cc97-4796-9d04-b18aa32cb0ad,medium,0.371,recovered,whatsapp,6877.25,2026-05-25T22:18:51.175565+00:00,2026-05-26T23:18:51.175565+00:00
3ab7f161-c325-4415-97be-c8c2af75d727,2dbc5428-60bc-48db-b902-a57ee390343c,c6bf0ec5-a8c8-4d2a-a3a0-2d0565d18c4c,low,0.659,lost,email,1752.42,2026-07-26T21:00:51.175565+00:00,
f27ba6ac-8fb9-4190-a531-3c6b8c8fc39e,8b098bb6-d47e-4fe7-8c16-6ad7f2179251,3a20adc0-754a-42b4-b761-28fc5778efad,low,0.837,recovered,whatsapp,2573.42,2026-06-04T11:02:51.175565+00:00,2026-06-05T05:02:51.175565+00:00
ca6c77b1-ee88-40e7-928a-af5ec79aa876,835c18db-938a-44ba-8481-2c4edd002252,2c7cae89-4682-488c-b1f1-a0e80a4e85d6,medium,0.59,lost,whatsapp,2252.76,2026-06-16T21:59:51.175565+00:00,
4d3f6795-4429-4c01-a9ff-109e2b893a3a,21f6f1cb-4cbd-46d5-9ab4-5cd89fc896cd,e0b0e450-b1a5-4142-b4b6-c53ebda37bc2,medium,0.489,pending,whatsapp,3889.72,2026-08-22T06:03:51.175565+00:00,
263d7eaa-00f8-4825-ae5c-8c0a02957218,36cc3875-81fa-4703-88f5-aab0a0d305d0,617d2912-7f11-4d9c-aeea-77e9cbf7c33f,medium,0.466,recovered,whatsapp,5689.78,2026-07-24T13:05:51.175565+00:00,2026-07-25T22:05:51.175565+00:00
9558a3bf-7c7d-46ea-b515-8d81693ec34c,bc570471-07ce-433e-bfeb-5feb77846b94,c6baf332-83a5-45d4-a2f9-e9a8d0d42ca9,low,0.887,contacted,whatsapp,1270.71,2026-08-20T05:45:51.175565+00:00,
2db5e796-aa0b-4873-af1d-c469a65426ca,ed705a54-2e07-414b-9240-a23360286c0e,d1effa68-e0fb-41d4-bab0-38fa54682849,low,0.665,lost,whatsapp,2145.33,2026-05-30T13:23:51.175565+00:00,
79da63ff-97cb-45bf-beff-22f87fd4e130,3bf1bf0f-363a-4adb-92be-ec6c13c9275f,141dca3d-67bd-4283-842b-21013cd141f7,low,0.85,recovered,whatsapp,4470.47,2026-07-03T23:42:51.175565+00:00,2026-07-05T11:42:51.175565+00:00
9c553589-10a5-47da-8420-ca1086a274b7,c91b1014-1c4e-4899-ba9d-591339809ba8,32302861-4298-42dc-9140-3b92ec1b60c3,low,0.822,recovered,email,950.73,2026-06-02T19:12:51.175565+00:00,2026-06-03T12:12:51.175565+00:00
3bee6c17-6fb0-4ed2-bc53-7d64bd9f1dff,3739ba5d-77e0-461e-956c-f91011fe9706,9df20ca9-e557-4874-9005-b28e5f5be93a,low,0.788,recovered,sms,7231.36,2026-05-27T07:55:51.175565+00:00,2026-05-29T23:55:51.175565+00:00
c37616c0-e9fa-48a6-b02e-bae550fb03ec,8d172b59-5946-410b-a55b-3cb6bde425f9,1e414ab6-942b-45af-aa67-fcaa3ff98c1b,low,0.769,recovered,email,4842.63,2026-06-30T16:26:51.175565+00:00,2026-07-03T15:26:51.175565+00:00
df50ef5d-d497-46e8-bbad-c69544b80685,95a4998e-f843-440c-9082-9d207823ee95,1c599866-1a4a-4a81-b025-c9533a82fd7e,medium,0.474,lost,whatsapp,2431.78,2026-06-15T13:02:51.175565+00:00,
54ac9dec-1293-450e-908a-8fee9b1a17c4,f4076276-5811-4942-8f13-ae7685540e89,e180d6b4-555e-4810-92aa-8712a6a8d888,medium,0.577,lost,email,2842.69,2026-06-29T06:57:51.175565+00:00,
35b96774-ccf1-4a27-81fe-840ad344abcb,eb0da9d7-a7ec-4a7d-9660-4c25e074feac,3d035930-66a3-42aa-9c93-82e8a62705ff,low,0.723,recovered,sms,9298.83,2026-06-17T05:06:51.175565+00:00,2026-06-18T17:06:51.175565+00:00
e49b086b-7de3-449c-84f6-5fd0aeff9cf1,8806f1f7-719f-4390-a23c-84aa90758199,cde74074-917f-4e1b-99ad-9299ff2f0206,low,0.737,recovered,sms,1580.07,2026-06-05T22:21:51.175565+00:00,2026-06-06T13:21:51.175565+00:00
c797ea3f-2447-4bbe-acbe-36e8ac3764f4,21dff1dc-3fdf-40af-b055-ff26763067fc,4424954a-28d1-4647-a734-e311638e34e6,medium,0.618,recovered,whatsapp,6288.43,2026-06-10T23:48:51.175565+00:00,2026-06-13T02:48:51.175565+00:00
fa251cb2-9b2f-4dfd-a2d4-ab16e96a26a5,336bf7e6-7c57-46a3-87b6-160ea7f1e15d,ad50864a-1420-4df4-b3f5-14d1a417cf44,medium,0.47,lost,sms,6039.93,2026-06-16T12:17:51.175565+00:00,
ce2412f3-d5b3-46a7-8e77-e6fabcea222e,28a58b06-f3db-4a8b-9d87-35d122192b4a,4ca65673-3a00-4bfb-ae1b-2f490653f207,medium,0.534,lost,email,4196.78,2026-06-14T08:59:51.175565+00:00,
2980083e-b30c-4e73-8bd1-0e80a4f7babc,ed3c103c-1e15-4e44-bb36-469c2d04d9a6,0a960928-3271-4d7c-9a51-2f0ec879a5e7,low,0.731,lost,whatsapp,2141.72,2026-08-16T10:52:51.175565+00:00,
25214971-d4c5-46cd-bf20-e80f5edfe269,751a38e4-2fd7-40d0-ae47-ed1cd856af6c,e1d7c320-8a35-4a48-a26b-3b67b8850cda,medium,0.427,recovered,whatsapp,1339.02,2026-06-16T03:02:51.175565+00:00,2026-06-17T01:02:51.175565+00:00
3e66640f-c498-4e1c-958b-7099aa89a92b,11497918-9b2c-4794-9cae-d8ecf05bc81e,2398d37b-c755-496b-ae04-3cdee9fd89cc,low,0.957,recovered,whatsapp,819.87,2026-08-14T06:30:51.175565+00:00,2026-08-15T09:30:51.175565+00:00
78482985-3ceb-4a3b-9967-f1f08b7b2a2d,9886b952-20e1-4dac-aa32-0dd6b48158c4,9b5cf294-8bdd-4469-b9fa-fc9c45eac47f,medium,0.484,lost,email,4174.4,2026-05-27T14:37:51.175565+00:00,
ef6eaaca-dc30-4285-bf64-1d8aa10fd899,a4419a18-3c99-4906-a7f1-b17780eaf2c4,8983fea4-6aeb-470f-ab56-6f03f9a5dff8,medium,0.469,contacted,whatsapp,4112.81,2026-08-22T20:30:51.175565+00:00,
bb36def3-cf4e-4f52-814a-1a4a52179988,a582db7d-7fae-4708-a82e-0dd18dce4801,6232f7a6-aac3-465c-ace1-bb80456f6937,medium,0.507,recovered,email,9490.39,2026-06-12T08:29:51.175565+00:00,2026-06-13T11:29:51.175565+00:00
5886c538-4104-43ab-b621-8f371568d08b,364a3195-118e-4292-86af-fca1f06fff18,675897b8-fe63-479f-aef2-9ec40984ccac,high,0.124,lost,email,4515.27,2026-07-12T21:21:51.175565+00:00,
085ff99f-ba91-48b6-a221-1776e6075238,6aa01d47-6f2c-4d25-85e2-ff093d80c5b1,dbbb3a0e-e69b-4ad5-ad34-7389b3a32b0b,medium,0.495,lost,whatsapp,1615.16,2026-08-19T14:24:51.175565+00:00,
82c45f91-b762-4d06-bcc2-cf4f2f733c95,33e9d308-a71a-469e-b042-dc250821fdfe,a0e6a7e8-5347-42d1-9bb7-564b3ce58fd7,medium,0.521,lost,email,7236.81,2026-06-14T23:25:51.175565+00:00,
346edd16-1779-418d-a5d7-351a7e0e673b,e29f29e2-1861-41a1-ae84-6f9211cb7e03,d13207f2-2c53-4d45-886c-7c5970924db5,low,0.886,recovered,sms,2514.31,2026-07-03T22:48:51.175565+00:00,2026-07-04T11:48:51.175565+00:00
1ea9a848-940f-4754-b684-7d03d616ea84,dd422a78-d0dd-4673-bad6-4f616c9a7ea9,b4ac8069-34d0-4e59-a100-0aa377f13597,medium,0.512,recovered,whatsapp,1782.46,2026-07-04T13:42:51.175565+00:00,2026-07-06T03:42:51.175565+00:00
df449737-f304-4d69-a87d-b3f73dd6dd33,66123ac1-6f40-4285-89a1-7aff3fadb7a1,68891ca0-5e02-46f1-bf27-6d713cde3121,medium,0.493,lost,whatsapp,6373.84,2026-06-20T12:22:51.175565+00:00,
6e8989df-b89b-44c9-8a0a-81fea9f62355,3e9362f4-b12c-4c87-9c8c-af155f3592ce,4f0316a7-d60e-403b-adef-adb2dddec90d,medium,0.502,lost,whatsapp,4879.91,2026-06-06T01:19:51.175565+00:00,
530ff6d8-b6f9-4413-8f3c-0305eebcd3ca,0ebebafa-ce00-4dba-8168-be2b03f2ec91,7609273a-97c2-41ba-8631-a104659018fb,low,0.709,recovered,sms,8303.31,2026-08-10T11:20:51.175565+00:00,2026-08-10T23:20:51.175565+00:00
9075df3e-8a32-4167-b98d-5411f9ba4b23,3451a8cf-b62f-44a3-a792-ce410bdaef0e,95af44f6-d579-49f9-a496-675f0242ef75,low,0.808,recovered,whatsapp,658.65,2026-07-31T04:27:51.175565+00:00,2026-08-01T03:27:51.175565+00:00
9f54621c-9c02-424e-b737-523e047517f3,d5e5e4d0-c1b3-4cd2-ad87-7884f56328b6,2b5e1cf2-1965-4050-b0fa-99c354509b7b,low,0.676,recovered,email,2355.2,2026-06-25T12:47:51.175565+00:00,2026-06-25T23:47:51.175565+00:00
20a8e073-50be-4c6e-8a21-b177d88a7da5,ae7df251-0d45-43ca-ac79-7ab7e91716a2,2bb38974-da6b-4220-81eb-adc4b088ef5b,medium,0.608,recovered,email,1048.11,2026-08-14T14:40:51.175565+00:00,2026-08-17T05:40:51.175565+00:00
a1ee2f5e-14cc-4128-9695-79f1f5e906f2,63d58213-2869-432f-ab77-1cc1331508e5,cae71870-e7d8-4454-843c-77a43204b21c,low,0.756,contacted,whatsapp,2068.62,2026-08-21T11:38:51.175565+00:00,
df5d7a16-bc3f-4794-a247-c8f15d76d0a1,444de4c7-5e50-4113-b904-a01d93a3013c,9dab90a3-3fab-4e4e-afa2-94b5b342f76a,medium,0.424,lost,email,1884.45,2026-08-17T18:27:51.175565+00:00,
21ff296e-d0e5-4b36-ae77-490985c4f01e,d54218eb-ea72-4fd0-a112-7581f8cc98d7,a1b2f934-5645-4073-bc9c-7878d04ef80c,medium,0.433,recovered,whatsapp,2096.35,2026-07-16T05:40:51.175565+00:00,2026-07-16T22:40:51.175565+00:00
14a068f5-cb66-4694-b9e8-3374a49229fa,eb49df56-06dc-4f2d-8ba3-572e8c92724e,b0d4ce3c-20cb-4b53-81dc-ba55adad3062,low,0.821,recovered,email,1320.45,2026-08-10T23:19:51.175565+00:00,2026-08-12T03:19:51.175565+00:00
538cf21c-99ec-4bcd-82b0-e4e5452d8b40,676b384d-bb96-4aee-91cd-ad3cdfd10604,7cd4c3e9-ac3a-4929-9279-64e31a84f4a2,low,0.754,recovered,sms,499.0,2026-06-03T23:30:51.175565+00:00,2026-06-05T23:30:51.175565+00:00
83eff2ed-728b-464a-ad7d-76f581874f2d,f3a75420-a435-439c-a079-d4b69c184a3b,3fa4adb3-f870-4f24-a396-97207baf9ab4,low,0.655,recovered,email,1236.07,2026-08-12T15:03:51.175565+00:00,2026-08-13T04:03:51.175565+00:00
bc9c3e37-a03b-4bd6-8a1d-bc09b91feff7,c300d9ff-be1f-4563-afcc-ea5694df1528,5e95761b-05b7-4e78-8230-88045b904b14,low,0.822,recovered,whatsapp,1023.11,2026-07-22T02:21:51.175565+00:00,2026-07-24T12:21:51.175565+00:00
6bc95366-bbd1-40b4-a0fb-1436377f947d,30a9a781-3050-46c7-91a3-2854cc919a9f,0b67f212-4086-4430-aedd-ee5097d3765e,medium,0.373,lost,whatsapp,1034.97,2026-08-14T03:10:51.175565+00:00,
82eebc87-7644-46dd-ada8-7837e24a2361,7fff8956-eb11-4de6-9882-129deb5b4f7d,98fd476d-fa0c-43a2-abd2-9de5f2309922,low,0.779,recovered,email,4364.58,2026-07-12T21:56:51.175565+00:00,2026-07-14T16:56:51.175565+00:00
b0b27634-b120-429a-b9f4-426575694e7c,c9a0be1b-461a-44d1-b72d-d79a1c13d633,153b5627-24b6-4f5b-b999-7e99b9d02dc5,medium,0.434,lost,whatsapp,4880.23,2026-07-26T06:10:51.175565+00:00,
60df225b-4bbc-4e16-9a2f-845d10071c96,e0c12c73-aa03-4a74-82e6-916c736bc1de,451467af-49df-4ced-b2d4-22bd73a36546,medium,0.441,lost,email,9523.83,2026-06-22T05:29:51.175565+00:00,
a42c5964-d96b-4a2b-a4ff-a9ba0bca6e7b,14224f0e-54f7-4ace-9af1-ca30d0b402c4,4d60d4a2-9578-44f8-99da-3c93dbd2988d,low,0.782,recovered,whatsapp,1873.99,2026-07-25T14:38:51.175565+00:00,2026-07-25T23:38:51.175565+00:00
26cd53da-88db-45c3-ab0d-805a2c2e4e9d,b9e5c55c-f476-4732-9833-170401cdd4ec,ef8058e8-6fef-4f05-aa3f-65f1cef07681,medium,0.539,lost,whatsapp,1185.23,2026-06-01T05:02:51.175565+00:00,
f6f5adb6-8394-4e3a-b9c7-ec1b05a01880,688c1b79-d6fe-4028-905e-0c6e717974e8,66eeafb0-42eb-45a3-bc34-dff4f114eca3,medium,0.567,recovered,sms,1335.31,2026-07-16T14:08:51.175565+00:00,2026-07-16T18:08:51.175565+00:00
24ce8f94-dd26-45a0-b09c-0b1b4c55dc8a,e1ad6e77-6afb-42e4-b8a7-6dce382f06a8,3d05308f-7379-4678-bd6f-59d03c83f989,low,0.677,lost,whatsapp,1357.64,2026-08-04T20:52:51.175565+00:00,
cebb0d4c-983c-4bd3-b319-4a8fec8ef279,0a3a64eb-2d75-47dc-a93b-10706bdeb6e9,1f6f2a20-c486-40d1-9d3a-3e3885aee262,medium,0.373,contacted,email,4086.26,2026-08-20T02:44:51.175565+00:00,
fba43d08-c062-4156-a55e-6c04c7512a7a,bec525ed-9b8c-437b-a887-f2fbc9f1bb32,16f4f84f-d4f6-49bd-96a2-1c10a551c7cc,medium,0.521,recovered,email,3445.21,2026-06-10T08:32:51.175565+00:00,2026-06-10T19:32:51.175565+00:00
acae0710-06b2-4dd2-bca3-1bf927785fff,16c96522-3433-4399-b930-b95c4888979e,da7f764f-66ce-4216-9754-10e3ea5ae67e,medium,0.416,recovered,whatsapp,2025.16,2026-08-10T04:04:51.175565+00:00,2026-08-13T02:04:51.175565+00:00
008ca683-085b-440d-a08c-345a303e4bf9,62f673ea-062b-44f2-a03f-f1341c2ebad2,313f9b20-82d4-430a-94a6-6211171d528c,high,0.288,recovered,voice_call,1728.23,2026-06-26T19:15:51.175565+00:00,2026-06-27T15:15:51.175565+00:00
ac8f650c-e5b5-4759-afda-040da5a2fadf,00df9ea3-989b-4866-aac5-04abafda3060,9362e44c-9ba4-4443-8aa3-2975801ff472,low,0.844,recovered,whatsapp,885.61,2026-07-20T03:30:51.175565+00:00,2026-07-21T09:30:51.175565+00:00
f60bec54-ba26-4420-ae67-58d1aa9ad2ee,9ed1f69a-af65-4061-b3db-378faea703e6,09841049-c5ab-4029-aebe-8097bffcc94c,high,0.2,lost,whatsapp,5873.03,2026-07-30T19:49:51.175565+00:00,
5f100ef0-50f6-47fb-a0ae-f9e3a15e63bd,f42ae3f4-fca9-4f9f-97a6-f7783a9ec52b,bd50c468-e136-4700-a061-336e0edc8371,low,0.667,lost,email,1086.79,2026-06-16T08:47:51.175565+00:00,
8da50425-f524-41f3-8629-8a2dec22969f,13bd9eed-e645-406f-a310-70755493065e,6d798874-8fc8-4480-b3e4-6ed8448fcda3,medium,0.59,lost,voice_call,2821.86,2026-06-11T17:43:51.175565+00:00,
0d5d7d8e-3354-4da7-8fd6-063d492eb9ab,f5237a38-8401-4ccf-8197-ad3cdaf1e7d4,0b07c57f-27d2-40f3-85b6-54d3dff6aa8b,medium,0.449,recovered,email,1811.94,2026-06-26T17:06:51.175565+00:00,2026-06-27T20:06:51.175565+00:00
0dd2eca9-f441-4612-9b8e-48c1c634c691,ab6277b2-c0a9-4be7-9741-a0702985f43a,89c31d49-ca96-4fa2-9b43-9bf9da796a24,medium,0.549,lost,whatsapp,2429.2,2026-08-14T03:49:51.175565+00:00,
b949b584-04b0-4c3c-80ce-4fa46014ec54,0356b017-8a4a-4f32-9177-9ca79bb0e20b,041ee718-8c1f-4a16-9bac-ae7c98966578,low,0.729,recovered,sms,1970.81,2026-06-25T03:46:51.175565+00:00,2026-06-27T13:46:51.175565+00:00
f1cd85c5-9222-49c0-be56-0d194a4d409a,b2a87002-b538-4019-9c22-662da89d0c60,d1345eaa-5e2a-477f-95fb-bffcfcb60022,low,0.744,recovered,email,2001.26,2026-07-05T06:53:51.175565+00:00,2026-07-06T07:53:51.175565+00:00
3bce97da-f780-4463-87dc-8fbee108e0bc,d195d5c2-b8bd-40d3-874f-956ad7999c5d,d128b294-377b-4ae6-aca2-8ef02a03c462,high,0.152,lost,voice_call,15077.9,2026-06-06T08:05:51.175565+00:00,
c0a00404-2e2f-428c-a13e-7dd7c6cb9b65,1d0c28ba-0bf8-40e2-9d08-2c128556ea68,171503f4-a4dd-492b-ac61-47fcdd83411d,low,0.717,recovered,sms,958.92,2026-08-04T07:05:51.175565+00:00,2026-08-07T01:05:51.175565+00:00
829b54ec-7fe6-46d6-aef5-cc7951403d85,a26ba949-a0ed-45a5-a9c3-ede12b4889a0,4d9e0d48-ae14-4152-bdf7-c89fa943e78f,medium,0.483,lost,sms,1780.51,2026-07-16T19:43:51.175565+00:00,
53769cd1-1f7e-42d3-ad1d-ce7ed5545d3a,cbed00d1-05cf-477a-8898-cbecfc8d2fc3,0a1cbef0-ea3c-4ab9-8c68-83fb3c2cfce2,medium,0.639,recovered,email,1698.05,2026-07-22T19:52:51.175565+00:00,2026-07-23T11:52:51.175565+00:00
6b916a16-518a-4218-a65a-ddb1abc6148b,75c54b7c-63c1-497e-880c-2ce457354238,51424800-787f-417f-ab6d-d3434b57a968,medium,0.595,recovered,email,6287.96,2026-08-17T18:44:51.175565+00:00,2026-08-19T02:44:51.175565+00:00
6ca7cec5-1627-4b8c-b758-71ce6c6fad90,ac8526f1-1e93-499a-aa0f-7780bd5284d6,9e3c8d7c-d70a-4fb1-b439-69f303b3a6b4,medium,0.399,recovered,whatsapp,4608.65,2026-06-17T03:09:51.175565+00:00,2026-06-17T11:09:51.175565+00:00
13a52c25-73a3-4332-9af9-628b30e1b8fb,e565bdeb-cdad-4a62-bb88-37421dfda77b,7677cfe4-e982-439e-b9aa-9d0ddfcac990,low,0.811,recovered,email,629.64,2026-08-06T08:03:51.175565+00:00,2026-08-08T19:03:51.175565+00:00
e1948b93-6e9a-42a7-9ce7-3e3a604a4997,ea2709d3-cdbd-4fb1-bd37-a5a624db9048,14353eb6-92c4-403b-928a-bae4e25bdb95,high,0.314,lost,whatsapp,8915.06,2026-06-14T06:02:51.175565+00:00,
69d26727-89d1-49ac-a9ae-4eef0d0e6ce0,e6706148-d3c4-47e0-afd8-12e410002a12,0f8dddda-efa2-4aa1-a5ec-8e48fed641c1,medium,0.606,recovered,whatsapp,1135.64,2026-07-17T11:36:51.175565+00:00,2026-07-20T01:36:51.175565+00:00
df13bfc3-b6be-4789-9075-59f855b278a8,fb0e28e7-3d40-4af5-b948-9807d8bca80a,eeb9294f-ce1c-4a11-b061-cc0385605815,high,0.196,lost,whatsapp,12734.51,2026-06-08T10:54:51.175565+00:00,
ef8672d5-064b-4d72-b457-50cbbe613062,2b284cdf-18cc-4abf-8b47-204b6cfebc56,33f6775e-af50-42ef-812d-d7816b27780e,low,0.76,recovered,email,1312.67,2026-06-24T11:13:51.175565+00:00,2026-06-25T05:13:51.175565+00:00
83445498-32b1-4074-bf75-e95eef763c84,36308296-b0cb-4ad9-8fe0-b170489948b1,bc2b7432-13b9-486f-9f26-a2357dba2537,low,0.664,lost,whatsapp,4097.97,2026-06-05T18:56:51.175565+00:00,
77f63835-6e93-4f02-964d-36fc257f62d6,2e6c09fd-0930-495f-83fe-cb2943e39012,e67e5203-8fcc-4b85-a293-4314f3bef327,low,0.816,recovered,whatsapp,1895.87,2026-07-13T11:09:51.175565+00:00,2026-07-13T22:09:51.175565+00:00
78463341-aa59-4003-9706-b7b0397c97b8,943178f3-92f3-4194-8fbd-07f6882d1f36,14140b7e-8181-46ab-855c-c53052e80463,high,0.311,lost,email,1757.65,2026-08-11T04:36:51.175565+00:00,
fedf0342-fa7b-4a9f-b36b-fe5a1f693db6,c6c80801-1224-4f42-af01-f811641bcb82,93079665-39ca-42f4-8cc7-d30159e53707,low,0.666,recovered,email,613.92,2026-08-08T00:29:51.175565+00:00,2026-08-09T07:29:51.175565+00:00
c4789d0b-bfdf-4576-9d05-dfa20c9e73a4,484a4da7-691b-41bc-b2f7-deba737c2bae,f2a5817c-767a-497d-be96-f04157ffbe36,medium,0.392,lost,email,1715.14,2026-07-27T15:01:51.175565+00:00,
98264a92-3712-4d36-8fcd-d88b29185b19,95e04863-3a90-4644-b669-45efbb5e7ed2,a4a2d4f9-75dd-4b68-98ad-772a00fffcda,medium,0.582,recovered,whatsapp,2194.52,2026-06-14T06:52:51.175565+00:00,2026-06-14T12:52:51.175565+00:00
f0d8c83d-0876-46cf-b2b4-6e6a0fe3ceb9,30a2be45-d08b-4937-b10a-d3ec4c629e92,7d4ec61b-368d-4c6d-9b8b-38e532ae0fef,low,0.693,payment_attempted,voice_call,1558.3,2026-08-20T03:14:51.175565+00:00,
080382ef-30f8-43a4-8123-ca10410b3fe2,ac5002f0-40af-4b30-b684-6ff03bebbfe9,a348e6b7-9225-42a3-a17f-b5532afa31d5,low,0.803,recovered,email,6433.57,2026-07-08T00:22:51.175565+00:00,2026-07-08T22:22:51.175565+00:00
efc3db98-6563-44fb-a46c-84a8d7f44e39,46e7be49-4d16-4e18-83ce-59812e2d8034,0349cea0-2d6a-4600-bf43-25136e354bdb,low,0.691,recovered,email,1713.54,2026-05-26T03:09:51.175565+00:00,2026-05-27T22:09:51.175565+00:00
083bc7b4-0b6c-4f10-97a8-4118d6a72d5e,82b9e499-689c-4546-9970-f3cf9139b091,ea6687b3-500b-448b-93ee-de425981223f,medium,0.645,recovered,email,2225.3,2026-08-06T03:58:51.175565+00:00,2026-08-07T13:58:51.175565+00:00
87b63650-bb16-408c-91f0-9384a5928270,3c873359-6983-423a-b93f-a722573864e5,5e87cf3e-c76e-43f6-9ad6-ef409cc5935b,low,0.851,recovered,whatsapp,2743.08,2026-07-09T03:16:51.175565+00:00,2026-07-11T18:16:51.175565+00:00
51a22304-317b-43ef-9892-7f20e5a6c8fb,5f5175f2-c3c0-436f-b38f-cbbc6f3cb691,62de2833-f216-4fee-a6b2-ca80ee1e239e,high,0.345,lost,voice_call,9155.21,2026-06-07T01:05:51.175565+00:00,
7a1e6b4f-a9d7-4fdb-be1b-63ce4ee8bcf5,fafb4f45-ccef-4965-975f-eb7b18745916,03d9eaa3-b16b-4f3e-b52a-2d49308f3529,low,0.887,recovered,sms,2304.61,2026-07-29T12:08:51.175565+00:00,2026-07-30T16:08:51.175565+00:00
92d90412-be93-40c0-99aa-5c3e09a091a9,6a623bed-c4fc-4910-8ccf-db4ba3dd303a,ee15d5df-cdd8-4023-befb-651c292e76d8,medium,0.594,recovered,sms,5040.51,2026-06-12T21:57:51.175565+00:00,2026-06-15T04:57:51.175565+00:00
3b8bee4c-f628-463d-a008-19d3f6143f7d,e1c1c47f-ff66-492b-8f62-193e000c8e83,5359fc44-4922-473a-8379-3e7befa4a164,low,0.912,recovered,whatsapp,1666.72,2026-07-05T08:58:51.175565+00:00,2026-07-07T22:58:51.175565+00:00
39627743-3ab4-4d16-b64f-73f8b3746e02,e7599599-50e8-45b1-a50a-3d637dc74344,8f17586b-b0cd-4def-924b-2a19815f2f6b,low,0.846,recovered,sms,2983.33,2026-07-09T03:42:51.175565+00:00,2026-07-10T00:42:51.175565+00:00
aca500cb-1d32-46e9-9e89-1d7ad69d7fae,31d0f257-f854-4ac7-808b-fad96e409a8a,bd474a02-46d9-43de-b1cd-1f0c2188e29b,low,0.778,recovered,whatsapp,7055.03,2026-07-05T08:46:51.175565+00:00,2026-07-07T01:46:51.175565+00:00
3b19b9ec-a39b-47c3-ba10-4f6efe369b22,c4813e2e-1f1c-4ad3-84d4-07255a529ce8,0348ff9e-1be4-4072-8a48-5026e34f16df,low,0.946,recovered,email,1513.32,2026-05-26T17:53:51.175565+00:00,2026-05-27T03:53:51.175565+00:00
36f98efd-ab3a-40ff-90bd-c20707937830,cf1942c6-e8a3-4595-939e-c129cc48b748,756c7b74-8224-4d0b-be07-f746e2a8586a,low,0.937,recovered,voice_call,6857.37,2026-07-04T03:00:51.175565+00:00,2026-07-06T03:00:51.175565+00:00
7f9f221a-12e5-420d-87e4-f1ea9fdf3ade,01a51958-4320-48e7-aef6-c7e634b647b4,5184f660-83b6-4562-bfd2-6fce72bce052,medium,0.455,lost,whatsapp,2482.76,2026-07-22T23:15:51.175565+00:00,
c1c55782-8777-4f61-ad70-d7c02b5d9349,59d1aa34-1a59-492a-a862-2ddb7e8dfa02,07f6f5ae-9543-4df1-8137-14601b34c345,low,0.791,recovered,sms,3314.85,2026-08-07T17:26:51.175565+00:00,2026-08-09T10:26:51.175565+00:00
188982be-aea0-4a25-bb51-f52d0b928643,29beacda-d976-4d97-8408-656ca605371b,0afa0c10-d4ba-4836-a3ce-a88522de0229,high,0.201,lost,whatsapp,1234.23,2026-07-26T07:33:51.175565+00:00,
f9b9ab3c-662a-403d-a2fc-8b8973b552d3,ade30bee-6340-4392-8c6d-25dc770aa277,4315c1c0-72fc-42d8-8128-1f5dca862f07,medium,0.54,lost,voice_call,2840.17,2026-07-21T02:09:51.175565+00:00,
b1e2e901-91fd-481c-b4f7-663388357bbe,509396ab-dadf-4c75-9a2c-01439f27dbc0,ca3136a3-f240-4f57-a335-8a286668e359,medium,0.587,recovered,email,6172.63,2026-08-10T15:28:51.175565+00:00,2026-08-13T07:28:51.175565+00:00
05e0a055-73f3-4f48-9c5a-64a951bcfd00,fe70a86f-8ca6-440f-9fdb-0960dd66fccf,389a4040-c4c8-405e-bc2f-180c16c9afa1,medium,0.413,lost,whatsapp,1516.99,2026-07-08T02:28:51.175565+00:00,
954e9711-9fa1-4e51-8a77-1cf1aff7cf4c,ccb73f18-ae88-4e7b-8d52-d629103a5143,accdd6ed-5a99-414b-bd56-de66a044aed4,medium,0.62,lost,whatsapp,4281.37,2026-06-18T02:29:51.175565+00:00,
b13c8d62-1d43-422c-bb04-ee4fa7dd9fb4,e1853325-9e50-4648-9cab-0c154c16923c,6c1452e5-7a9c-49c0-8eb1-daa9cfb63d76,medium,0.4,lost,sms,2525.16,2026-08-10T19:33:51.175565+00:00,
d79c9aac-8ab9-423b-aa89-29cc4aabecc9,172221da-b219-4a64-8644-9401e1700c09,6d1a6038-728b-4ba0-8248-d2b0f2b0f0f0,medium,0.635,lost,email,4214.25,2026-07-27T15:41:51.175565+00:00,
88810a80-0f7b-4253-82c7-472ffb73bb7e,a22dfe1c-f1f3-47f1-b8fe-341e46e76b66,d72d172e-8a4f-496d-ab56-d08d6ec8687b,medium,0.452,recovered,sms,3050.16,2026-06-08T11:17:51.175565+00:00,2026-06-09T07:17:51.175565+00:00
8e1a6019-1ec8-40e5-849c-20ddd5be00c7,a3cbd00b-d4df-409a-9baf-334774a34c63,fdb817c9-817e-4b3c-a212-c43639916a1f,low,0.817,recovered,email,1385.89,2026-08-13T10:39:51.175565+00:00,2026-08-14T06:39:51.175565+00:00
92e5cce9-fa38-47da-8b44-f8b424ff5d8d,9c2e9b2a-9948-4e5c-a74c-493d90d029ec,6980706a-59dc-45da-89dc-aa8bf80aaab5,medium,0.618,recovered,email,2619.72,2026-07-05T20:45:51.175565+00:00,2026-07-08T12:45:51.175565+00:00
7c2a5984-20c3-428b-8c6d-d519f43b1fda,30ca7a48-d031-44c8-bcee-b9a640ef63e0,6215853d-2c26-4419-b54a-721aaa2d6c31,medium,0.617,recovered,whatsapp,5303.01,2026-05-29T10:58:51.175565+00:00,2026-05-30T18:58:51.175565+00:00
0c4f7e7d-bd7c-4233-b371-181f4a9e5b37,e898508c-c2eb-4bf0-84cb-9278244eff85,3e7e0c96-ac75-4a12-9a9b-4d0aee54536f,low,0.751,lost,email,2305.08,2026-06-18T12:00:51.175565+00:00,
34ebbbdf-a47b-4145-8164-98590d68e724,10d11696-214c-41af-8abf-fd564c617fbe,265f1b19-5c32-4329-ae29-e711b0740fb5,medium,0.486,lost,email,7686.43,2026-06-22T07:32:51.175565+00:00,
02e52baa-096c-4129-a1bf-a8d5b828f283,44bf0fe1-92b5-495b-8afb-09b2b3f0e8d0,483c5906-61bd-4f8a-bca8-e41b9d6d5940,medium,0.571,recovered,email,3632.35,2026-07-06T04:47:51.175565+00:00,2026-07-07T20:47:51.175565+00:00
f6c3aef5-dcd1-4304-bc7b-7637d1ad5f1d,4ba40ff5-585c-4c2c-a015-067f1b5773b8,c928c41d-4ddb-47bc-bc11-e1be9c806c17,low,0.689,recovered,email,1231.86,2026-07-12T11:07:51.175565+00:00,2026-07-14T11:07:51.175565+00:00
e77752b2-3a18-47e4-8e45-ca62cbdef26b,24edb6d5-ad47-4782-8fcf-bc1fa01861f7,8d13d1ed-1780-4036-9cdc-ecd86f9f2c41,low,0.834,recovered,sms,1551.15,2026-08-13T16:56:51.175565+00:00,2026-08-16T08:56:51.175565+00:00
6466e66a-529d-439e-adcf-317193270e85,5655085b-3d27-4c16-b139-bc251ac37fd4,382e80c4-563b-4e5c-8c05-e80679eb1cf7,medium,0.601,recovered,whatsapp,6207.78,2026-06-26T00:40:51.175565+00:00,2026-06-27T12:40:51.175565+00:00
a82bebaf-5f72-4c69-82b9-fe5e67a7fcee,e3ac10e1-fc4a-4f59-9253-da231ca1d919,0200fe85-c632-4ec7-a7ec-819d3c5af979,high,0.294,lost,whatsapp,4208.56,2026-06-01T16:48:51.175565+00:00,
3549d156-521e-41c6-bda0-7c8b3b297ee5,732fd71f-d31d-4335-a72b-03dae171461d,0e1d4603-042d-4206-9022-8549169748d1,low,0.765,recovered,sms,1358.72,2026-06-28T15:59:51.175565+00:00,2026-07-01T05:59:51.175565+00:00
0ef7907e-5e6e-44a1-b2ac-e82ce05c9198,79f25ddb-85e5-4024-b622-d5cf08046443,65bc1acb-6206-4e3a-8e92-2bfeaa26121f,high,0.227,lost,voice_call,7686.24,2026-07-20T02:37:51.175565+00:00,
b0decdae-0618-4e9d-bfcd-b8ba21caf9ae,57688fc1-a4da-4fc3-9b82-1b5ac0fc4dfc,cb01f22e-b15d-422a-8279-2e4cc4b39be8,low,0.71,lost,email,2352.17,2026-06-02T17:41:51.175565+00:00,
eacb52a5-f3dd-4402-81f5-c53e0c4d5587,cbd1b1f8-8448-487a-b539-5f2bce429543,92bd7ce2-62c1-49b3-b8a4-d35239f2f310,medium,0.499,lost,whatsapp,8479.28,2026-08-02T18:34:51.175565+00:00,
6e51877c-e388-4cb6-80a5-73f370853fa8,219de7cd-59b0-46f5-93a2-420fd239c9aa,aafddb74-ddad-45c9-93bd-d0e2a8a3af38,low,0.815,recovered,whatsapp,1540.39,2026-06-14T09:22:51.175565+00:00,2026-06-16T14:22:51.175565+00:00
c858413b-9134-4269-80e5-a95aeb3a3b7b,9fd1f553-06a2-4f56-a8ea-6f5f4f30303d,03a1b28d-ec7f-4806-a53d-c37379f9159f,medium,0.367,lost,email,3836.74,2026-07-17T20:44:51.175565+00:00,
f02a9cf1-8545-4129-8943-504048735d93,13d48cde-b742-4c60-8c98-8df0bc4da12c,de0aa39d-931b-4d92-8584-b9ab2f31d53d,medium,0.566,recovered,whatsapp,1691.0,2026-08-11T20:37:51.175565+00:00,2026-08-14T03:37:51.175565+00:00
cf994446-e630-4f6d-ac2c-7f9df0ae6688,06a0fa72-3183-4e21-b79a-290642324ee2,145b7ac8-bc3e-4211-83e8-6ba8a76572cd,low,0.66,recovered,email,2691.72,2026-07-15T21:19:51.175565+00:00,2026-07-16T03:19:51.175565+00:00
74df3830-412a-4f1b-b2b3-36850d892e69,c0c9ea39-8ca1-4071-b617-b1ba6076b849,d7ca8b8a-2291-4553-97f2-bb93155066ad,medium,0.439,recovered,whatsapp,7129.01,2026-07-21T16:12:51.175565+00:00,2026-07-22T20:12:51.175565+00:00
b354b893-d5d5-4f5c-9007-447648256f6c,bb1c5746-de13-4466-b643-c7a9f7fb1298,51c02c88-8dac-4a72-a795-6c168e875f24,low,0.807,recovered,sms,1629.99,2026-07-27T06:14:51.175565+00:00,2026-07-28T17:14:51.175565+00:00
2d42d4a0-49a1-4c3a-a272-0d1f2b198b84,536dc763-5eeb-418a-b235-e739004a2d79,a1ecf1d3-e817-4f5b-ae65-fbd27b4ea3b4,medium,0.569,recovered,sms,499.0,2026-05-26T06:19:51.175565+00:00,2026-05-28T00:19:51.175565+00:00
ffb381f0-0236-4459-b232-cbea5d0df040,fc221b65-7beb-4ed6-857a-30db0be8f1bd,8ed683f4-f1e0-42fa-a297-c3eaca07919e,medium,0.474,recovered,email,1120.59,2026-07-29T22:34:51.175565+00:00,2026-08-01T08:34:51.175565+00:00
7ce1c885-d3b1-4bb6-a0c3-45c2cafcdf26,bc375c16-50f7-4829-9ba7-cfd16cf82311,1283620f-dc7a-41af-93b8-311a3a00cdc6,low,0.694,lost,whatsapp,4226.16,2026-07-10T12:16:51.175565+00:00,
c9e88ebc-3991-4a0b-b9c6-8df3bec783c2,2f77872a-75a6-43f9-a67a-b6227a445b8b,174a6e62-a80d-465e-91eb-4dda6c4f30fa,low,0.847,recovered,voice_call,991.65,2026-08-13T00:02:51.175565+00:00,2026-08-15T04:02:51.175565+00:00
d5df3084-e286-4b4b-9d7a-660482da2784,97ca1d90-1793-459f-ac73-e329f160d084,0c780826-a539-45d3-8e8c-cdaae58e9b76,low,0.835,recovered,sms,9130.41,2026-08-17T09:55:51.175565+00:00,2026-08-20T05:55:51.175565+00:00
f2128eec-5248-462f-91f4-1e5d8d541cc6,7e3511b8-9637-48cc-aaf0-4bcf5042ebbf,c60cd746-1257-460b-a993-ed12adf6ccf8,low,0.777,recovered,whatsapp,5550.2,2026-07-29T20:01:51.175565+00:00,2026-08-01T03:01:51.175565+00:00
4b61ba7c-819c-4504-ab5b-7bc89d041881,5e0918a7-7510-4aca-bd90-9858e4df2a80,ea5cac2a-ef65-403b-a3d4-3d7052809a5b,low,0.736,lost,sms,2002.09,2026-05-29T09:03:51.175565+00:00,
a442b0f2-f14b-43f4-b366-01a07bda7385,33e9d308-a71a-469e-b042-dc250821fdfe,f0dc3aad-ad4f-4d32-8aec-23cadb85ed8f,low,0.768,lost,sms,1141.61,2026-08-11T12:29:51.175565+00:00,
5c5332e1-5b7b-4d66-bcb3-4a53ac38444a,e92d39be-7c2b-41eb-9772-9c4b1f1118f3,ed7c2168-b37e-4561-8324-2fe9775fd9fe,low,0.787,recovered,email,1533.31,2026-07-23T04:28:51.175565+00:00,2026-07-25T21:28:51.175565+00:00
906503bc-1acd-43b0-94d6-820721be6ae3,4e5b913a-f1bd-45fa-b1e2-689791380c36,cf752506-cc34-41d4-9fb3-726c32a0d771,low,0.651,recovered,whatsapp,1379.31,2026-06-04T21:18:51.175565+00:00,2026-06-06T00:18:51.175565+00:00
d53a16ef-3856-498b-aba9-3971828ae23e,22c479e7-36c8-4649-bc82-1c1b1142f1b6,74b0ff0c-7265-4358-af73-2ef85edac7ad,low,0.782,recovered,email,2277.02,2026-06-01T20:58:51.175565+00:00,2026-06-04T01:58:51.175565+00:00
80f331b7-5d95-4721-af95-f7c43cb2b60d,e565bdeb-cdad-4a62-bb88-37421dfda77b,fdc17349-ba86-4aff-bcfc-5960ea75d65a,low,0.745,lost,email,3843.16,2026-06-09T13:15:51.175565+00:00,
1f0929b4-d28d-4934-80c0-eb73a16cea21,8a795736-3e3c-482a-8db5-897e8bac2995,7d7202a7-d431-440c-a05b-770ace3cb3e1,medium,0.516,lost,email,1993.64,2026-06-02T09:07:51.175565+00:00,
1677d4de-b992-4134-a59d-80d6342d3d12,bb1c5746-de13-4466-b643-c7a9f7fb1298,b880f6e7-4609-4a9c-b312-5205dc51f6ee,low,0.843,recovered,email,1074.99,2026-08-17T14:34:51.175565+00:00,2026-08-18T19:34:51.175565+00:00
7b14b684-bab2-40d1-b0cd-54e44404cd62,793c7e5d-14c4-4d28-aff5-f38c0e83b691,26a5fa8d-e9b0-4518-b914-13bab6563751,medium,0.441,lost,email,1850.81,2026-08-15T03:15:51.175565+00:00,
3c3c3c1a-2899-4ca0-96eb-b294cf60287c,96af50bd-df81-45f6-b0ed-5f5b4b3a6e1e,603b657e-77ee-468c-97bc-8095f056ab19,medium,0.448,recovered,email,4935.8,2026-06-02T20:00:51.175565+00:00,2026-06-03T21:00:51.175565+00:00
6833f014-a08a-4e8c-80e1-14f9140776ad,742da774-4523-4281-877b-7a866a0ad995,15a7ed5a-8142-4a46-b45d-e4801cf14069,low,0.73,lost,email,1029.04,2026-07-12T02:21:51.175565+00:00,
45f6c6f3-0d49-4041-ab00-360503d6d525,4ce63464-990e-453f-91df-4fffbc372453,e294037a-a591-4e10-ad11-884139e43291,medium,0.503,recovered,email,1200.36,2026-06-28T17:08:51.175565+00:00,2026-06-30T10:08:51.175565+00:00
7b698923-70ab-410c-b06b-84c68b67fc36,d9b138da-4ffa-4670-ab0c-c781d95a4980,f7be66b8-c8e3-47c9-a314-c72321b1598b,medium,0.564,lost,whatsapp,2947.81,2026-07-30T03:12:51.175565+00:00,
639bd1c9-9218-4eb0-8a80-62bc27ac4ef3,dbd985c0-7524-48c8-8caa-56847c6d0fc5,884cc603-115f-4957-8bec-0dd38b7c7bba,low,0.828,lost,whatsapp,1054.65,2026-06-09T08:33:51.175565+00:00,
d0d011b0-4ff0-40cb-b2be-714f40618178,8a17bab3-172b-4a4f-878f-087ffcb4696a,72d678b9-50b0-4a41-b38d-5b20bdbbbe83,medium,0.351,lost,email,4028.76,2026-05-27T16:15:51.175565+00:00,
6ab0e5ad-6d68-4049-981d-81a45ad1ade7,2cf4f6f5-a86a-471d-a803-ca8003f5fa6f,322eeac7-8cec-4575-aa7e-4d8514c763ed,low,0.78,recovered,email,702.03,2026-06-26T21:24:51.175565+00:00,2026-06-27T02:24:51.175565+00:00
a3b1c1af-e7f8-4aac-8895-31e96141dcbe,b097e990-5613-409d-8b68-0ad0fbc26022,1cdef2a8-e5fd-4384-92f9-6abea02f5465,medium,0.418,recovered,email,2918.47,2026-07-09T10:44:51.175565+00:00,2026-07-11T19:44:51.175565+00:00
2101e934-b2a2-4b4b-b4f6-b671975daa54,978fb199-227b-4449-9aa1-46b54836da05,73de5845-9c7a-4787-96d2-212d3abb5611,medium,0.425,lost,email,2976.59,2026-06-13T05:37:51.175565+00:00,
be4f7e36-ae29-4c1c-8d8c-68ef991f124c,874d01b6-db36-423e-b4c1-d443b5805ba8,afb06b7b-5169-4647-a25f-99bf42eefd57,medium,0.527,recovered,email,679.05,2026-06-14T04:27:51.175565+00:00,2026-06-14T23:27:51.175565+00:00
e8743193-effd-48ee-be20-e910c616f3ce,3e137997-2510-45b9-ae6e-d617ebadd2d8,8343bd31-789e-48b1-8375-cfddc4217940,low,0.803,contacted,sms,2071.59,2026-08-22T02:03:51.175565+00:00,
836c6cdb-cccd-46e1-99d4-a8b20718c0c5,5fe7ec09-0424-485b-a187-cd2ba129de72,b21a7e9b-b68c-4dd3-84a4-4bab96e37036,high,0.051,lost,voice_call,31684.13,2026-06-24T09:13:51.175565+00:00,
6db1b72f-3203-4f6c-8362-44dc8aaba59b,9f944e79-8b6f-4e1f-a4b6-c9cb96e1d83f,2bfe183d-e888-4e72-87bf-b25f306a4026,medium,0.492,lost,email,1236.0,2026-07-03T14:47:51.175565+00:00,
ba2a1dbf-0335-47be-9b13-6f243bda0570,4d8463af-3290-44bc-ba0f-c9f1c4132297,66d61922-7b50-4151-9bc9-cf0496ce4148,low,0.727,recovered,sms,5679.96,2026-07-25T09:59:51.175565+00:00,2026-07-27T17:59:51.175565+00:00
78932e90-2905-4ed2-b846-81fb0831c94a,000c7459-0d79-4906-bf3b-50deef614625,44f3c033-fe8d-4c8f-baa9-514fa5cca43b,medium,0.483,recovered,email,1534.17,2026-07-07T10:07:51.175565+00:00,2026-07-08T09:07:51.175565+00:00
4aa58064-3ef8-4d0e-bb58-56c38a12b779,f3aaeed7-cc15-4daa-a6fc-ae1db8ff0a1e,c54bcd7e-59b2-4aa2-a2ca-230d3c346fe8,medium,0.587,recovered,whatsapp,11308.33,2026-05-29T20:55:51.175565+00:00,2026-05-30T13:55:51.175565+00:00
93aeefb6-10d9-4e8b-9107-7f538d61e81d,d8d72335-38a5-472c-8789-776223cbddf7,3b61628c-1ed4-4f05-9f2f-12f196ef4f3d,medium,0.557,lost,whatsapp,3556.01,2026-07-25T01:01:51.175565+00:00,
371b775e-04a4-41cf-b97c-8b99b8a1fc29,ba7bd960-2613-450c-9c37-9b69228cb0f1,3685f24a-13dd-4b4c-8843-c63b3def3671,high,0.295,recovered,voice_call,499.0,2026-06-14T05:17:51.175565+00:00,2026-06-16T09:17:51.175565+00:00
fbb12c71-e0f5-4be3-bc7d-2bb5572b1b55,b08760b7-1ec2-4b75-915d-5d82f4ae10ac,0c3c877b-86fc-4bc9-9e3e-7875d1fcfe10,low,0.752,recovered,voice_call,4835.86,2026-06-23T00:11:51.175565+00:00,2026-06-24T05:11:51.175565+00:00
ca1f6a89-1bed-4162-8657-a2dbd776d2a8,d0bbe0b3-1ac7-46e8-9c75-3560b48dd765,5bba02a9-4463-44b0-86a1-da99e49cde9f,low,0.866,recovered,email,1036.0,2026-06-05T12:18:51.175565+00:00,2026-06-08T03:18:51.175565+00:00
358d6e6a-4d84-424c-b7b0-78f796f1ff58,c62427f9-270e-446b-9245-8d73d0e8d96e,a10d48cb-c3be-43ba-b6ba-68869042af82,low,0.76,recovered,whatsapp,1367.81,2026-08-19T00:17:51.175565+00:00,2026-08-20T08:17:51.175565+00:00
b57ee5fc-7d4b-4d45-ae1d-37895ebefbcf,58bba544-d9ba-4a33-87bc-dfcaea7ee392,3ac2f02c-fc79-4116-9f74-f3d177945dd2,medium,0.645,recovered,email,677.39,2026-06-21T08:31:51.175565+00:00,2026-06-22T13:31:51.175565+00:00
e4f2f1a5-3030-43fa-a2d9-bff2383635f0,25e266b8-a14c-4a26-b406-5302b29ad411,9ec9f71f-1349-4e7a-840c-6693ef74935b,low,0.761,recovered,email,1376.69,2026-07-18T22:58:51.175565+00:00,2026-07-20T11:58:51.175565+00:00
9ba624ef-0df3-44f4-9eb8-30c6cf5eb408,fee02353-2919-42bc-9b52-bf592dc2d5a4,6d066e4d-7931-4296-ab0b-73a6da1478cb,medium,0.564,recovered,email,1562.55,2026-07-29T19:08:51.175565+00:00,2026-07-31T02:08:51.175565+00:00
ce42621c-0e29-40d7-9bfb-859305c93ed1,c3ee13de-188e-4ee1-b5cc-02c843fa6d20,df9f8852-1f90-4b99-af87-0531af9cea58,medium,0.388,lost,whatsapp,5306.26,2026-06-24T04:39:51.175565+00:00,
a816d61c-628f-4173-b2a7-689fa2e2a9e1,6a87252f-3ae8-4766-9341-3528165514e3,d5e207ca-b9cf-41d9-b989-76bbd9c75dc1,low,0.692,recovered,email,1722.65,2026-08-11T22:03:51.175565+00:00,2026-08-14T20:03:51.175565+00:00
65c9d458-ed3e-498b-806f-8426e6d2ba04,25e9848c-efe5-4a04-9e60-8e3ab5b87d40,192fa4b5-5d27-4233-9867-54af7dec3179,low,0.777,recovered,email,792.53,2026-06-06T06:56:51.175565+00:00,2026-06-08T06:56:51.175565+00:00
a7f39281-0b23-4194-98f3-d61371172782,10283e93-e511-4629-8ceb-f0aaead4c124,5c83dbd8-8ea6-4dd9-9178-a2d2f0932d43,low,0.825,recovered,voice_call,8115.93,2026-07-13T05:54:51.175565+00:00,2026-07-14T14:54:51.175565+00:00
17b7f0fb-5d00-45ed-a5c1-32a52fda9b3f,810bc18e-1858-417d-8181-9a6c0b223d6e,b152ab71-72c5-4133-9119-b33386b023ec,medium,0.507,recovered,whatsapp,499.0,2026-08-09T18:20:51.175565+00:00,2026-08-10T03:20:51.175565+00:00
d58f578f-551f-4b17-8b08-af35744e006a,d0bc4673-04e9-4c2d-acec-fac9fc99f75f,3775c3e1-b4bc-42ea-af53-89eedcd67927,medium,0.569,lost,email,1201.41,2026-07-20T19:06:51.175565+00:00,
c02bf55c-3d73-4664-8cf4-0a85cb6eed5e,b55a2432-acb4-4610-b606-dac9faf42456,ae34809e-ad6a-443f-bf62-7f9740edc826,medium,0.518,recovered,whatsapp,1748.41,2026-07-04T19:52:51.175565+00:00,2026-07-07T02:52:51.175565+00:00
c5687515-628d-48e9-a2ae-4c480c6f843e,3404688c-b947-4877-a18f-a3e084717ccb,3dd6e443-fe0c-4457-8177-a5073c521c6d,medium,0.438,recovered,sms,1746.51,2026-07-02T19:45:51.175565+00:00,2026-07-04T09:45:51.175565+00:00
694831fd-38f1-4e50-a4cb-d3ff452200b4,bf82e14e-5f1a-4213-b127-f3079a9656d3,8c061b05-ce43-47b9-b2ce-67a0e137105b,high,0.28,lost,whatsapp,9513.18,2026-07-29T06:55:51.175565+00:00,
ebbf71db-ad52-4fa2-8a90-792adac9060a,ffec5683-d540-480f-a3f3-b0ea059b0659,4fb6a802-10ef-474d-b328-ea64c3958e0c,medium,0.562,recovered,whatsapp,15311.34,2026-06-20T20:06:51.175565+00:00,2026-06-21T21:06:51.175565+00:00
a31db382-e121-4de6-8415-ec951d80a772,8330a120-4f52-47c6-89b8-ca85118954ee,abd81796-7481-4c40-96b9-3b33faee0f4d,medium,0.475,recovered,whatsapp,10265.01,2026-07-13T23:13:51.175565+00:00,2026-07-15T14:13:51.175565+00:00
4d77e3cc-88c4-4c3e-814f-9aef71090e09,21c034c5-28ac-410a-b353-816c06396f3e,16122e61-6290-45ac-8b5f-baf589b4db2f,medium,0.507,recovered,whatsapp,954.58,2026-07-08T06:01:51.175565+00:00,2026-07-09T08:01:51.175565+00:00
ae234f99-421d-4238-a816-f96037016e2b,ed0802b4-fe58-4a44-b587-ee24702339bf,9d2183dc-311b-4cbf-8960-f97345e30b1d,low,0.822,recovered,email,1147.94,2026-06-14T05:58:51.175565+00:00,2026-06-15T11:58:51.175565+00:00
e826dbd1-5228-426e-b6fd-2d91d9825850,93506514-b272-4779-a8e0-fc1525e5e96c,8379ea22-0687-4003-858c-2c3e89641eb3,high,0.218,lost,voice_call,2305.21,2026-07-11T06:26:51.175565+00:00,
f8f5a2ac-5a87-45ac-958d-a8678b37beba,d90ad003-7481-4c34-bc82-2a643f065387,abe044da-a1d5-4883-86bc-e5c8e13e44d0,high,0.271,recovered,email,4745.98,2026-06-23T06:09:51.175565+00:00,2026-06-23T16:09:51.175565+00:00
428698be-c062-488e-b4ac-4913abc85ea0,f3ba19ec-cd0c-4759-b3ce-55c525b73428,de4cd546-d184-4d66-8e4f-60672d78fcf8,low,0.771,recovered,whatsapp,1134.89,2026-07-14T17:57:51.175565+00:00,2026-07-17T06:57:51.175565+00:00
6f4ba19f-3712-410b-901a-5945efc69dae,e430a6aa-564d-4fe6-984e-1c290df6efcf,e3947ede-c68a-4e37-9534-5464e6655c11,medium,0.449,recovered,email,6712.14,2026-06-17T08:06:51.175565+00:00,2026-06-19T03:06:51.175565+00:00
09e57938-e478-4ea8-9157-6bc556f3952e,fc657128-a201-401a-8711-b5a99f89237f,a6b0706c-753d-4a02-9343-f84e2f4aa483,medium,0.448,lost,whatsapp,12003.02,2026-07-11T22:29:51.175565+00:00,
1dfe0fbd-f4ab-49cb-b858-ca7f06c5bded,35ccd5b1-3ef8-48d1-8985-06948bdb6c38,262cd55e-b0b7-4f5b-9f75-8e9a98cf2333,low,0.728,recovered,email,1901.05,2026-07-13T16:13:51.175565+00:00,2026-07-16T10:13:51.175565+00:00
2263e627-df8e-4b84-a926-403dab164fc0,20317e82-2124-44b5-ac1a-ed5eaf6e270d,b71302ad-6b9c-446d-b2cc-8cac4f2256f8,low,0.737,contacted,whatsapp,6013.03,2026-08-21T00:05:51.175565+00:00,
fc0c903c-d880-491d-b382-7b8694696e6e,5efc3220-f7b6-4ae9-8eb2-d8c484657704,cbe1b503-e67a-42f1-b4fd-5ebfd5eb379a,low,0.706,lost,whatsapp,993.56,2026-08-16T18:10:51.175565+00:00,
069f7395-64ee-471a-8b29-7c218244cafe,3629aa5a-efa4-40ee-bd4a-632274f77bb9,6e7eb422-530f-432c-bcbb-37dd2e624bea,medium,0.544,lost,whatsapp,3409.9,2026-06-18T12:45:51.175565+00:00,
156d5ba4-3d35-4576-93bd-be78f5690d98,a7f88e69-2ef5-4742-b9f3-45ea72cfb539,d6c57512-e0da-424f-8fca-977dd03a2f0a,high,0.1,lost,whatsapp,18624.75,2026-07-29T17:48:51.175565+00:00,
7fd42b97-0ff9-48c8-86d8-d41ee9b69b1f,51f60f8a-2fd2-4f7e-baf3-67f7bb345f66,6d8e606f-b1fb-48a1-9d32-ddb14fab608f,medium,0.508,lost,whatsapp,4488.01,2026-07-25T20:58:51.175565+00:00,
3ad1e532-e34e-4070-9b44-5d5bc2719296,922f6314-41ec-454b-9f3b-75c28b6e2c08,0f90d3df-31b9-4d26-af6f-b9e6834ae372,low,0.852,recovered,voice_call,3788.49,2026-07-21T19:35:51.175565+00:00,2026-07-23T09:35:51.175565+00:00
9c40eeba-6ed5-4781-b22f-2aba0155bbc0,190b28e1-1e50-4a60-b72c-ef353f28a5d8,afd27291-20d9-44ce-bf2c-36f3161f206d,medium,0.563,lost,whatsapp,3869.75,2026-08-19T01:19:51.175565+00:00,
dc95748d-f874-44f0-95db-df65ebb55868,13a297bf-a909-44dd-99c3-d3c8c49158aa,3d30bb3a-be5f-4cdd-b007-c3e3949e1dc6,medium,0.509,lost,whatsapp,11025.37,2026-08-09T18:05:51.175565+00:00,
25ffe798-8f17-4d70-bea3-25cc7632ab63,6b02d57d-fe7f-4410-b808-a878f345ffb3,f846a78d-7641-474b-ad05-f4154eb82db2,low,0.777,recovered,voice_call,11285.97,2026-08-10T17:33:51.175565+00:00,2026-08-12T14:33:51.175565+00:00
a602c824-2a2f-4e45-b192-76edd3815d37,6c752d3e-56fe-4160-8e6a-25897a3daa84,7679910c-e10a-4623-a0fe-2f8e1f75a44b,low,0.789,recovered,whatsapp,966.04,2026-06-22T15:09:51.175565+00:00,2026-06-23T10:09:51.175565+00:00
75f11df7-346e-441e-8b0d-fc5cda0977bb,9f955518-ca48-4d83-abc1-240c5d268000,dfc574bc-d676-4a98-a7c7-86f96953dac5,low,0.681,recovered,whatsapp,6897.39,2026-08-09T18:49:51.175565+00:00,2026-08-10T12:49:51.175565+00:00
16da11cc-2bd3-4aec-9d3e-f4a2e90eff23,1d3dd161-7479-4182-b9ab-25531000f109,07108d29-d243-4a55-a8fd-83545f4c3cce,medium,0.595,recovered,sms,5801.61,2026-07-28T11:40:51.175565+00:00,2026-07-29T08:40:51.175565+00:00
dec9a25a-7f33-4989-8bb6-6fb85a1adfc6,013e2e1f-a348-475f-9fa8-c681b1c6667d,7e183a04-7fcb-4f02-ba97-38296c86f5e3,low,0.672,recovered,email,2801.0,2026-05-31T03:47:51.175565+00:00,2026-06-03T03:47:51.175565+00:00
09fe6d2d-185b-44c0-b0e5-73de9ec7286b,54365060-e943-4a83-b09f-a945e71968bf,7bb53e16-bad5-45f7-8ef8-852880b9ae47,low,0.745,recovered,sms,1782.35,2026-07-10T13:39:51.175565+00:00,2026-07-12T06:39:51.175565+00:00
fa0968a7-2a3a-4228-b475-2869ed7ad3d4,cf44a25f-21bf-4c88-a9ae-271333a2d2ef,aec89ffd-b2d1-45fc-9e83-4986a9918e61,medium,0.526,lost,voice_call,1890.64,2026-06-11T09:18:51.175565+00:00,
5dd45cd3-3e1d-4fd2-a676-4b207144618f,67a5e3ef-e20d-401d-b9dc-213653de3e42,aac5992a-985b-4393-a920-6d6e5283a60c,low,0.734,recovered,email,3774.69,2026-05-31T11:35:51.175565+00:00,2026-06-01T15:35:51.175565+00:00
42cbebed-bbc5-424f-bcc0-4408381202c4,98c6afe4-fe85-4ffd-84d2-41b4b4672a16,984c61ae-9073-4914-aeb1-63d55bd6798e,high,0.348,recovered,email,602.27,2026-06-25T19:13:51.175565+00:00,2026-06-26T21:13:51.175565+00:00
1676918a-82d4-49f0-a21f-a34c8b5c608e,c48e7d81-8c4e-45cb-8a76-43832e4d540f,b4eaf7b1-f559-46fe-9773-742aaf556988,medium,0.425,recovered,whatsapp,6126.1,2026-06-16T05:33:51.175565+00:00,2026-06-16T16:33:51.175565+00:00
d436ed87-7985-4d44-b6a9-03ef549d02b7,3993625d-ea74-4074-a3ea-bc7c5b53e06c,e572df09-79b8-453a-a4f7-decb8d8c31c7,low,0.686,lost,sms,1383.45,2026-08-16T01:11:51.175565+00:00,
e5dd0849-f70f-479e-abf9-eec7bbce0fc9,a7cbe3fd-d3e9-48c6-868b-f5aaced8406e,8ebfd7ab-15c6-489c-af28-afafad40772d,low,0.723,lost,email,919.5,2026-07-27T02:22:51.175565+00:00,
68ad9d50-10d5-425e-96e7-1303c0400746,b9f7e066-fd3b-4d6e-9e70-b820126e8e5e,513aadb4-f0dc-4e51-90d3-101b8c591db0,low,0.684,recovered,sms,1071.72,2026-06-20T23:11:51.175565+00:00,2026-06-23T10:11:51.175565+00:00
06bc8dc5-2d92-4caf-9024-4107c0b6cb72,860991c9-11b0-4cac-a955-5731c44ec0d0,a323fe1a-c6fa-4c3e-b255-d1088beab9d4,medium,0.522,recovered,email,16366.36,2026-06-22T12:25:51.175565+00:00,2026-06-24T08:25:51.175565+00:00
dcc4fc26-b7fa-4f25-9f63-76e3cc47a173,0e258154-7950-4ee5-aa83-250f9c7c27df,f7262a15-9a64-447e-9fa9-112bfb4480c1,medium,0.631,lost,whatsapp,5249.47,2026-06-02T00:12:51.175565+00:00,
60e36359-391b-4332-86ee-304844a6a87f,3482c913-bf0b-4f3f-89a3-4601682431a3,50198290-926f-4a80-8e6e-7ede082fd2ea,medium,0.556,lost,whatsapp,9218.71,2026-08-14T14:04:51.175565+00:00,
25095bcb-5d66-4169-808a-4adcb3e09447,3da5d977-bf5c-474b-9e9f-135bcc27b52c,002c54b0-2142-4a12-aae4-323efe6e98a4,low,0.922,recovered,email,773.83,2026-06-04T06:21:51.175565+00:00,2026-06-04T22:21:51.175565+00:00
0936a1bb-6170-490e-86dc-7ed9d3942165,7b107ef8-c703-49bc-b820-af7ba8cbe029,d4b48648-9c69-4778-b429-52be5ccc6f90,medium,0.534,lost,whatsapp,2420.62,2026-07-04T12:00:51.175565+00:00,
9a4405c3-33cc-42f6-8cf9-868b9e72431a,af9d1e82-776d-4239-8a0b-5aa66254e623,14651ce8-3eeb-462a-beca-5015ab8ce4cc,medium,0.477,lost,whatsapp,2173.66,2026-07-10T11:19:51.175565+00:00,
d540767c-a4b9-459f-b496-abc1e57ec8f3,e95eea5b-49de-46a5-8ce7-e2e5716f334d,ab2a84cb-fbb2-4e24-945a-d337e5e53acc,low,0.754,recovered,email,968.11,2026-08-18T14:20:51.175565+00:00,2026-08-21T01:20:51.175565+00:00
1d67864f-9510-4fdd-89f9-04b34ed9d5a1,e952c00f-d6e9-4c6a-9b4e-604882503118,43c4152d-2f58-4f3b-9337-0d0ce42ff1c9,medium,0.529,lost,sms,1326.85,2026-08-05T22:01:51.175565+00:00,
15666ea3-a9c4-41ca-bd5b-dbd13b58e6d2,450bd47b-6e74-43d1-8a98-cea03ef1a250,22f703c7-d3df-41cb-9c60-71655c1559cf,medium,0.586,lost,sms,2146.43,2026-08-01T06:27:51.175565+00:00,
76de7a8c-4757-41fb-bae1-9248b0515b5b,9f0e41ff-f86c-4a9a-aa0a-e0a46597663c,71bbc011-1c69-4334-8424-35c5ee082dce,low,0.77,recovered,whatsapp,3765.42,2026-06-30T06:49:51.175565+00:00,2026-07-03T05:49:51.175565+00:00
f665ed8b-c7d0-4d08-b3ca-ce1c2134c4db,cda0596c-bb5d-4dcc-a9ce-91e9764f9638,ffba28d1-10e6-4b2f-8dc4-e356f48681dc,low,0.942,pending,email,1220.24,2026-08-21T22:33:51.175565+00:00,
de2ccfab-5ef9-42b2-94f1-05ffd410abad,e965d0a2-d578-49a4-b481-9beeea21f55a,b565f4b4-281e-4cc0-aa17-a1e9bf929715,medium,0.462,lost,sms,9698.63,2026-08-02T18:57:51.175565+00:00,
16deaf2b-8c5d-48ac-a970-f7c37ea25b21,2b8afb43-0ccf-4057-adb5-0ad5f7aa1fdc,7533f732-fddc-4598-a78d-05f96d20885e,high,0.277,lost,whatsapp,13896.24,2026-05-30T14:57:51.175565+00:00,
229ffdac-9b9c-4437-8e40-3604ffea068f,54929bb7-c89f-46bc-a061-ba008c71ec2b,79ae5119-9e08-439d-860e-8494066f997b,high,0.232,lost,whatsapp,4125.58,2026-06-25T02:59:51.175565+00:00,
fba58465-c891-42e9-87ea-8be7b37237ec,02c15030-3b6e-49f1-8dde-ceb40ce88daf,3fd4fde9-cc6c-4768-b7ce-c4cef4c4fa6f,medium,0.55,recovered,email,1551.18,2026-05-26T22:05:51.175565+00:00,2026-05-27T22:05:51.175565+00:00
e42a338d-1b3f-47b7-adab-6510cc3f36bd,92013dac-e89f-4ce3-933d-5ac56453a8e7,d51f8da2-3661-4677-808e-f4808b4a1af0,low,0.674,lost,email,5335.62,2026-07-24T02:45:51.175565+00:00,
f63da6e9-903d-46ce-b54a-61035072274c,8df6873c-143c-40b8-a700-043821800f7a,2a418cd0-5e41-4e67-83a8-f3ada2fa9bd8,medium,0.508,contacted,whatsapp,3112.78,2026-08-20T05:14:51.175565+00:00,
19b8b431-80ae-4f7b-a3db-0d3f088ac2c3,fa8b3902-2f79-4ec3-992b-c256c0fd947a,a5de9ca6-f79d-44cb-8613-05e2a1177911,low,0.954,recovered,email,1449.02,2026-06-17T04:51:51.175565+00:00,2026-06-18T07:51:51.175565+00:00
3093c844-04fe-47ea-80e2-7370e3586e49,974e9257-0df4-4868-b4ec-c04cd3e16d24,be1246c8-4a4c-437f-9d0e-28c380371e66,low,0.761,recovered,whatsapp,1732.98,2026-06-22T11:02:51.175565+00:00,2026-06-23T18:02:51.175565+00:00
3b7ef381-9a65-4e9c-88bb-b12234a1c1a3,2773ec58-1499-4347-9ca8-4e04450f798f,dfa1c403-6af6-40e6-9b4f-746de60ea239,low,0.813,recovered,whatsapp,663.27,2026-07-09T08:04:51.175565+00:00,2026-07-09T17:04:51.175565+00:00
387b388f-acad-4eae-9075-849131419adc,8e790598-6392-4323-b0ea-2d5171418140,d297764a-9e44-4e83-bb7d-f42d326071aa,medium,0.613,recovered,email,908.57,2026-06-22T16:19:51.175565+00:00,2026-06-23T22:19:51.175565+00:00
3e34ef1c-c1bf-4993-afe8-275939d078cc,ce1fc910-a744-479d-b029-d8e45415a332,23c4ad53-febc-4d74-84b1-5ea054e0249a,medium,0.525,lost,whatsapp,8640.78,2026-06-12T09:01:51.175565+00:00,
e61db69a-bbd7-4dd2-bcfa-551047412cfe,1e9936a4-aae0-41e2-a0bf-6e64194e8795,cb2e555b-f079-4301-a494-1188c9ec6e2c,low,0.804,lost,sms,4232.01,2026-06-16T22:57:51.175565+00:00,
5eceeef1-6e83-42c6-8a5b-3386852a714f,5a3f07d5-56b0-48f2-b459-701ed3604493,66549f5d-9607-44ce-8c36-b23af8105dea,medium,0.572,lost,whatsapp,931.96,2026-06-26T01:36:51.175565+00:00,
845bac4a-0fde-4151-bbcf-da8618bb42be,f4872056-ebe9-4cf9-be1a-4cea1f3693e2,5baeed39-8777-481c-92a2-0796785d1471,medium,0.464,contacted,sms,1958.59,2026-08-21T01:39:51.175565+00:00,
1064e20f-5360-4e00-867c-3af2ef1569b3,fdb0ed74-7b3b-4477-98fb-bdca5c8d11c6,65132093-69ca-47e6-9e84-d1db089f1fd7,low,0.65,recovered,whatsapp,2802.85,2026-06-02T15:14:51.175565+00:00,2026-06-04T03:14:51.175565+00:00
be50a17b-3b77-4c51-8838-3a6bfbd62352,8ab9ac05-fdd1-432c-ad10-e51e2db3c2bb,2e2c3590-8172-41ab-a608-7e9c54a957f7,low,0.713,recovered,email,6129.93,2026-05-27T03:14:51.175565+00:00,2026-05-28T14:14:51.175565+00:00
0346f305-4341-4df9-898d-ac876aa58926,14331d7e-52fd-4d36-afd1-b67c8e1c2729,906dad32-2b0e-44cc-9a2a-bc17c02e3e23,low,0.808,recovered,email,835.94,2026-06-06T19:20:51.175565+00:00,2026-06-07T09:20:51.175565+00:00
bd603661-1f23-4ef9-a1bb-a3a70c8d7ab6,a25ff29b-bedc-41db-aa8b-03e98005f464,62c38725-37cb-49ec-8eba-a1bca63698b3,medium,0.531,recovered,whatsapp,3651.46,2026-07-31T13:57:51.175565+00:00,2026-08-02T17:57:51.175565+00:00
72d7a257-e903-46b3-92c4-a067fd4c1b79,50e9f79a-66fe-44de-b8ef-a78ecf5cc941,b46ea224-a8b9-4abe-bd49-e39be4d094fb,medium,0.445,recovered,email,1460.85,2026-06-13T16:47:51.175565+00:00,2026-06-15T19:47:51.175565+00:00
ca3dd91f-8380-4a9e-9be7-74254db97c7a,4d4444ad-63eb-4ca9-ac45-63d97160fe95,509f9b10-7a57-4ce8-99f0-1fbb61e9c87f,medium,0.521,recovered,whatsapp,1747.75,2026-07-31T01:41:51.175565+00:00,2026-08-01T14:41:51.175565+00:00
dc9fd33d-3c30-43e2-a34e-ba481448b19a,f4a0910b-0a30-42cd-aad1-192165ec77b0,aeab0398-f240-41a8-afb6-1e9c2dd2f7bb,medium,0.575,lost,voice_call,5242.47,2026-06-15T05:40:51.175565+00:00,
5dd27533-0ddb-4750-b846-fabe0854bc6a,1888a3f5-50f6-4d42-a0e2-0289f140077b,1e6a6988-bad1-43d6-845b-5206dbc56365,low,0.778,recovered,email,713.64,2026-07-21T14:04:51.175565+00:00,2026-07-22T14:04:51.175565+00:00
0c95e985-4c4a-43e9-8470-a8ecd15d7396,4676ed07-10bc-4b05-be60-ccb0364eceea,f6457d0a-c0e2-4d59-9e49-a287895b5148,low,0.881,recovered,sms,3964.26,2026-07-25T06:34:51.175565+00:00,2026-07-27T04:34:51.175565+00:00
6602a94f-39a7-426c-9521-475f3c1430a9,3a5f403f-cc7c-405e-8352-431c6255398a,09902661-86be-4181-a4ba-32b2ea0d0c68,high,0.198,lost,whatsapp,7468.93,2026-08-04T02:00:51.175565+00:00,
abc40a82-482e-40c1-89b8-fc73c0c5f04c,887b69b3-cd4c-41e6-9e8d-1072edcd107a,c53df7e7-5bc6-440b-8472-91e69cc4c266,low,0.827,recovered,email,3048.04,2026-08-02T13:23:51.175565+00:00,2026-08-05T06:23:51.175565+00:00
28e84d80-535f-4a0e-9477-7517cfecec91,ea34fcdb-6393-4b67-bbae-3a17a3ef7b87,c071d57d-3415-4ed4-8c6e-0b6f94192347,low,0.876,recovered,whatsapp,1354.29,2026-07-12T10:39:51.175565+00:00,2026-07-13T17:39:51.175565+00:00
774e3e67-e44d-445c-a7c3-8e9f144baa11,f49a050c-eedd-4933-9854-753641d32a32,03efb5fe-57ab-4043-9a9b-25ead48f18bc,medium,0.561,recovered,voice_call,3287.06,2026-06-07T14:56:51.175565+00:00,2026-06-08T16:56:51.175565+00:00
b150ccf9-7288-4b47-9623-23d7c465947b,9454793f-3e8a-4743-b22d-76626b2d8728,82d65d06-1246-434f-a494-9645a6c907a2,medium,0.451,lost,sms,1729.07,2026-06-06T01:30:51.175565+00:00,
c4c50733-5c5e-49f8-9d97-c2a39e030c6b,f13cd3f7-cb9d-41e9-9b78-424c082c9b5c,0547aaf9-2d1e-4dd0-9315-e124d1981194,low,0.807,recovered,whatsapp,2805.98,2026-06-12T10:42:51.175565+00:00,2026-06-13T19:42:51.175565+00:00
4c7738de-4347-4420-b702-17315126c989,4f0d3d5e-7ec9-4ac6-a19e-a2d6de31c47e,20cfee06-50c9-44ac-9453-edd635dab77a,high,0.333,lost,voice_call,1188.43,2026-07-29T18:41:51.175565+00:00,
c73006d6-cdbd-48b8-bc49-0a005c5998ed,b894952a-86df-4995-974e-b2092806ad70,d1e33816-f6a2-41e1-8f96-db8189efaa0b,low,0.703,recovered,sms,2496.02,2026-05-31T00:39:51.175565+00:00,2026-06-02T08:39:51.175565+00:00
8fa23f8c-7db1-43d7-8901-11dd76d53edf,9b99b55d-dda6-4cfa-9fce-ace25a4c3e1a,9618a4e9-7aae-4b29-b154-e6b47508741f,high,0.208,lost,whatsapp,3190.82,2026-07-25T10:31:51.175565+00:00,
7ebdbe56-4389-47d4-b95f-c8926bdd4335,0bd478b2-23bd-40db-9ae6-b3303865d43c,0fb8543b-881c-4b13-b29c-261721f87345,low,0.717,recovered,sms,2935.08,2026-06-23T17:03:51.175565+00:00,2026-06-25T21:03:51.175565+00:00
a8f9e2a3-d2fb-4ca7-992e-9276c6878a20,f15967df-775e-49b1-9579-74c4843dd2ae,c07b383a-ec60-41a8-8048-efe668aba23d,medium,0.588,recovered,email,2337.25,2026-05-29T05:47:51.175565+00:00,2026-05-31T21:47:51.175565+00:00
52a5ad63-1d12-492b-9222-0f8d7aa64050,9c235dbf-491a-4daa-a112-5adcc170b0e1,12fecdc4-4f46-4ecb-8fc5-6bcda275e9b5,low,0.769,recovered,email,797.69,2026-07-25T08:49:51.175565+00:00,2026-07-28T03:49:51.175565+00:00
f36bf591-a4b0-4197-9fef-3c088af28543,911480e5-08aa-44f0-b11f-59766f2259e8,d093347f-7266-4afe-b51e-7e5c35604c1a,low,0.899,recovered,email,2329.38,2026-06-04T23:16:51.175565+00:00,2026-06-07T04:16:51.175565+00:00
9b00d9aa-fffc-410f-8682-b6058762caf7,c179b789-61bb-414d-88c3-c18bc12abac5,884828df-1fa0-4089-ba5a-b4011f0689a3,high,0.331,contacted,voice_call,6413.68,2026-08-22T10:22:51.175565+00:00,
bdca1299-a563-47b0-a807-c9b1d69a1548,3af86596-db9b-4f89-9753-cc71e312d342,2fa8c013-c937-4053-89bc-00c9ed79a019,low,0.691,recovered,email,600.12,2026-06-18T21:07:51.175565+00:00,2026-06-21T09:07:51.175565+00:00
15f22571-b70a-470c-94e8-c0f18b477893,6e8c9473-6fdc-4e92-84f5-72a83d1fe81c,8bfefe99-0974-499f-87a3-c4a8ff6d7082,medium,0.406,lost,whatsapp,5136.51,2026-07-22T07:40:51.175565+00:00,
ab21a58c-f6c1-49f4-8fbc-14c968d09c44,1f10b46a-43f4-433f-8f69-19b7a68be516,f5b2c7e7-3209-4b44-9bdf-ccf33f174ef0,medium,0.546,recovered,sms,3023.16,2026-08-17T13:27:51.175565+00:00,2026-08-19T11:27:51.175565+00:00
62582572-d4c2-4301-b380-c410e613e64a,1cb61b4e-ca09-443c-a0ca-740dcfb7ca2f,ea130456-c9dd-41b7-923c-5f08fa54b98a,high,0.27,lost,whatsapp,22330.45,2026-07-24T08:42:51.175565+00:00,
1ca73221-1005-4cdd-9e54-0b9b7cf84a86,980d7799-b5d8-4153-8690-15f89d9aac72,6ae72910-5e5d-49d9-ad52-83f34077615e,low,0.708,recovered,sms,3011.04,2026-05-29T21:06:51.175565+00:00,2026-06-01T00:06:51.175565+00:00
cb081979-25f2-4403-afb8-2af8365f15cb,164dd0f6-079c-4152-b247-88744c77bfeb,ffa6e231-9590-4c9b-97f6-96e32407ca96,low,0.816,lost,whatsapp,1263.0,2026-06-21T10:09:51.175565+00:00,
202f462c-8533-4abb-9a00-9b9219cfac5c,ddc0099d-f85c-4d8c-b5b9-50942e4f7d80,a3b3bdc1-0f72-43b1-9d0c-c9f125524178,low,0.65,recovered,voice_call,4552.53,2026-06-22T14:01:51.175565+00:00,2026-06-23T10:01:51.175565+00:00
a91cbd90-fa4e-443d-b179-eeb708d9f453,baf766f9-8a33-41ca-9aed-c3007f2ec477,31969d96-1827-494c-887b-3ba40cf11f9c,low,0.827,recovered,email,1542.29,2026-08-17T18:58:51.175565+00:00,2026-08-20T18:58:51.175565+00:00
56cdd28f-4c30-4bc9-8a17-402868c2af4f,5fe19e46-67f8-4b93-a134-2c4bb2c20917,2e64ad6d-cc90-478b-89e9-1f4b88c34ab7,medium,0.437,lost,whatsapp,6866.11,2026-06-03T16:48:51.175565+00:00,
3bd09968-3620-46c0-8403-6f7c2729f6ef,1fa8502c-1b18-4395-864f-4c4bf463b0c5,6f0e8380-7c9c-4249-a01f-8c540248d4a4,low,0.82,recovered,email,1525.45,2026-07-28T00:54:51.175565+00:00,2026-07-29T20:54:51.175565+00:00
af0a16f9-0ccf-4f07-bae9-aa6efdd7a9d7,92013dac-e89f-4ce3-933d-5ac56453a8e7,30ecf4ac-f4da-498e-826d-d3a8a9c32a57,low,0.847,recovered,email,1950.73,2026-07-02T08:35:51.175565+00:00,2026-07-02T18:35:51.175565+00:00
fa9f4540-cdd0-4088-b770-3959aaaf1a05,c12c297c-1ca1-4f72-9e90-595b9e52add3,a6161d78-f691-4d94-9064-355dc682a9bc,low,0.917,recovered,email,2419.66,2026-07-28T12:26:51.175565+00:00,2026-07-29T12:26:51.175565+00:00
5398040f-90d9-4eea-a76a-4d04c821a89c,1b31b2c1-53ec-4193-93e6-d710e5416504,89882cc6-030f-4605-8a36-98523d5cf8b3,low,0.843,recovered,email,1693.48,2026-06-20T22:46:51.175565+00:00,2026-06-23T02:46:51.175565+00:00
bc358b97-0b4a-4024-aa0d-ce3bf6027e2b,ddb3efc9-c7e2-4677-a414-e5c9f30ad6b4,d6471087-cef5-4380-bfa4-cb6a35695ad5,medium,0.491,recovered,email,5531.03,2026-08-04T10:57:51.175565+00:00,2026-08-06T01:57:51.175565+00:00
3e8563ad-2d86-4a4e-8939-db9b7865281f,b9dbe1d4-8949-4bed-ab60-87421378d40a,1e9998e6-9071-47d3-82f6-d88aa03a44ae,low,0.678,recovered,whatsapp,908.82,2026-07-01T14:49:51.175565+00:00,2026-07-04T04:49:51.175565+00:00
358b339d-4711-445f-85df-b0cd68a46efb,2f32dab7-2149-4372-89f7-500fe69bd50b,0e289f6f-4d15-4734-8b75-ca5fe716bd6f,medium,0.627,lost,whatsapp,592.32,2026-07-13T17:47:51.175565+00:00,
75cfbbaf-38bd-4a4a-a7f7-d48246336fbb,aa877417-3bd2-47e9-b85f-fff761ab3bb6,3d49285b-2b46-4455-a516-944bd4cf6238,high,0.266,recovered,email,2956.96,2026-05-28T10:39:51.175565+00:00,2026-05-31T01:39:51.175565+00:00
405c8a31-02e7-4b97-af3a-8a009a0d7821,27e6db7e-7201-4888-8037-8aa962a42983,d4e5e0e1-d210-495d-b179-5ace9ccfc2d3,low,0.792,recovered,sms,3289.05,2026-07-19T14:34:51.175565+00:00,2026-07-20T11:34:51.175565+00:00
408846e8-a1f2-4072-9a8a-6a5fe81188bc,b892122a-ae0d-42cf-b887-4e5a581771bd,63da2e78-4237-4094-98b4-e45ece98b05d,low,0.803,recovered,whatsapp,2479.14,2026-08-01T02:08:51.175565+00:00,2026-08-01T08:08:51.175565+00:00
188b53fb-0128-4a36-bdd0-87b65bb5dd70,eb0efeeb-32c4-472c-b064-9082900d80ba,d161d221-76bd-4b8f-b57c-3a74169ccee5,low,0.706,recovered,email,1414.69,2026-07-19T21:00:51.175565+00:00,2026-07-20T18:00:51.175565+00:00
f0033aef-8fa7-4a18-92fd-191df4b0a856,6626b78b-1ab7-4f08-a4c2-497f1211b479,8161904c-1fea-4ff1-bb17-daacae44ee12,low,0.723,recovered,sms,3281.17,2026-05-30T09:41:51.175565+00:00,2026-06-02T00:41:51.175565+00:00
070f7773-3d1e-439f-b6ee-2ba0686ff9fe,2d633e88-a3e3-47d5-8503-26cc7cc15b52,b046dc4a-1eb7-440b-8bd5-4d4f16d6d0bf,low,0.721,recovered,email,4634.61,2026-08-09T03:46:51.175565+00:00,2026-08-10T15:46:51.175565+00:00
a6e92700-af40-48df-bff3-8e1e863c83b6,494cb4ed-0237-4d15-a8d3-2ca487f3ff30,711eba8d-23e3-48b1-8eeb-0574ab4e7466,low,0.725,lost,sms,1451.55,2026-06-07T17:55:51.175565+00:00,
ef939bba-e9de-46f3-b4de-bb4e5ce22c0b,82c1ba09-2065-42ca-86b0-52dc0b39a52a,5b3d65b6-a135-474b-9468-0976c14baa57,high,0.313,lost,voice_call,11691.3,2026-05-25T06:40:51.175565+00:00,
69f7e94f-01f2-41ee-ae02-cfb14138393a,ec4786c8-ad9a-4b9a-b0ae-0d63ef326b97,2c6eb882-9d1a-44b9-9d50-15b25c63951a,low,0.96,recovered,whatsapp,2210.44,2026-07-13T14:58:51.175565+00:00,2026-07-15T15:58:51.175565+00:00
5966f446-d2ad-42db-89e0-612692454fb5,444b9c26-6a06-44eb-9ab9-756e15cf769b,6d50e7b8-50fb-4c45-933b-2d9a49ba1ab5,medium,0.589,recovered,email,3583.52,2026-05-31T00:13:51.175565+00:00,2026-06-01T19:13:51.175565+00:00
90cd1004-7935-47f5-83d1-602eaf269adc,28089cdf-791f-45ec-9f57-c96117d455ea,b2cd1477-1a67-4572-b81c-85911e8781d3,medium,0.587,lost,sms,1990.89,2026-07-06T04:40:51.175565+00:00,
cfa56697-019f-475e-b893-539fb81079e4,0275f4eb-cb1f-477d-896b-e55e2cb0b3bb,6301bcba-ff30-4d71-934f-6bacd11381e4,medium,0.598,recovered,whatsapp,4314.75,2026-07-20T20:55:51.175565+00:00,2026-07-21T18:55:51.175565+00:00
829c45d5-d49b-40ea-a66b-4c8f3b6fbb37,051e0310-d74a-444c-903b-b18d1577898e,cbf7fc0a-1c80-439f-be2d-f22be05f7fc0,medium,0.514,lost,email,1825.34,2026-07-17T01:16:51.175565+00:00,
55194b33-7e88-44d6-b641-74f4c3b9683a,e0fda32d-206d-4207-b9db-07de93e4d7b2,922d69c4-37cf-4cae-b6d5-6d61279340f5,medium,0.592,recovered,sms,520.11,2026-07-29T13:55:51.175565+00:00,2026-07-31T18:55:51.175565+00:00
60a01561-b0d2-4e0d-926c-54c71e77c23a,86e741a9-d3c9-480e-96d8-d38e37f90ca3,bdab602d-de16-4691-94ff-824ecad2b528,low,0.889,recovered,email,875.56,2026-06-18T19:37:51.175565+00:00,2026-06-20T07:37:51.175565+00:00
f81ffe9c-288c-42b8-990d-1472da1b6f07,3a2f3a04-dd0f-46f7-ad1d-552bbc2ba34e,7c0b7058-aeb2-402c-a149-296ac553abda,low,0.699,recovered,email,3686.45,2026-07-11T23:48:51.175565+00:00,2026-07-12T03:48:51.175565+00:00
cdcb50be-c783-4fdf-bf7a-f2f0f9eba21a,3b204458-cf2f-41dd-9114-415229d96e55,fd84248a-a8fa-4792-ad45-905fde839412,low,0.785,recovered,email,2093.73,2026-06-14T04:30:51.175565+00:00,2026-06-14T08:30:51.175565+00:00
4719839c-6585-4e31-9a3c-e20ffa7b5055,87d62082-a8ec-416f-a539-ab8354b4621b,aaf5f14b-da38-42a6-a1c9-68908671ef61,low,0.96,recovered,email,1947.5,2026-07-06T04:28:51.175565+00:00,2026-07-08T22:28:51.175565+00:00
42fa02ff-f92a-4888-b998-c538c423f7ae,e7783449-b308-4a3a-ba18-40b54123b49f,11e3c9cf-b7cd-4c6e-8eb4-0b69265e3bdc,low,0.746,recovered,sms,499.0,2026-07-13T08:09:51.175565+00:00,2026-07-14T22:09:51.175565+00:00
5e7d2dd3-a362-4acf-a2e1-4ffc5614e99b,f1c41ddc-8eb1-4a1c-8c8a-baa9a13a2274,afb0e532-48ba-49b0-9d90-b568592d0d68,low,0.867,recovered,sms,4776.01,2026-06-28T03:07:51.175565+00:00,2026-06-30T11:07:51.175565+00:00
6bb3ef5e-96d7-4d36-933e-ac75f3351477,030ce76d-c246-4e7b-a4ce-2ecb23ddfdfb,761dda28-636f-4d4c-a4f5-5eead1d61700,high,0.29,lost,whatsapp,3903.64,2026-06-30T02:53:51.175565+00:00,
7d58242b-6939-4c7e-988a-8d425a90c260,7c43f147-c520-4b93-9c6c-a48b9d832500,9cb0d428-3fa7-406e-96b9-9d18425906cd,medium,0.463,lost,email,1445.01,2026-07-13T09:35:51.175565+00:00,
e4b0216e-a321-4cee-a066-01702f77c80c,673b76f6-8ad9-448c-9208-d15a115462e5,586918b9-2d07-48e7-bab5-d0d234a23057,medium,0.602,lost,email,1071.4,2026-07-23T02:23:51.175565+00:00,
99b625ae-6637-4e2f-8694-49808abf54e1,e7f0fa44-1ee4-454f-8407-59e5711cdf6f,4ae3154a-b67c-44e9-954d-e37d0a81f412,low,0.763,lost,whatsapp,14241.16,2026-06-02T03:19:51.175565+00:00,
134f7941-ab4e-4788-97fb-38696185e9e2,63b8c6c4-3fe4-45e3-9ab6-7e189889a231,1c0b6879-b9cd-4d3e-9721-4b5f80b3376c,low,0.927,recovered,sms,1998.54,2026-08-15T23:38:51.175565+00:00,2026-08-18T20:38:51.175565+00:00
d825e5c3-9a3a-4209-b5af-de5388e471e1,044a57f8-3ccc-497d-9d1d-4015a8b4f4db,6963245d-45e6-419a-8bd5-27a4dd83f291,medium,0.636,recovered,email,2883.76,2026-07-02T23:52:51.175565+00:00,2026-07-05T16:52:51.175565+00:00
4fd7ac3f-55b4-4cca-b195-21d3376f4176,dba095f6-7dd2-492f-af12-f8ad1fae7b6c,3d06e8f2-90ab-4e85-bc83-ee8a706069ee,low,0.715,recovered,email,2840.96,2026-08-05T19:03:51.175565+00:00,2026-08-08T05:03:51.175565+00:00
553f85de-b663-43ff-93b0-8aa303fc1045,5efb4c91-eea8-4027-b0f5-5aed8fd44e5a,6fe4edbe-5b3d-4766-993b-b5cbae10b7a8,low,0.746,lost,voice_call,2614.61,2026-05-29T12:54:51.175565+00:00,
